/Users/aoxo/Library/Python/3.9/lib/python/site-packages/urllib3/__init__.py:35: NotOpenSSLWarning: urllib3 v2 only supports OpenSSL 1.1.1+, currently the 'ssl' module is compiled with 'LibreSSL 2.8.3'. See: https://github.com/urllib3/urllib3/issues/3020
  warnings.warn(
sins: zip=48  harvest_kept=10  target=1000  dedup_seeded=75
/Users/aoxo/Library/Python/3.9/lib/python/site-packages/insightface/utils/transform.py:68: FutureWarning: `rcond` parameter will change to the default of machine precision times ``max(M, N)`` where M and N are the input matrix dimensions.
To use the future default and silence this warning we advise to pass `rcond=None`, to keep using the old, explicitly pass `rcond=-1`.
  P = np.linalg.lstsq(X_homo, Y)[0].T # Affine matrix. 3 x 4
/Users/aoxo/Library/Python/3.9/lib/python/site-packages/urllib3/__init__.py:35: NotOpenSSLWarning: urllib3 v2 only supports OpenSSL 1.1.1+, currently the 'ssl' module is compiled with 'LibreSSL 2.8.3'. See: https://github.com/urllib3/urllib3/issues/3020
  warnings.warn(
sins: zip=48  harvest_kept=10  target=1000  dedup_seeded=75
/Users/aoxo/Library/Python/3.9/lib/python/site-packages/insightface/utils/transform.py:68: FutureWarning: `rcond` parameter will change to the default of machine precision times ``max(M, N)`` where M and N are the input matrix dimensions.
To use the future default and silence this warning we advise to pass `rcond=None`, to keep using the old, explicitly pass `rcond=-1`.
  P = np.linalg.lstsq(X_homo, Y)[0].T # Affine matrix. 3 x 4
Applied providers: ['CPUExecutionProvider'], with options: {'CPUExecutionProvider': {}}
find model: /Users/aoxo/.insightface/models/buffalo_l/1k3d68.onnx landmark_3d_68 ['None', 3, 192, 192] 0.0 1.0
Applied providers: ['CPUExecutionProvider'], with options: {'CPUExecutionProvider': {}}
find model: /Users/aoxo/.insightface/models/buffalo_l/2d106det.onnx landmark_2d_106 ['None', 3, 192, 192] 0.0 1.0
Applied providers: ['CPUExecutionProvider'], with options: {'CPUExecutionProvider': {}}
find model: /Users/aoxo/.insightface/models/buffalo_l/det_10g.onnx detection [1, 3, '?', '?'] 127.5 128.0
Applied providers: ['CPUExecutionProvider'], with options: {'CPUExecutionProvider': {}}
find model: /Users/aoxo/.insightface/models/buffalo_l/genderage.onnx genderage ['None', 3, 96, 96] 0.0 1.0
Applied providers: ['CPUExecutionProvider'], with options: {'CPUExecutionProvider': {}}
find model: /Users/aoxo/.insightface/models/buffalo_l/w600k_r50.onnx recognition ['None', 3, 112, 112] 127.5 127.5
set det-size: (640, 640)
identity centroid from /Users/aoxo/vscode/e85/target/sins.zip
DDG search: 15 queries x 100
LAION-5B search: 6 queries x 100
  LAION fail 'johnny sins portrait': HTTPSConnectionPool(host='knn5.laion.ai', port=443): Max retries exceeded with url: /knn-service (Caused by NewConnectionError("HTTPSConnection(host='knn5.laion.ai', port=443): Failed to establish a new connection: [Errno 60] Operation timed out"))
  LAION fail 'johnny sins face photo': HTTPSConnectionPool(host='knn5.laion.ai', port=443): Max retries exceeded with url: /knn-service (Caused by NewConnectionError("HTTPSConnection(host='knn5.laion.ai', port=443): Failed to establish a new connection: [Errno 60] Operation timed out"))
  LAION fail 'johnny sins bald head': HTTPSConnectionPool(host='knn5.laion.ai', port=443): Max retries exceeded with url: /knn-service (Caused by NewConnectionError("HTTPSConnection(host='knn5.laion.ai', port=443): Failed to establish a new connection: [Errno 60] Operation timed out"))
  LAION fail 'johnny sins interview': HTTPSConnectionPool(host='knn5.laion.ai', port=443): Max retries exceeded with url: /knn-service (Caused by NewConnectionError("HTTPSConnection(host='knn5.laion.ai', port=443): Failed to establish a new connection: [Errno 60] Operation timed out"))
  LAION fail 'johnnysins instagram': HTTPSConnectionPool(host='knn5.laion.ai', port=443): Max retries exceeded with url: /knn-service (Caused by NewConnectionError("HTTPSConnection(host='knn5.laion.ai', port=443): Failed to establish a new connection: [Errno 60] Operation timed out"))
  LAION fail 'johnny sins meme': HTTPSConnectionPool(host='knn5.laion.ai', port=443): Max retries exceeded with url: /knn-service (Caused by NewConnectionError("HTTPSConnection(host='knn5.laion.ai', port=443): Failed to establish a new connection: [Errno 60] Operation timed out"))
Bing crawl: 15 queries x 100
2026-08-29 20:40:14,219 - INFO - icrawler.crawler - start crawling...
2026-08-29 20:40:14,219 - INFO - icrawler.crawler - starting 1 feeder threads...
2026-08-29 20:40:14,221 - INFO - feeder - thread feeder-001 exit
2026-08-29 20:40:14,221 - INFO - icrawler.crawler - starting 1 parser threads...
2026-08-29 20:40:14,221 - INFO - icrawler.crawler - starting 2 downloader threads...
2026-08-29 20:40:14,918 - INFO - parser - parsing result page https://www.bing.com/images/async?q=johnny sins portrait&first=0
2026-08-29 20:40:15,473 - INFO - downloader - image #1	https://wallpapers.com/images/hd/johnny-sins-pastel-filter-359stlklvh8c67zc.jpg
2026-08-29 20:40:15,868 - INFO - downloader - image #2	https://imgcdn.stablediffusionweb.com/2025/1/22/4c982f19-a718-4ff9-92c8-c1b324f1e3fb.jpg
2026-08-29 20:40:16,068 - INFO - downloader - image #3	https://imgcdn.stablediffusionweb.com/2024/10/10/cbdeab8e-40fe-415f-b931-47b94bb6c813.jpg
2026-08-29 20:40:16,158 - INFO - downloader - image #4	https://imgcdn.stablediffusionweb.com/2025/1/22/7f9b74bf-718f-4b5a-9d58-4dd1c0b53454.jpg
2026-08-29 20:40:16,232 - INFO - downloader - image #5	https://wallpapers.com/images/hd/johnny-sins-artwork-x35i7db6bypcn1gi.jpg
2026-08-29 20:40:16,418 - INFO - downloader - image #6	https://imgcdn.stablediffusionweb.com/2024/10/11/57834015-8f91-42c5-b4c4-3cbe36f9bbb3.jpg
2026-08-29 20:40:16,627 - INFO - downloader - image #7	https://wallpapersok.com/images/hd/smiling-portrait-of-johnny-sins-0hlr7xbb3sx3drnh.jpg
2026-08-29 20:40:16,825 - INFO - downloader - image #8	https://imgcdn.stablediffusionweb.com/2025/1/24/478d424d-c85b-40d6-bbf8-281ea0cafd36.jpg
2026-08-29 20:40:17,008 - INFO - downloader - image #9	https://imgcdn.stablediffusionweb.com/2025/1/27/9e1c2331-aa40-4c4e-a1c4-1dbe544f5315.jpg
2026-08-29 20:40:17,190 - INFO - downloader - image #10	https://imgcdn.stablediffusionweb.com/2025/1/27/2613a1e6-7ee3-4395-b2a4-1e9ae6adee02.jpg
2026-08-29 20:40:17,270 - INFO - downloader - image #11	https://imgcdn.stablediffusionweb.com/2025/1/24/30a5e5a6-f1c2-4c70-a8cb-8d6668a8435e.jpg
2026-08-29 20:40:17,343 - INFO - downloader - image #12	https://wallpapers.com/images/hd/johnny-sins-tearing-shirt-tw0ott4omlhnjyk1.jpg
2026-08-29 20:40:17,462 - INFO - downloader - image #13	https://wallpapers.com/images/hd/johnny-sins-and-roles-9o8lzgri4e0flfks.jpg
2026-08-29 20:40:18,321 - INFO - downloader - image #14	https://www.dpzone.in/wp-content/uploads/3/Johnny-Sins-PFP-7.jpg
2026-08-29 20:40:18,399 - INFO - downloader - image #15	https://wallpapers.com/images/hd/johnny-sins-at-convention-dmrg32u5m6tuw1s0.jpg
2026-08-29 20:40:19,255 - INFO - downloader - image #16	https://imgcdn.stablediffusionweb.com/2025/1/9/35f17a6b-027c-4c84-9875-c95cc3704fb2.jpg
2026-08-29 20:40:19,337 - INFO - downloader - image #17	https://imgcdn.stablediffusionweb.com/2025/1/9/ad893656-69de-4c2f-9a65-ca1d1e3ae707.jpg
2026-08-29 20:40:19,340 - INFO - downloader - image #18	https://hdnicewallpapers.com/images/file/doctor-johnny-sins-6vleyqyzdu5tcn5c.jpg
2026-08-29 20:40:19,411 - INFO - downloader - image #19	https://imgcdn.stablediffusionweb.com/2025/3/20/a01ebc27-c88d-496f-b31f-f0f816a510c2.jpg
2026-08-29 20:40:19,421 - INFO - downloader - image #20	https://wallpapers.com/images/hd/johnny-sins-jojo-meme-l53d7qepl3u296d0.jpg
2026-08-29 20:40:19,671 - INFO - downloader - image #21	https://imgcdn.stablediffusionweb.com/2024/4/14/f01a50f2-f288-47ca-889a-8ec02900b1cb.jpg
2026-08-29 20:40:19,880 - INFO - downloader - image #22	https://imgcdn.stablediffusionweb.com/2025/3/20/099fa6b2-890f-4317-a5f3-909cbe530821.jpg
2026-08-29 20:40:20,122 - ERROR - downloader - Response status code 401, file https://images-wixmp-ed30a86b8c4ca887773594c2.wixmp.com/f/c830d462-1fd7-427c-a1a8-308a40b5d4ed/dcb59es-7aef9207-c824-40d0-8489-4c3afc0e657e.jpg
2026-08-29 20:40:20,158 - INFO - downloader - image #23	https://ih1.redbubble.net/image.2382029264.6138/flat,750x1000,075,t.jpg
2026-08-29 20:40:20,284 - INFO - parser - parsing result page https://www.bing.com/images/async?q=johnny sins portrait&first=20
2026-08-29 20:40:20,292 - INFO - downloader - image #24	https://imgcdn.stablediffusionweb.com/2025/1/27/5838076a-b0d4-44d1-93cc-0511ff9306c7.jpg
2026-08-29 20:40:20,789 - INFO - downloader - image #25	https://64.media.tumblr.com/754fd8a173d3ef059b6d19be765585fa/d0f78e00f523ad16-f1/s540x810/40be0f4360c21bed158256cd470d8e7a2d020619.jpg
2026-08-29 20:40:21,163 - INFO - downloader - image #26	https://wallpapers.com/images/file/johnny-sins-showing-off-abs-h3b6p3ued8jususq.jpg
2026-08-29 20:40:21,241 - INFO - downloader - image #27	https://wallpapers.com/images/hd/johnny-sins-with-award-w6rkexvf56geckoe.jpg
2026-08-29 20:40:21,892 - INFO - downloader - image #28	https://i.pinimg.com/736x/34/13/ec/3413ecb70eaba3958a22c0bd3df68072.jpg
2026-08-29 20:40:23,618 - INFO - downloader - image #29	https://wallpapermotion.com/images/thumbnail/multifaceted-personality-johnny-sins-in-different-characteristic-roles-9o8lzgri4e0flfks.jpg
2026-08-29 20:40:23,705 - INFO - downloader - image #30	https://wallpapers.com/images/hd/johnny-sins-in-tweed-suit-svy4gv3vbk1vjlbt.jpg
2026-08-29 20:40:23,907 - INFO - downloader - image #31	https://imgcdn.stablediffusionweb.com/2025/3/20/147145b4-3ccd-4794-895e-42983f141793.jpg
2026-08-29 20:40:23,933 - INFO - downloader - image #32	https://starboard-media.s3.amazonaws.com/static/user/avatar-yZlgNegGG.jpg
2026-08-29 20:40:23,967 - INFO - downloader - image #33	https://i.pinimg.com/originals/8b/bf/53/8bbf539f11f3224c82a338cbabddfd18.jpg
2026-08-29 20:40:24,259 - INFO - downloader - image #34	https://images.teepublic.com/derived/production/designs/8777016_0/1585640625/i_m:pid_492,c_78_76_831x1108,bc_ffffff,ar_3x4,o_portrait,pm_4,s_630,q_90.jpg
2026-08-29 20:40:24,561 - INFO - downloader - image #35	https://ih0.redbubble.net/image.664756783.1475/flat,1000x1000,075,f.jpg
2026-08-29 20:40:24,922 - INFO - downloader - image #36	https://wallpapers.com/images/hd/topless-and-muscular-johnny-sins-g69u6wmwjrviav6j.jpg
2026-08-29 20:40:25,004 - INFO - downloader - image #37	https://imgcdn.stablediffusionweb.com/2024/10/5/9ac628cb-e48e-4662-8a00-af9ba5ef9bac.jpg
2026-08-29 20:40:25,068 - INFO - downloader - image #38	https://i.pinimg.com/736x/5a/75/72/5a75721acbb73a58462492ccb20e7968.jpg
2026-08-29 20:40:25,143 - INFO - downloader - image #39	https://wallpapers.com/images/hd/surprised-johnny-sins-55n883u40r8pnrzo.jpg
2026-08-29 20:40:25,220 - INFO - downloader - image #40	https://wallpapers.com/images/hd/johnny-sins-showing-off-green-screen-773oh2qvzu3jb0hj.jpg
2026-08-29 20:40:25,229 - INFO - downloader - image #41	https://wallpapers.com/images/hd/johnny-sins-dslr-selfie-ajxw8yiskr3j0vg5.jpg
2026-08-29 20:40:25,285 - INFO - parser - parsing result page https://www.bing.com/images/async?q=johnny sins portrait&first=40
2026-08-29 20:40:25,692 - INFO - downloader - image #42	https://wallpapers.com/images/hd/johnny-sins-commencement-speaker-tuvgdi9myydib8x1.jpg
2026-08-29 20:40:25,787 - ERROR - downloader - Response status code 401, file https://images-wixmp-ed30a86b8c4ca887773594c2.wixmp.com/f/5a40982e-6811-4a61-8af0-df14d1ac1896/dg7m69g-e68e2999-4776-4ac7-a6e6-552202cfc51c.jpg
2026-08-29 20:40:26,836 - INFO - downloader - image #43	https://wallpapers.com/images/hd/fully-suited-johnny-sins-tja2j9hb1g5jbsxd.jpg
2026-08-29 20:40:26,903 - INFO - downloader - image #44	https://i.pinimg.com/736x/cb/ec/e2/cbece2857114d45fe8de0f827640eb78.jpg
2026-08-29 20:40:27,009 - INFO - downloader - image #45	https://i.pinimg.com/736x/05/ce/61/05ce613b3cc0a3ee362d44e41cf192f8.jpg
2026-08-29 20:40:27,071 - INFO - downloader - image #46	https://imgcdn.stablediffusionweb.com/2025/1/3/a8c70d49-ce10-4683-bc63-97b2a847c34d.jpg
2026-08-29 20:40:27,130 - INFO - downloader - image #47	https://wallpapers.com/images/hd/johnny-sins-before-filming-cn39dxjdqsg46q4l.jpg
2026-08-29 20:40:27,163 - INFO - downloader - image #48	https://wallpapers.com/images/hd/johnny-sins-at-avn-awards-l3lbw03v8wpyzbkq.jpg
2026-08-29 20:40:27,228 - INFO - downloader - image #49	https://i.pinimg.com/736x/eb/62/45/eb6245926433ff1e047e8d1b4cf8c4c7.jpg
2026-08-29 20:40:27,468 - INFO - downloader - image #50	https://ih1.redbubble.net/image.4349026457.0617/fposter,small,wall_texture,product,750x1000.jpg
2026-08-29 20:40:27,544 - INFO - parser - parsing result page https://www.bing.com/images/async?q=johnny sins portrait&first=60
2026-08-29 20:40:27,958 - INFO - downloader - image #51	https://ih1.redbubble.net/image.664756783.1475/fcp,small,wall_texture,product,750x1000.u3.jpg
2026-08-29 20:40:28,027 - INFO - downloader - image #52	https://wallpapers.com/images/hd/johnny-sins-as-a-state-trooper-27o1uio5naqtbvc9.jpg
2026-08-29 20:40:28,886 - INFO - downloader - image #53	https://newspapers.ph/wp-content/uploads/2022/12/dwayne-sins.jpg
2026-08-29 20:40:28,965 - INFO - downloader - image #54	https://wallpapers.com/images/hd/johnny-sins-youtube-video-wmj4aty0v0wu8rrx.jpg
2026-08-29 20:40:29,175 - INFO - downloader - image #55	https://www.themoviedb.org/t/p/original/3z8iHWk3yi0ViLWY2uE4608b3Ds.jpg
2026-08-29 20:40:29,327 - ERROR - downloader - Response status code 403, file https://e0.pxfuel.com/wallpapers/793/711/desktop-wallpaper-johnny-sins-doctor-teacher-plumber-deliveryman-preacher-johnny-bhaiya-dentist-yoga-businessman-everything-astronaut-firefighter-cop-army-culprit-johnny-sins.jpg
2026-08-29 20:40:29,760 - INFO - downloader - image #56	https://i.pinimg.com/originals/21/00/f0/2100f00ff4b1c10f1f3106ce8f371959.jpg
2026-08-29 20:40:30,018 - INFO - downloader - image #57	https://wallpapers.com/images/hd/johnny-sins-with-beanie-yfpu5fwa5rpv1iol.jpg
2026-08-29 20:40:30,351 - INFO - downloader - image #58	https://www.kemifilani.ng/wp-content/uploads/2022/09/Johnny-Sins-net-worth.jpg
2026-08-29 20:40:30,851 - INFO - parser - parsing result page https://www.bing.com/images/async?q=johnny sins portrait&first=80
2026-08-29 20:40:32,026 - INFO - downloader - image #59	https://www.meme-arsenal.com/memes/3871ff5f46637758d28e1cfb18c54ddc.jpg
2026-08-29 20:40:32,137 - INFO - downloader - image #60	https://wallpapermotion.com/images/hd/johnny-sins-relaxing-at-home-krb90gclkelpi5ob.jpg
2026-08-29 20:40:32,725 - INFO - downloader - image #61	https://i.pinimg.com/originals/75/c9/10/75c9108343a1df2ddc709339bec19bc3.jpg
2026-08-29 20:40:32,920 - INFO - downloader - image #62	https://imgcdn.stablediffusionweb.com/2024/9/15/0da5d9a2-6b4e-4222-b9e6-8817ab3e945a.jpg
2026-08-29 20:40:33,023 - INFO - downloader - image #63	https://wallpapers.com/images/hd/johnny-sins-fan-photo-4ltrm6tv44ka0har.jpg
2026-08-29 20:40:33,103 - INFO - downloader - image #64	https://wallpapers.com/images/hd/psychedelic-rocker-johnny-sins-7w5ceizz5n1bxp7i.jpg
2026-08-29 20:40:33,875 - INFO - downloader - image #65	https://wallpapers.com/images/hd/young-johnny-sins-kx8znn500rlba14k.jpg
2026-08-29 20:40:34,312 - INFO - downloader - image #66	https://i.pinimg.com/originals/5e/a8/80/5ea8806cd41f36d9149d80b81ee8513c.jpg
2026-08-29 20:40:36,197 - INFO - downloader - image #67	https://starbio.in/wp-content/uploads/2019/02/Johnny-Sins.jpg
2026-08-29 20:40:37,114 - INFO - downloader - image #68	https://wallpapersok.com/images/thumbnail/johnny-sins-showing-off-green-screen-773oh2qvzu3jb0hj.jpg
2026-08-29 20:40:37,671 - INFO - downloader - image #69	https://i.redd.it/1164txiqgtn91.jpg
2026-08-29 20:40:39,345 - INFO - downloader - image #70	https://newspapers.ph/wp-content/uploads/2022/12/johnny-sins2.jpg
2026-08-29 20:40:39,437 - INFO - downloader - image #71	https://hdnicewallpapers.com/images/hd/johnny-sins-with-wife-us6fhh6om76wdr5v.jpg
2026-08-29 20:40:39,444 - INFO - downloader - image #72	https://i.pinimg.com/originals/3d/f7/27/3df72713085d7b0d3896684b381d4c73.jpg
2026-08-29 20:40:39,855 - ERROR - downloader - Response status code 403, file https://www.moyens.net/wp-content/uploads/2023/05/1682963289_Je-sais-quand-les-choses-sont-difficiles-Johnny-Sins-a.jpg
2026-08-29 20:40:40,566 - INFO - downloader - image #73	https://ih1.redbubble.net/image.4358856453.0646/poster,504x498,f8f8f8-pad,600x600,f8f8f8.jpg
2026-08-29 20:40:40,636 - INFO - downloader - image #74	https://images.perthnow.com.au/publication/C-14195434/6645e3ea782a95075a238329f8c03df34fa11837-16x9-x0y60w595h335.jpg
2026-08-29 20:40:40,995 - INFO - downloader - image #75	https://resize.indiatvnews.com/en/resize/newbucket/1200_-/2022/11/johnny-sins-1667412730.jpg
2026-08-29 20:40:41,123 - INFO - downloader - image #76	https://wallpapers.com/images/hd/johnny-sins-lifting-at-beach-mghn00ldzdyzzdo6.jpg
2026-08-29 20:40:41,682 - INFO - parser - no more page urls for thread parser-001 to parse
2026-08-29 20:40:41,683 - INFO - parser - thread parser-001 exit
2026-08-29 20:40:46,071 - ERROR - downloader - Exception caught when downloading file https://www.xlovecam.com/blog/wp-content/uploads/2024/01/1kbhw77nlzcr3jv8u2dsfpa-1024x576.jpg, error: HTTPSConnectionPool(host='www.xlovecam.com', port=443): Max retries exceeded with url: /blog/wp-content/uploads/2024/01/1kbhw77nlzcr3jv8u2dsfpa-1024x576.jpg (Caused by ConnectTimeoutError(<HTTPSConnection(host='www.xlovecam.com', port=443) at 0x16fc172b0>, 'Connection to www.xlovecam.com timed out. (connect timeout=5)')), remaining retry times: 2
2026-08-29 20:40:46,129 - INFO - downloader - no more download task for thread downloader-001
2026-08-29 20:40:46,130 - INFO - downloader - thread downloader-001 exit
2026-08-29 20:40:51,080 - ERROR - downloader - Exception caught when downloading file https://www.xlovecam.com/blog/wp-content/uploads/2024/01/1kbhw77nlzcr3jv8u2dsfpa-1024x576.jpg, error: HTTPSConnectionPool(host='www.xlovecam.com', port=443): Max retries exceeded with url: /blog/wp-content/uploads/2024/01/1kbhw77nlzcr3jv8u2dsfpa-1024x576.jpg (Caused by ConnectTimeoutError(<HTTPSConnection(host='www.xlovecam.com', port=443) at 0x16fc05a60>, 'Connection to www.xlovecam.com timed out. (connect timeout=5)')), remaining retry times: 1
2026-08-29 20:40:56,090 - ERROR - downloader - Exception caught when downloading file https://www.xlovecam.com/blog/wp-content/uploads/2024/01/1kbhw77nlzcr3jv8u2dsfpa-1024x576.jpg, error: HTTPSConnectionPool(host='www.xlovecam.com', port=443): Max retries exceeded with url: /blog/wp-content/uploads/2024/01/1kbhw77nlzcr3jv8u2dsfpa-1024x576.jpg (Caused by ConnectTimeoutError(<HTTPSConnection(host='www.xlovecam.com', port=443) at 0x16fae2f70>, 'Connection to www.xlovecam.com timed out. (connect timeout=5)')), remaining retry times: 0
2026-08-29 20:41:01,091 - INFO - downloader - no more download task for thread downloader-002
2026-08-29 20:41:01,092 - INFO - downloader - thread downloader-002 exit
2026-08-29 20:41:01,372 - INFO - icrawler.crawler - Crawling task done!
2026-08-29 20:41:02,400 - INFO - icrawler.crawler - start crawling...
2026-08-29 20:41:02,400 - INFO - icrawler.crawler - starting 1 feeder threads...
2026-08-29 20:41:02,401 - INFO - feeder - thread feeder-001 exit
2026-08-29 20:41:02,401 - INFO - icrawler.crawler - starting 1 parser threads...
2026-08-29 20:41:02,401 - INFO - icrawler.crawler - starting 2 downloader threads...
2026-08-29 20:41:03,066 - INFO - parser - parsing result page https://www.bing.com/images/async?q=johnny sins interview face&first=0
2026-08-29 20:41:03,650 - INFO - downloader - image #1	https://i.ytimg.com/vi/_RHTmeP6qf0/maxresdefault.jpg
2026-08-29 20:41:03,915 - INFO - downloader - image #2	https://i.ytimg.com/vi/rUGs148cans/oardefault.jpg
2026-08-29 20:41:04,109 - INFO - downloader - image #3	https://i.ytimg.com/vi/BG87A10_boQ/maxres2.jpg
2026-08-29 20:41:04,205 - INFO - downloader - image #4	https://i.ytimg.com/vi/-pnhGgpS6tA/hqdefault.jpg
2026-08-29 20:41:05,762 - INFO - downloader - image #5	https://www.iwmbuzz.com/wp-content/uploads/2019/03/bb-ki-vines-titu-mama-aka-bhuvan-bam-breaks-records-with-johnny-sins-interview.jpg
2026-08-29 20:41:05,969 - INFO - downloader - image #6	https://www.dpzone.in/wp-content/uploads/3/Johnny-Sins-PFP-7.jpg
2026-08-29 20:41:06,431 - INFO - downloader - image #7	https://i.ytimg.com/vi/0gmIJQI4dgY/oar2.jpg
2026-08-29 20:41:06,890 - INFO - downloader - image #8	https://i.ytimg.com/vi/DiMaSmREqZI/hqdefault.jpg
2026-08-29 20:41:07,396 - INFO - downloader - image #9	https://i.ytimg.com/vi/CtfJ9y7IeL4/maxresdefault.jpg
2026-08-29 20:41:07,885 - INFO - downloader - image #10	https://i.ytimg.com/vi/-7GvrEJtgvA/maxresdefault.jpg
2026-08-29 20:41:08,020 - INFO - downloader - image #11	https://www.meme-arsenal.com/memes/f90b3f601e8616253e2121debe00630f.jpg
2026-08-29 20:41:08,094 - INFO - downloader - image #12	https://i.pinimg.com/736x/19/03/b0/1903b0806ef2f0cd5fda3b5a9da57e7d.jpg
2026-08-29 20:41:08,548 - INFO - downloader - image #13	https://i.pinimg.com/originals/94/1f/a0/941fa0deca067e63bf11ab03cf704c1d.jpg
2026-08-29 20:41:08,580 - INFO - downloader - image #14	https://imgcdn.stablediffusionweb.com/2024/10/10/cbdeab8e-40fe-415f-b931-47b94bb6c813.jpg
2026-08-29 20:41:08,827 - ERROR - downloader - Response status code 403, file https://lifewithoutandy.com/wp-content/uploads/2019/09/johnnysinsbanner2-1.jpg
2026-08-29 20:41:08,885 - INFO - downloader - image #15	https://i.pinimg.com/736x/8b/bf/53/8bbf539f11f3224c82a338cbabddfd18.jpg
2026-08-29 20:41:09,063 - INFO - downloader - image #16	https://onlywikis.com/wp-content/uploads/2023/06/johnny-sins-height.jpg
2026-08-29 20:41:09,113 - INFO - downloader - image #17	https://i.pinimg.com/736x/a0/1a/b7/a01ab7d2cf0647c3691f95138074a4ad.jpg
2026-08-29 20:41:09,169 - INFO - downloader - image #18	https://i.pinimg.com/736x/5a/75/72/5a75721acbb73a58462492ccb20e7968.jpg
2026-08-29 20:41:10,011 - INFO - downloader - image #19	https://www.meme-arsenal.com/memes/e1446b5ad491c70fde18bbe1a4116206.jpg
2026-08-29 20:41:10,590 - INFO - parser - parsing result page https://www.bing.com/images/async?q=johnny sins interview face&first=20
2026-08-29 20:41:10,626 - INFO - downloader - image #20	https://i.ytimg.com/vi/r0UDfn1WKR8/hq2.jpg
2026-08-29 20:41:11,311 - INFO - downloader - image #21	https://wallpapermotion.com/images/hd/smiling-portrait-of-johnny-sins-0hlr7xbb3sx3drnh.jpg
2026-08-29 20:41:11,664 - INFO - downloader - image #22	https://wallpapers.com/images/hd/johnny-sins-wacky-selfie-qkwwxm0y83pqf8jp.jpg
2026-08-29 20:41:11,829 - INFO - downloader - image #23	https://i.kym-cdn.com/photos/images/original/001/004/469/5bb.jpg
2026-08-29 20:41:12,025 - INFO - downloader - image #24	https://wallpapers.com/images/hd/johnny-sins-during-interview-si2jry2t22t1lyac.jpg
2026-08-29 20:41:12,092 - INFO - downloader - image #25	https://i.pinimg.com/originals/47/34/89/473489f7b154c89fd81f5e4bc5421425.jpg
2026-08-29 20:41:12,460 - ERROR - downloader - Response status code 403, file https://e0.pxfuel.com/wallpapers/793/711/desktop-wallpaper-johnny-sins-doctor-teacher-plumber-deliveryman-preacher-johnny-bhaiya-dentist-yoga-businessman-everything-astronaut-firefighter-cop-army-culprit-johnny-sins.jpg
2026-08-29 20:41:14,641 - INFO - downloader - image #26	https://wikibio.in/wp-content/uploads/2019/02/Johnny-Sins.jpg
2026-08-29 20:41:15,063 - INFO - downloader - image #27	https://i.ytimg.com/vi/r0UDfn1WKR8/hqdefault.jpg
2026-08-29 20:41:15,607 - INFO - downloader - image #28	https://facts.net/wp-content/uploads/2023/10/22-astounding-facts-about-johnny-sins-1696433310.jpg
2026-08-29 20:41:15,685 - INFO - downloader - image #29	https://wikilifeng.com/contents/uploads/biographies/biography-1623--i-don-t-know-my-official-body-count-but-it-s-somewhere-around-2-500---adult-star-johnny-sins-reveals-photos--06012025.jpg
2026-08-29 20:41:15,690 - ERROR - downloader - Response status code 404, file https://i.ytimg.com/vi/rTQG_-CyDS4/hqdefault.jpg
2026-08-29 20:41:15,769 - INFO - downloader - image #30	https://wallpapers.com/images/hd/johnny-sins-youtube-video-wmj4aty0v0wu8rrx.jpg
2026-08-29 20:41:16,222 - INFO - parser - parsing result page https://www.bing.com/images/async?q=johnny sins interview face&first=40
2026-08-29 20:41:16,282 - INFO - downloader - image #31	https://i.ytimg.com/vi/qC2w94ICavY/maxresdefault.jpg
2026-08-29 20:41:16,387 - INFO - downloader - image #32	https://i.pinimg.com/736x/3c/98/06/3c98067502bd728c6a68b3dbaa5e2525.jpg
2026-08-29 20:41:16,877 - INFO - downloader - image #33	https://i.ytimg.com/vi/VqbO7kBsdvg/maxresdefault.jpg
2026-08-29 20:41:18,129 - INFO - downloader - image #34	https://manybackgrounds.com/images/hd/johnny-sins-with-award-w6rkexvf56geckoe.jpg
2026-08-29 20:41:18,363 - ERROR - downloader - Response status code 403, file https://external-preview.redd.it/an-interview-with-johnny-sins-the-most-hardworking-man-in-v0-ElIPoaT-KRMy0HiyiSo32XRfuSweVitAcS6byUI2hPA.jpg
2026-08-29 20:41:18,927 - INFO - downloader - image #35	https://i.ytimg.com/vi/CTOCDqjMvkI/maxresdefault.jpg
2026-08-29 20:41:18,971 - INFO - downloader - image #36	https://www.meme-arsenal.com/memes/54b2a48740c0a5b9cbf5f3aa60967d1a.jpg
2026-08-29 20:41:19,043 - INFO - downloader - image #37	https://i.pinimg.com/736x/be/4f/c5/be4fc5db3efb38e2030216bb0bef69c1.jpg
2026-08-29 20:41:19,858 - INFO - downloader - image #38	https://www.meme-arsenal.com/memes/688045faf988a11c162cdd56d3668d44.jpg
2026-08-29 20:41:19,942 - INFO - downloader - image #39	https://wallpapers.com/images/hd/johnny-sins-at-avn-awards-l3lbw03v8wpyzbkq.jpg
2026-08-29 20:41:20,279 - INFO - downloader - image #40	https://i.pinimg.com/736x/3b/46/f6/3b46f6451150f2a95ff7898bc9c4a610.jpg
2026-08-29 20:41:20,308 - INFO - parser - parsing result page https://www.bing.com/images/async?q=johnny sins interview face&first=60
2026-08-29 20:41:20,379 - INFO - downloader - image #41	https://wallpapers.com/images/hd/doctor-johnny-sins-6vleyqyzdu5tcn5c.jpg
2026-08-29 20:41:20,584 - INFO - downloader - image #42	https://artistsimages.b-cdn.net/johnny-sins/johnny-sins-1.jpg
2026-08-29 20:41:20,606 - ERROR - downloader - Response status code 403, file https://lifewithoutandy.com/wp-content/uploads/2019/09/johnnysinsbanner2-1-600x388.jpg
2026-08-29 20:41:20,774 - ERROR - downloader - Response status code 403, file https://lifewithoutandy.com/wp-content/uploads/2019/10/JohnnySins3-1.jpg
2026-08-29 20:41:21,037 - INFO - downloader - image #43	https://i.pinimg.com/originals/56/6a/99/566a99283df2450516135e7ce763ace5.jpg
2026-08-29 20:41:21,417 - INFO - downloader - image #44	https://i.ytimg.com/vi/b0rGSk3hsSQ/maxres2.jpg
2026-08-29 20:41:21,860 - INFO - downloader - image #45	https://i.ytimg.com/vi/Q_77SPX_bLg/hq2.jpg
2026-08-29 20:41:22,151 - INFO - downloader - image #46	https://i.pinimg.com/736x/97/17/61/97176124f11d782cdde6ae0099d261cc.jpg
2026-08-29 20:41:23,046 - INFO - downloader - image #47	https://globalwikibio.com/wp-content/uploads/2023/03/Johnny-Sins-WikiBiography.jpg
2026-08-29 20:41:23,077 - INFO - downloader - image #48	https://www.meme-arsenal.com/memes/4a9a1ff2b3496afcf4ad2dfc3e20cb54.jpg
2026-08-29 20:41:23,155 - INFO - downloader - image #49	https://i.ytimg.com/vi/7VHiTGjkIvQ/maxresdefault.jpg
2026-08-29 20:41:23,242 - INFO - downloader - image #50	https://i.pinimg.com/736x/cb/ec/e2/cbece2857114d45fe8de0f827640eb78.jpg
2026-08-29 20:41:23,301 - INFO - downloader - image #51	https://m.media-amazon.com/images/M/MV5BNzZhMDVmMjItZGIwYi00NzdiLWJkZjctNzQ5MzA4Njg4MDBhXkEyXkFqcGc@._V1_FMjpg_UX1000_.jpg
2026-08-29 20:41:23,451 - INFO - downloader - image #52	https://wallpapers.com/images/hd/johnny-sins-pastel-filter-359stlklvh8c67zc.jpg
2026-08-29 20:41:23,527 - INFO - parser - parsing result page https://www.bing.com/images/async?q=johnny sins interview face&first=80
2026-08-29 20:41:24,207 - INFO - downloader - image #53	https://i.imgflip.com/313nio.jpg
2026-08-29 20:41:24,781 - INFO - downloader - image #54	https://www.rvcj.com/wp-content/uploads/2016/12/johhny.jpg
2026-08-29 20:41:25,103 - INFO - downloader - image #55	https://i.ytimg.com/vi/kYBLjg3HeXQ/oardefault.jpg
2026-08-29 20:41:25,461 - INFO - downloader - image #56	https://i.ytimg.com/vi/hdfIxNMT3AU/maxresdefault.jpg
2026-08-29 20:41:25,735 - INFO - downloader - image #57	https://starsunfolded.com/wp-content/uploads/2018/06/Johnny-Sins.jpg
2026-08-29 20:41:26,701 - INFO - downloader - image #58	https://images.news18.com/static-guju/uploads/2022/11/johnny-sins-space-astronaut-166730441216x9.jpg
2026-08-29 20:41:26,782 - ERROR - downloader - Response status code 404, file https://i.ytimg.com/vi/9X20_lEFVmA/hqdefault.jpg
2026-08-29 20:41:26,829 - INFO - downloader - image #59	https://i.pinimg.com/736x/d7/a5/80/d7a580eb01ccfedd93e8f347b8b776ba.jpg
2026-08-29 20:41:27,382 - INFO - downloader - image #60	https://i.ytimg.com/vi/A9LfU8THMzw/maxresdefault.jpg
2026-08-29 20:41:28,377 - INFO - downloader - image #61	https://actorshunk.com/wp-content/uploads/2024/02/mosttalentedbaldman_1693082278_3178126955887841998_56681234282.jpg
2026-08-29 20:41:30,646 - INFO - downloader - image #62	https://www.meme-arsenal.com/memes/ac78a01de69453008ef5a54bfe013df3.jpg
2026-08-29 20:41:30,941 - INFO - downloader - image #63	https://www.meme-arsenal.com/memes/319a3cfae4ef029050a01d6fbf268f6b.jpg
2026-08-29 20:41:30,987 - INFO - downloader - image #64	https://i.pinimg.com/originals/75/c9/10/75c9108343a1df2ddc709339bec19bc3.jpg
2026-08-29 20:41:31,515 - INFO - downloader - image #65	https://imgcdn.stablediffusionweb.com/2025/1/22/4c982f19-a718-4ff9-92c8-c1b324f1e3fb.jpg
2026-08-29 20:41:32,651 - INFO - parser - no more page urls for thread parser-001 to parse
2026-08-29 20:41:32,652 - INFO - parser - thread parser-001 exit
2026-08-29 20:41:32,779 - INFO - downloader - image #66	https://wallpapersok.com/images/hd/amazed-johnny-sins-in-a-candid-shot-55n883u40r8pnrzo.jpg
2026-08-29 20:41:33,215 - INFO - downloader - image #67	https://imagesvs.oneindia.com/img/2024/02/johnny-sins-small-1707739590.jpg
2026-08-29 20:41:33,554 - INFO - downloader - image #68	https://globalwikibio.com/wp-content/uploads/2023/03/Johnny-Sins-WikiBiography-1024x576.jpg
2026-08-29 20:41:33,723 - INFO - downloader - image #69	https://i.ytimg.com/vi/ysXHUzbohyg/oar2.jpg
2026-08-29 20:41:38,560 - INFO - downloader - no more download task for thread downloader-001
2026-08-29 20:41:38,561 - INFO - downloader - thread downloader-001 exit
2026-08-29 20:41:38,725 - INFO - downloader - no more download task for thread downloader-002
2026-08-29 20:41:38,726 - INFO - downloader - thread downloader-002 exit
2026-08-29 20:41:39,535 - INFO - icrawler.crawler - Crawling task done!
2026-08-29 20:41:40,566 - INFO - icrawler.crawler - start crawling...
2026-08-29 20:41:40,566 - INFO - icrawler.crawler - starting 1 feeder threads...
2026-08-29 20:41:40,567 - INFO - feeder - thread feeder-001 exit
2026-08-29 20:41:40,567 - INFO - icrawler.crawler - starting 1 parser threads...
2026-08-29 20:41:40,567 - INFO - icrawler.crawler - starting 2 downloader threads...
2026-08-29 20:41:41,299 - INFO - parser - parsing result page https://www.bing.com/images/async?q=johnny sins bald head photo&first=0
2026-08-29 20:41:41,525 - INFO - downloader - image #1	https://i.redd.it/69mbrdb55b751.jpg
2026-08-29 20:41:43,746 - INFO - downloader - image #2	https://www.meme-arsenal.com/memes/4a9a1ff2b3496afcf4ad2dfc3e20cb54.jpg
2026-08-29 20:41:44,229 - INFO - downloader - image #3	https://www.meme-arsenal.com/memes/3871ff5f46637758d28e1cfb18c54ddc.jpg
2026-08-29 20:41:44,250 - INFO - downloader - image #4	https://www.meme-arsenal.com/memes/7065629cb3915949b2c41e446ba2d90b.jpg
2026-08-29 20:41:45,218 - INFO - downloader - image #5	https://i.pinimg.com/originals/6f/51/a2/6f51a25ee708ab553d688ac47a9f535d.jpg
2026-08-29 20:41:45,503 - INFO - downloader - image #6	https://images.complex.com/complex/image/upload/q_auto,f_auto,c_fill,ar_1.78,w_2048,g_auto/v1736260326/mr_sins_zpcs91.jpg
2026-08-29 20:41:45,701 - INFO - downloader - image #7	https://www.meme-arsenal.com/memes/688045faf988a11c162cdd56d3668d44.jpg
2026-08-29 20:41:45,862 - INFO - downloader - image #8	https://i.pinimg.com/736x/73/ba/a4/73baa44576301c0f467da0647b468ef1.jpg
2026-08-29 20:41:46,853 - INFO - downloader - image #9	https://www.meme-arsenal.com/memes/0e85e800522348c0b91829853606f079.jpg
2026-08-29 20:41:46,929 - INFO - downloader - image #10	https://i.pinimg.com/originals/3c/98/06/3c98067502bd728c6a68b3dbaa5e2525.jpg
2026-08-29 20:41:47,289 - INFO - downloader - image #11	https://wikibio.in/wp-content/uploads/2019/02/Johnny-Sins.jpg
2026-08-29 20:41:47,731 - INFO - downloader - image #12	https://i.pinimg.com/originals/63/fb/8a/63fb8a4818c09a3e6d71072c808d47fc.jpg
2026-08-29 20:41:48,046 - INFO - downloader - image #13	https://www.meme-arsenal.com/memes/425adc28a0a834876115464e46c29daa.jpg
2026-08-29 20:41:48,679 - INFO - downloader - image #14	https://imgcdn.stablediffusionweb.com/2025/1/22/7f9b74bf-718f-4b5a-9d58-4dd1c0b53454.jpg
2026-08-29 20:41:48,991 - INFO - downloader - image #15	https://assets.change.org/photos/5/tm/xp/xATMXPSwbcYsniK-1600x900-noPad.jpg
2026-08-29 20:41:49,052 - INFO - downloader - image #16	https://i.pinimg.com/originals/75/c9/10/75c9108343a1df2ddc709339bec19bc3.jpg
2026-08-29 20:41:49,162 - INFO - downloader - image #17	https://www.meme-arsenal.com/memes/03594ced4425f3c0dc6609192ac72c1e.jpg
2026-08-29 20:41:49,495 - INFO - downloader - image #18	https://i.pinimg.com/originals/1a/6b/21/1a6b210b859c577697ed751e14295bd2.jpg
2026-08-29 20:41:49,677 - INFO - downloader - image #19	https://i.pinimg.com/736x/6b/43/ce/6b43cea5b3fbcea91b84b462e55d2994--johnny-sins-heroes.jpg
2026-08-29 20:41:49,771 - INFO - downloader - image #20	https://m.media-amazon.com/images/M/MV5BNzZhMDVmMjItZGIwYi00NzdiLWJkZjctNzQ5MzA4Njg4MDBhXkEyXkFqcGc@._V1_FMjpg_UX1000_.jpg
2026-08-29 20:41:50,208 - INFO - parser - parsing result page https://www.bing.com/images/async?q=johnny sins bald head photo&first=20
2026-08-29 20:41:50,236 - INFO - downloader - image #21	https://img-s3.onedio.com/id-636fbcf83b8b7b292ab32188/rev-0/w-1200/h-1058/f-jpg/s-9284d031345ebb25fb3ecaae901b604f979f6777.jpg
2026-08-29 20:41:50,990 - INFO - downloader - image #22	https://wallpapers.com/images/high/johnny-sins-pastel-filter-359stlklvh8c67zc.jpg
2026-08-29 20:41:51,221 - INFO - downloader - image #23	https://www.meme-arsenal.com/memes/54f1801b63e0406c45ec173faa7aa495.jpg
2026-08-29 20:41:51,565 - INFO - downloader - image #24	https://i.pinimg.com/originals/53/6c/15/536c1520e31c2bc39f1e802acb0dc510.jpg
2026-08-29 20:41:52,230 - INFO - downloader - image #25	https://www.meme-arsenal.com/memes/69d8e7e8f3a8d621913ebfa940bb9f07.jpg
2026-08-29 20:41:52,736 - INFO - downloader - image #26	https://www.meme-arsenal.com/memes/79c51d45447d7f29fd6c64fa3e0accd4.jpg
2026-08-29 20:41:52,747 - INFO - downloader - image #27	https://imageproxy.ifunny.co/crop:x-20,resize:640x,quality:90x75/images/df08e10d3fb7e03d5fb5a41e400bfd35832ee9e9aa41a0e746c1060787f115a0_1.jpg
2026-08-29 20:41:52,787 - INFO - downloader - image #28	https://i.pinimg.com/originals/8b/bf/53/8bbf539f11f3224c82a338cbabddfd18.jpg
2026-08-29 20:41:53,906 - INFO - downloader - image #29	https://www.meme-arsenal.com/memes/461da364c4bb2b618dab5a3ca12e50ed.jpg
2026-08-29 20:41:54,335 - INFO - downloader - image #30	https://facts.net/wp-content/uploads/2023/10/22-astounding-facts-about-johnny-sins-1696433310.jpg
2026-08-29 20:41:54,755 - INFO - downloader - image #31	https://i.pinimg.com/736x/fd/24/90/fd2490cdd203eef636679101099a57a6.jpg
2026-08-29 20:41:54,876 - INFO - downloader - image #32	https://wallpapers.com/images/hd/johnny-sins-tearing-shirt-tw0ott4omlhnjyk1.jpg
2026-08-29 20:41:55,061 - INFO - downloader - image #33	https://i.pinimg.com/736x/6f/51/a2/6f51a25ee708ab553d688ac47a9f535d.jpg
2026-08-29 20:41:55,063 - ERROR - downloader - Response status code 403, file https://preview.redd.it/69mbrdb55b751.jpg
2026-08-29 20:41:55,128 - INFO - parser - parsing result page https://www.bing.com/images/async?q=johnny sins bald head photo&first=40
2026-08-29 20:41:55,994 - INFO - downloader - image #34	https://wallpapers.com/images/high/johnny-sins-dslr-selfie-ajxw8yiskr3j0vg5.jpg
2026-08-29 20:41:56,043 - INFO - downloader - image #35	https://www.meme-arsenal.com/memes/7157df120d78d23388b5f38cf9deaf19.jpg
2026-08-29 20:41:56,115 - INFO - downloader - image #36	https://wallpapers.com/images/hd/johnny-sins-showing-off-abs-h3b6p3ued8jususq.jpg
2026-08-29 20:41:56,173 - INFO - downloader - image #37	https://i.pinimg.com/originals/ae/dc/38/aedc38f5a4dfe29945e8094e200ab105.jpg
2026-08-29 20:41:56,222 - INFO - downloader - image #38	https://i.pinimg.com/736x/34/13/ec/3413ecb70eaba3958a22c0bd3df68072.jpg
2026-08-29 20:41:57,008 - INFO - downloader - image #39	https://www.meme-arsenal.com/memes/92fe0c0b932cae8a3d8ddc651334dbf4.jpg
2026-08-29 20:41:57,226 - INFO - downloader - image #40	https://www.meme-arsenal.com/memes/50fc5a5cc04b9e760cd55cb551a0bcfb.jpg
2026-08-29 20:41:57,398 - INFO - downloader - image #41	https://images.meme-arsenal.com/7170034eca88dc2bd1b8cf86bf03bb18.jpg
2026-08-29 20:41:57,749 - INFO - parser - parsing result page https://www.bing.com/images/async?q=johnny sins bald head photo&first=60
2026-08-29 20:41:58,196 - INFO - downloader - image #42	https://www.meme-arsenal.com/memes/bf23ca2aaca4344ee3c7205b477618b9.jpg
2026-08-29 20:41:58,341 - INFO - downloader - image #43	https://wallpapers.com/images/high/johnny-sins-youtube-video-wmj4aty0v0wu8rrx.jpg
2026-08-29 20:41:58,711 - INFO - downloader - image #44	https://i.pinimg.com/236x/e1/9c/72/e19c72a2c4958b5f12ef720d1380a783--johnny-sins-bald-guy.jpg
2026-08-29 20:41:58,891 - INFO - downloader - image #45	https://www.meme-arsenal.com/memes/8e13e07800f249aba6193863f6272700.jpg
2026-08-29 20:41:59,141 - ERROR - downloader - Exception caught when downloading file https://www.mypokecard.com/my/galery/xQsZeLGCVYax.jpg, error: HTTPSConnectionPool(host='www.mypokecard.com', port=443): Max retries exceeded with url: /my/galery/xQsZeLGCVYax.jpg (Caused by NewConnectionError("HTTPSConnection(host='www.mypokecard.com', port=443): Failed to establish a new connection: [Errno 61] Connection refused")), remaining retry times: 2
2026-08-29 20:41:59,344 - ERROR - downloader - Exception caught when downloading file https://www.mypokecard.com/my/galery/xQsZeLGCVYax.jpg, error: HTTPSConnectionPool(host='www.mypokecard.com', port=443): Max retries exceeded with url: /my/galery/xQsZeLGCVYax.jpg (Caused by NewConnectionError("HTTPSConnection(host='www.mypokecard.com', port=443): Failed to establish a new connection: [Errno 61] Connection refused")), remaining retry times: 1
2026-08-29 20:41:59,489 - INFO - downloader - image #46	https://www.meme-arsenal.com/memes/8e3a64d277b823d3ab8175c4ca234544.jpg
2026-08-29 20:41:59,548 - ERROR - downloader - Exception caught when downloading file https://www.mypokecard.com/my/galery/xQsZeLGCVYax.jpg, error: HTTPSConnectionPool(host='www.mypokecard.com', port=443): Max retries exceeded with url: /my/galery/xQsZeLGCVYax.jpg (Caused by NewConnectionError("HTTPSConnection(host='www.mypokecard.com', port=443): Failed to establish a new connection: [Errno 61] Connection refused")), remaining retry times: 0
2026-08-29 20:41:59,901 - INFO - downloader - image #47	https://i.pinimg.com/originals/ce/bc/3b/cebc3b6211b49f6d0559bc68f55fe5b0.jpg
2026-08-29 20:42:00,180 - INFO - downloader - image #48	https://images-cdn.9gag.com/photo/avQB22n_700b.jpg
2026-08-29 20:42:00,628 - INFO - downloader - image #49	https://i.pinimg.com/736x/e4/10/46/e41046193e60e08d7e2786a6bb4807a7.jpg
2026-08-29 20:42:00,988 - INFO - downloader - image #50	https://www.meme-arsenal.com/memes/9664b6cccedf85127b4b524acbecd787.jpg
2026-08-29 20:42:01,120 - INFO - downloader - image #51	https://i.redd.it/veseysky0ecb1.jpg
2026-08-29 20:42:01,499 - INFO - parser - parsing result page https://www.bing.com/images/async?q=johnny sins bald head photo&first=80
2026-08-29 20:42:01,737 - INFO - downloader - image #52	https://www.meme-arsenal.com/memes/8e61ae25a1dc97bbe14fda4e68fa29a9.jpg
2026-08-29 20:42:02,082 - INFO - downloader - image #53	https://wallpapers.com/images/hd/johnny-sins-chad-meme-wa5l69j3l45ihq4a.jpg
2026-08-29 20:42:03,874 - INFO - downloader - image #54	https://starboard-media.s3.amazonaws.com/static/user/avatar-yZlgNegGG.jpg
2026-08-29 20:42:04,059 - INFO - downloader - image #55	https://wwfoldschool.com/wp-content/uploads/2026/02/John-Morrison-Johnny-TV-Johnny-Consejo-Head-Shaved-Bald-CMLL-Hair-vs.-Hair-Match-February-27-2026-WrestleFeed-App.jpg
2026-08-29 20:42:04,126 - INFO - downloader - image #56	https://i.pinimg.com/originals/60/98/42/609842e068f3daa8d29efc6bc09c23e4.jpg
2026-08-29 20:42:04,172 - INFO - downloader - image #57	https://i.pinimg.com/originals/47/34/89/473489f7b154c89fd81f5e4bc5421425.jpg
2026-08-29 20:42:04,711 - INFO - downloader - image #58	https://www.meme-arsenal.com/memes/7efd110e7d82a0b9c29c5c5cc99e41a9.jpg
2026-08-29 20:42:05,190 - INFO - downloader - image #59	https://img.ifunny.co/images/df08e10d3fb7e03d5fb5a41e400bfd35832ee9e9aa41a0e746c1060787f115a0_1.jpg
2026-08-29 20:42:05,661 - INFO - downloader - image #60	https://i0.hdslb.com/bfs/article/bc8ff5a2f33afbc64f0f6dfb32224d8bddaca1f1.jpg
2026-08-29 20:42:05,701 - INFO - downloader - image #61	https://i.pinimg.com/736x/51/12/51/511251606928bd2b49b80d16c3591531.jpg
2026-08-29 20:42:06,115 - INFO - downloader - image #62	https://www.meme-arsenal.com/memes/e61d98ee7f7b3c40e69e8a886aac9b8a.jpg
2026-08-29 20:42:06,631 - INFO - downloader - image #63	https://www.meme-arsenal.com/memes/06c4440376bf4099457892cbf5966776.jpg
2026-08-29 20:42:06,713 - INFO - downloader - image #64	https://wallpapers.com/images/hd/johnny-sins-with-award-w6rkexvf56geckoe.jpg
2026-08-29 20:42:07,412 - INFO - downloader - image #65	https://www.meme-arsenal.com/memes/c335da76845eb33007d85633baa53cbe.jpg
2026-08-29 20:42:07,575 - INFO - downloader - image #66	https://www.meme-arsenal.com/memes/b72a762a29d6310f6d455084a024d8d4.jpg
2026-08-29 20:42:07,649 - INFO - downloader - image #67	https://wallpapers.com/images/hd/johnny-sins-dslr-selfie-ajxw8yiskr3j0vg5.jpg
2026-08-29 20:42:07,703 - INFO - parser - no more page urls for thread parser-001 to parse
2026-08-29 20:42:07,706 - INFO - parser - thread parser-001 exit
2026-08-29 20:42:08,641 - INFO - downloader - image #68	https://www.meme-arsenal.com/memes/5a15e793ad786dc9e02f7b2e56bec36c.jpg
2026-08-29 20:42:12,654 - INFO - downloader - no more download task for thread downloader-002
2026-08-29 20:42:12,654 - INFO - downloader - thread downloader-002 exit
2026-08-29 20:42:13,646 - INFO - downloader - no more download task for thread downloader-001
2026-08-29 20:42:13,647 - INFO - downloader - thread downloader-001 exit
2026-08-29 20:42:13,679 - INFO - icrawler.crawler - Crawling task done!
2026-08-29 20:42:14,716 - INFO - icrawler.crawler - start crawling...
2026-08-29 20:42:14,716 - INFO - icrawler.crawler - starting 1 feeder threads...
2026-08-29 20:42:14,716 - INFO - feeder - thread feeder-001 exit
2026-08-29 20:42:14,716 - INFO - icrawler.crawler - starting 1 parser threads...
2026-08-29 20:42:14,717 - INFO - icrawler.crawler - starting 2 downloader threads...
2026-08-29 20:42:15,353 - INFO - parser - parsing result page https://www.bing.com/images/async?q=johnny sins instagram&first=0
2026-08-29 20:42:15,645 - INFO - downloader - image #1	https://images.squarespace-cdn.com/content/v1/6144d106ee0f834ae92b4f60/1710153775526-DFFQJDW2HGH9A58IUXFX/Man+Crush+Monday+goals%3F+Why+not%3F+Turns+out+adult+world+legend+Johnny+Sins+might+just+have+the+warmest+smile+and+selfies+you’ve+ever+come+across.++.jpg
2026-08-29 20:42:15,851 - INFO - downloader - image #2	https://i.pinimg.com/736x/7c/61/c4/7c61c4e01a8c5363da37e87348a1dc45.jpg
2026-08-29 20:42:16,569 - INFO - downloader - image #3	https://imgcdn.stablediffusionweb.com/2024/5/30/97afcecf-3137-4c6c-8977-71a74b008694.jpg
2026-08-29 20:42:16,918 - INFO - downloader - image #4	https://img-s1.onedio.com/id-636fbd5fa99378ac2941e5cf/rev-0/w-620/f-jpg/s-95013c3d7f17c7470740360a94b31fbcbf72ddab.jpg
2026-08-29 20:42:16,973 - INFO - downloader - image #5	https://i.pinimg.com/originals/3c/98/06/3c98067502bd728c6a68b3dbaa5e2525.jpg
2026-08-29 20:42:17,239 - INFO - downloader - image #6	https://i.redd.it/69mbrdb55b751.jpg
2026-08-29 20:42:17,434 - INFO - parser - parsing result page https://www.bing.com/images/async?q=johnny sins instagram&first=20
2026-08-29 20:42:17,488 - INFO - downloader - image #7	https://instinctmagazine.com/wp-content/uploads/2026/04/jsins.jpg
2026-08-29 20:42:17,545 - INFO - downloader - image #8	https://i.pinimg.com/736x/a0/1a/b7/a01ab7d2cf0647c3691f95138074a4ad.jpg
2026-08-29 20:42:17,691 - INFO - downloader - image #9	https://wallpapers.com/images/hd/johnny-sins-pastel-filter-359stlklvh8c67zc.jpg
2026-08-29 20:42:17,775 - INFO - downloader - image #10	https://i.pinimg.com/736x/e3/e2/43/e3e2430df123416fdd6921bd610357db.jpg
2026-08-29 20:42:17,981 - INFO - downloader - image #11	https://images.kinorium.com/instagram/320/CkTJgPauFFg.jpg
2026-08-29 20:42:19,728 - INFO - downloader - image #12	https://www.dpzone.in/wp-content/uploads/3/Johnny-Sins-PFP-9.jpg
2026-08-29 20:42:19,833 - INFO - downloader - image #13	https://i.pinimg.com/736x/3e/a3/c7/3ea3c755bd27e4f824ea43e6d3ad1c67.jpg
2026-08-29 20:42:19,916 - INFO - downloader - image #14	https://www.dpzone.in/wp-content/uploads/3/Johnny-Sins-PFP-12.jpg
2026-08-29 20:42:20,139 - INFO - downloader - image #15	https://www.dpzone.in/wp-content/uploads/3/Johnny-Sins-PFP-20.jpg
2026-08-29 20:42:20,207 - INFO - downloader - image #16	https://www.dpzone.in/wp-content/uploads/3/Johnny-Sins-PFP-4.jpg
2026-08-29 20:42:20,438 - INFO - downloader - image #17	https://www.dpzone.in/wp-content/uploads/3/Johnny-Sins-PFP-7.jpg
2026-08-29 20:42:20,476 - INFO - parser - parsing result page https://www.bing.com/images/async?q=johnny sins instagram&first=40
2026-08-29 20:42:20,674 - ERROR - downloader - Response status code 403, file https://www.spettegolando.it/wp-content/uploads/2021/07/Johnny-Sins-biografia-chi-è-età-altezza-peso-figli-moglie-Instagram-e-vita-privata.jpg
2026-08-29 20:42:21,174 - INFO - downloader - image #18	https://i.ytimg.com/vi/j2Zt067uxV8/maxresdefault.jpg
2026-08-29 20:42:21,493 - INFO - downloader - image #19	https://i.ytimg.com/vi/6L8iB1SfdcQ/maxresdefault.jpg
2026-08-29 20:42:22,005 - INFO - downloader - image #20	https://assets.change.org/photos/5/ps/cb/BOPsCbPUfBoNlGK-800x450-noPad.jpg
2026-08-29 20:42:22,578 - INFO - downloader - image #21	https://www.dpzone.in/wp-content/uploads/3/Johnny-Sins-PFP-3.jpg
2026-08-29 20:42:22,857 - INFO - downloader - image #22	https://images.perthnow.com.au/publication/C-14195434/6645e3ea782a95075a238329f8c03df34fa11837.jpg
2026-08-29 20:42:22,873 - INFO - downloader - image #23	https://www.dpzone.in/wp-content/uploads/3/Johnny-Sins-PFP-13.jpg
2026-08-29 20:42:23,080 - INFO - downloader - image #24	https://i.ytimg.com/vi/AJWnkMrakKw/maxresdefault.jpg
2026-08-29 20:42:23,344 - INFO - downloader - image #25	https://linktr.ee/og/image/JohnnySins.jpg
2026-08-29 20:42:23,459 - INFO - parser - parsing result page https://www.bing.com/images/async?q=johnny sins instagram&first=60
2026-08-29 20:42:23,692 - INFO - downloader - image #26	https://www.dpzone.in/wp-content/uploads/3/Johnny-Sins-PFP-featured-768x432.jpg
2026-08-29 20:42:23,892 - INFO - downloader - image #27	https://i.ytimg.com/vi/40Cpp9O2un0/maxresdefault.jpg
2026-08-29 20:42:24,254 - INFO - downloader - image #28	https://cdn-images.dzcdn.net/images/cover/0074216ac7c5de9de51823a88059caa6/0x1900-000000-80-0-0.jpg
2026-08-29 20:42:24,335 - INFO - downloader - image #29	https://facts.net/wp-content/uploads/2023/10/22-astounding-facts-about-johnny-sins-1696433310.jpg
2026-08-29 20:42:24,641 - INFO - downloader - image #30	https://i.pinimg.com/736x/3f/da/f5/3fdaf5b797758da6d77ab63f6c4b525d.jpg
2026-08-29 20:42:25,181 - INFO - downloader - image #31	https://www.dpzone.in/wp-content/uploads/3/Johnny-Sins-PFP-14.jpg
2026-08-29 20:42:25,439 - INFO - downloader - image #32	https://i.pinimg.com/736x/56/48/10/56481063facf7690c66bab813fc9bf11.jpg
2026-08-29 20:42:25,733 - INFO - downloader - image #33	https://i.pinimg.com/736x/87/db/66/87db66b53ca7f8921877eca73469e93e.jpg
2026-08-29 20:42:26,033 - INFO - downloader - image #34	https://www.dpzone.in/wp-content/uploads/3/Johnny-Sins-PFP-22.jpg
2026-08-29 20:42:26,078 - INFO - parser - parsing result page https://www.bing.com/images/async?q=johnny sins instagram&first=80
2026-08-29 20:42:26,324 - INFO - downloader - image #35	https://www.dpzone.in/wp-content/uploads/3/Johnny-Sins-PFP-5.jpg
2026-08-29 20:42:26,537 - INFO - downloader - image #36	https://www.kemifilani.ng/wp-content/uploads/2022/09/Johnny-Sins-net-worth.jpg
2026-08-29 20:42:26,904 - INFO - downloader - image #37	https://wallpapers.com/images/hd/johnny-sins-wacky-selfie-qkwwxm0y83pqf8jp.jpg
2026-08-29 20:42:27,250 - INFO - downloader - image #38	https://i.pinimg.com/736x/a2/12/aa/a212aa1778820d1127e1e1e8242a84cd.jpg
2026-08-29 20:42:28,349 - INFO - downloader - image #39	https://www.dpzone.in/wp-content/uploads/3/Johnny-Sins-PFP-17.jpg
2026-08-29 20:42:28,897 - INFO - downloader - image #40	https://conteudo.imguol.com.br/c/entretenimento/fd/2023/06/09/ator-porno-johnny-sins-teve-foto-usada-em-corrente-do-whatsapp-que-afirmava-que-ele-era-seguranca-do-presidente-lula-pt-1686318800962_v2_900x506.jpg
2026-08-29 20:42:29,041 - INFO - downloader - image #41	https://i.pinimg.com/originals/fd/24/90/fd2490cdd203eef636679101099a57a6.jpg
2026-08-29 20:42:29,201 - INFO - downloader - image #42	https://www.dpzone.in/wp-content/uploads/3/Johnny-Sins-PFP-18.jpg
2026-08-29 20:42:29,440 - INFO - downloader - image #43	https://images.squarespace-cdn.com/content/v1/6144d106ee0f834ae92b4f60/1685359681516-ODIWK6UV2A9ZOIMS87S9/Johnny+Sins+-+The+workout+flex+is+always+going+non-stop+for+the+heavyweight+model.jpg
2026-08-29 20:42:29,719 - INFO - downloader - image #44	https://files.prokerala.com/news/photos/imgs/1024/johnny-sins-891443.jpg
2026-08-29 20:42:29,768 - INFO - downloader - image #45	https://i.pinimg.com/736x/6b/43/ce/6b43cea5b3fbcea91b84b462e55d2994--johnny-sins-heroes.jpg
2026-08-29 20:42:31,055 - INFO - downloader - image #46	https://gudstory.s3.us-east-2.amazonaws.com/wp-content/uploads/2021/04/08083428/Johnny-Sins-Biography.jpg
2026-08-29 20:42:31,265 - INFO - parser - no more page urls for thread parser-001 to parse
2026-08-29 20:42:31,265 - INFO - parser - thread parser-001 exit
2026-08-29 20:42:34,774 - INFO - downloader - no more download task for thread downloader-002
2026-08-29 20:42:34,775 - INFO - downloader - thread downloader-002 exit
2026-08-29 20:42:36,063 - INFO - downloader - no more download task for thread downloader-001
2026-08-29 20:42:36,063 - INFO - downloader - thread downloader-001 exit
2026-08-29 20:42:36,788 - INFO - icrawler.crawler - Crawling task done!
2026-08-29 20:42:37,816 - INFO - icrawler.crawler - start crawling...
2026-08-29 20:42:37,816 - INFO - icrawler.crawler - starting 1 feeder threads...
2026-08-29 20:42:37,816 - INFO - feeder - thread feeder-001 exit
2026-08-29 20:42:37,816 - INFO - icrawler.crawler - starting 1 parser threads...
2026-08-29 20:42:37,817 - INFO - icrawler.crawler - starting 2 downloader threads...
2026-08-29 20:42:38,497 - INFO - parser - parsing result page https://www.bing.com/images/async?q=johnny sins podcast screenshot&first=0
2026-08-29 20:42:39,283 - INFO - downloader - image #1	https://i.ytimg.com/vi/A_JFOujhqNM/oar2.jpg
2026-08-29 20:42:39,543 - INFO - downloader - image #2	https://i.ytimg.com/vi/9evUacKNNiI/maxresdefault.jpg
2026-08-29 20:42:39,612 - INFO - downloader - image #3	https://i.ytimg.com/vi/9evUacKNNiI/oardefault.jpg
2026-08-29 20:42:39,701 - INFO - downloader - image #4	https://i.ytimg.com/vi/BG87A10_boQ/maxres2.jpg
2026-08-29 20:42:39,812 - INFO - downloader - image #5	https://i.ytimg.com/vi/7VHiTGjkIvQ/maxresdefault.jpg
2026-08-29 20:42:40,111 - INFO - downloader - image #6	https://i.ytimg.com/vi/COWbqWQKCmY/oardefault.jpg
2026-08-29 20:42:40,140 - INFO - downloader - image #7	https://i.ytimg.com/vi/sSNNB_E4UYI/oar2.jpg
2026-08-29 20:42:40,422 - INFO - downloader - image #8	https://i.ytimg.com/vi/rf7A-2f-OBo/maxresdefault.jpg
2026-08-29 20:42:40,478 - INFO - downloader - image #9	https://i.ytimg.com/vi/bvKnx932pHE/maxresdefault.jpg
2026-08-29 20:42:40,883 - INFO - downloader - image #10	https://i.ytimg.com/vi/gICtOPvFN9w/maxresdefault.jpg
2026-08-29 20:42:40,910 - ERROR - downloader - Response status code 404, file https://i.ytimg.com/vi/MZo3GQAaxyg/maxresdefault.jpg
2026-08-29 20:42:41,228 - INFO - downloader - image #11	https://i.ytimg.com/vi/4HphPD9tKEk/maxresdefault.jpg
2026-08-29 20:42:41,337 - INFO - downloader - image #12	https://i.ytimg.com/vi/A6pdK3vT9rU/oar2.jpg
2026-08-29 20:42:41,505 - INFO - downloader - image #13	https://i.ytimg.com/vi/4LPwZWjMiLA/maxresdefault.jpg
2026-08-29 20:42:41,650 - INFO - downloader - image #14	https://i.ytimg.com/vi/iqoyQe4YwAE/maxresdefault.jpg
2026-08-29 20:42:41,983 - INFO - downloader - image #15	https://i.ytimg.com/vi/pYoVeMgbsjs/maxresdefault.jpg
2026-08-29 20:42:42,172 - INFO - downloader - image #16	https://i.ytimg.com/vi/KYReKFDpiZY/oardefault.jpg
2026-08-29 20:42:42,431 - INFO - downloader - image #17	https://i.ytimg.com/vi/iqoyQe4YwAE/oardefault.jpg
2026-08-29 20:42:42,460 - INFO - downloader - image #18	https://i.ytimg.com/vi/VwuF7y8qWNA/maxres2.jpg
2026-08-29 20:42:42,554 - INFO - downloader - image #19	https://i.ytimg.com/vi/rUGs148cans/oardefault.jpg
2026-08-29 20:42:42,729 - INFO - downloader - image #20	https://i.ytimg.com/vi/1jU8qsU4D9Y/maxresdefault.jpg
2026-08-29 20:42:43,010 - ERROR - downloader - Response status code 404, file https://i.ytimg.com/vi/ZY3Vs4bx1EQ/maxresdefault.jpg
2026-08-29 20:42:43,193 - INFO - downloader - image #21	https://i.ytimg.com/vi/Q5U0EgOpFyI/maxres2.jpg
2026-08-29 20:42:43,484 - INFO - downloader - image #22	https://i.ytimg.com/vi/rcELzAnbxtI/maxresdefault.jpg
2026-08-29 20:42:43,650 - INFO - downloader - image #23	https://i.ytimg.com/vi/Er0WNLwhiOc/maxres2.jpg
2026-08-29 20:42:43,869 - INFO - parser - parsing result page https://www.bing.com/images/async?q=johnny sins podcast screenshot&first=20
2026-08-29 20:42:43,953 - INFO - downloader - image #24	https://i.ytimg.com/vi/_UDL1Zyf2m0/oar2.jpg
2026-08-29 20:42:44,194 - INFO - downloader - image #25	https://i.ytimg.com/vi/pYoVeMgbsjs/oardefault.jpg
2026-08-29 20:42:44,234 - INFO - downloader - image #26	https://i.ytimg.com/vi/U3-8slL18xY/maxresdefault.jpg
2026-08-29 20:42:44,669 - INFO - downloader - image #27	https://i.ytimg.com/vi/ocDeAuGBDj0/hq720.jpg
2026-08-29 20:42:44,683 - INFO - downloader - image #28	https://i.ytimg.com/vi/SOaFUoAmlQ4/oar2.jpg
2026-08-29 20:42:45,171 - INFO - downloader - image #29	https://i.ytimg.com/vi/x_lDf14W8ro/oar2.jpg
2026-08-29 20:42:45,175 - INFO - downloader - image #30	https://i.ytimg.com/vi/7X13VQMqDu0/maxresdefault.jpg
2026-08-29 20:42:45,614 - INFO - downloader - image #31	https://i.ytimg.com/vi/nsUMlOfxrzs/hq2.jpg
2026-08-29 20:42:45,631 - INFO - downloader - image #32	https://i.ytimg.com/vi/amOKCy7x0VY/oar2.jpg
2026-08-29 20:42:46,030 - INFO - downloader - image #33	https://i.ytimg.com/vi/Er0WNLwhiOc/hq2.jpg
2026-08-29 20:42:46,099 - INFO - downloader - image #34	https://i.ytimg.com/vi/QxWmoLMPHNM/maxresdefault.jpg
2026-08-29 20:42:46,115 - ERROR - downloader - Response status code 404, file https://i.ytimg.com/vi/C2-rFUk7SE8/maxresdefault.jpg
2026-08-29 20:42:46,395 - INFO - downloader - image #35	https://i.ytimg.com/vi/CqhWGkPPVlo/oardefault.jpg
2026-08-29 20:42:46,742 - INFO - parser - parsing result page https://www.bing.com/images/async?q=johnny sins podcast screenshot&first=40
2026-08-29 20:42:46,835 - INFO - downloader - image #36	https://wallpapers.com/images/hd/johnny-sins-youtube-video-wmj4aty0v0wu8rrx.jpg
2026-08-29 20:42:47,130 - ERROR - downloader - Response status code 404, file https://i.ytimg.com/vi/LLNZHZvN8B8/oardefault.jpg
2026-08-29 20:42:47,426 - ERROR - downloader - Response status code 404, file https://i.ytimg.com/vi/Z100OsU3IJA/oardefault.jpg
2026-08-29 20:42:47,936 - INFO - downloader - image #37	https://theballerlifestyle.com/wp-content/uploads/2020/09/johhny.jpg
2026-08-29 20:42:47,986 - INFO - downloader - image #38	https://i.ytimg.com/vi/Ogc04lJv9QY/oar2.jpg
2026-08-29 20:42:48,423 - INFO - downloader - image #39	https://i.ytimg.com/vi/V7fpJoandRc/maxresdefault.jpg
2026-08-29 20:42:48,559 - INFO - downloader - image #40	https://i.ytimg.com/vi/uWoDl4BdTQ8/maxresdefault.jpg
2026-08-29 20:42:48,738 - INFO - downloader - image #41	https://i.ytimg.com/vi/Yb1L9xzs2jk/oar2.jpg
2026-08-29 20:42:49,064 - INFO - downloader - image #42	https://i.ytimg.com/vi/xVozkH486j4/oardefault.jpg
2026-08-29 20:42:49,065 - INFO - downloader - image #43	https://i.ytimg.com/vi/7XHld8yp1kg/maxres2.jpg
2026-08-29 20:42:49,182 - INFO - downloader - image #44	https://i.ytimg.com/vi/HcsZGCOTVR4/maxresdefault.jpg
2026-08-29 20:42:49,536 - INFO - downloader - image #45	https://i.ytimg.com/vi/JUI2CpQe3nM/maxres2.jpg
2026-08-29 20:42:49,729 - INFO - downloader - image #46	https://i.ytimg.com/vi/iFgcSzX2ZAE/oardefault.jpg
2026-08-29 20:42:49,826 - INFO - downloader - image #47	https://i.ytimg.com/vi/LDUMq95Te5c/maxresdefault.jpg
2026-08-29 20:42:50,134 - INFO - downloader - image #48	https://i.ytimg.com/vi/iMg-LT4t4WE/maxresdefault.jpg
2026-08-29 20:42:50,242 - INFO - downloader - image #49	https://i.ytimg.com/vi/Js13rdP8b44/maxresdefault.jpg
2026-08-29 20:42:50,629 - INFO - downloader - image #50	https://i.ytimg.com/vi/nksHzw0a5Lk/maxresdefault.jpg
2026-08-29 20:42:50,689 - INFO - downloader - image #51	https://i.ytimg.com/vi/3t5TG2MWYGY/sddefault.jpg
2026-08-29 20:42:51,011 - INFO - parser - parsing result page https://www.bing.com/images/async?q=johnny sins podcast screenshot&first=60
2026-08-29 20:42:51,115 - INFO - downloader - image #52	https://i.ytimg.com/vi/_tteJyOfmbQ/maxres2.jpg
2026-08-29 20:42:51,330 - INFO - downloader - image #53	https://i.ytimg.com/vi/41c36DbPTAI/oar2.jpg
2026-08-29 20:42:51,607 - INFO - downloader - image #54	https://i.ytimg.com/vi/4QHxFm2z29c/hqdefault.jpg
2026-08-29 20:42:51,702 - INFO - downloader - image #55	https://i.ytimg.com/vi/DnvQ-Kv7eCY/oardefault.jpg
2026-08-29 20:42:51,965 - INFO - downloader - image #56	https://i.ytimg.com/vi/Ogc04lJv9QY/maxres2.jpg
2026-08-29 20:42:52,088 - INFO - downloader - image #57	https://i.ytimg.com/vi/y3b5dDaqL7M/oar2.jpg
2026-08-29 20:42:52,265 - INFO - downloader - image #58	https://i.ytimg.com/vi/QxWmoLMPHNM/oardefault.jpg
2026-08-29 20:42:52,562 - INFO - downloader - image #59	https://i.ytimg.com/vi/p4Gge-OTA2E/maxres2.jpg
2026-08-29 20:42:52,570 - INFO - downloader - image #60	https://i.ytimg.com/vi/D93C3_J7k88/oar2.jpg
2026-08-29 20:42:52,860 - INFO - downloader - image #61	https://i.ytimg.com/vi/FiwQY2beZ9Y/maxres2.jpg
2026-08-29 20:42:53,067 - INFO - downloader - image #62	https://i.ytimg.com/vi/TnZe-nd5M0g/maxresdefault.jpg
2026-08-29 20:42:53,146 - ERROR - downloader - Response status code 404, file https://i.ytimg.com/vi/N5BRm-q3IY8/maxresdefault.jpg
2026-08-29 20:42:53,320 - INFO - downloader - image #63	https://i.ytimg.com/vi/fTdXNGd8bB0/maxresdefault.jpg
2026-08-29 20:42:53,655 - INFO - downloader - image #64	https://i.ytimg.com/vi/6L8iB1SfdcQ/maxresdefault.jpg
2026-08-29 20:42:53,821 - INFO - downloader - image #65	https://i.ytimg.com/vi/t7c7O2ODtC8/maxresdefault.jpg
2026-08-29 20:42:53,966 - INFO - downloader - image #66	https://i.ytimg.com/vi/_bIwbO8cnMM/maxresdefault.jpg
2026-08-29 20:42:54,183 - INFO - parser - parsing result page https://www.bing.com/images/async?q=johnny sins podcast screenshot&first=80
2026-08-29 20:42:54,357 - INFO - downloader - image #67	https://generationiron.com/wp-content/uploads/2024/05/johnny-sins-inno-supps-696x386.jpg
2026-08-29 20:42:54,454 - INFO - downloader - image #68	https://i.ytimg.com/vi/oY988c_TVuk/maxresdefault.jpg
2026-08-29 20:42:54,641 - INFO - downloader - image #69	https://i.ytimg.com/vi/OdMlLLsjW7U/maxresdefault.jpg
2026-08-29 20:42:54,932 - INFO - downloader - image #70	https://i.ytimg.com/vi/e10siPVh1io/oardefault.jpg
2026-08-29 20:42:55,042 - INFO - downloader - image #71	https://m.media-amazon.com/images/I/41JitqQA0AL._SL10_UR1600,800_CR200,50,1200,630_CLa|1200,630|41JitqQA0AL.jpg
2026-08-29 20:42:55,263 - INFO - downloader - image #72	https://i.ytimg.com/vi/TtPHcPDFy-Y/maxresdefault.jpg
2026-08-29 20:42:55,513 - INFO - downloader - image #73	https://i.ytimg.com/vi/WAwZIuOeOKo/oar2.jpg
2026-08-29 20:42:55,768 - INFO - downloader - image #74	https://i.ytimg.com/vi/mCuGKe66dhE/oardefault.jpg
2026-08-29 20:42:55,996 - INFO - downloader - image #75	https://i.ytimg.com/vi/RBc7kK7A1FQ/maxresdefault.jpg
2026-08-29 20:42:56,268 - INFO - downloader - image #76	https://i.ytimg.com/vi/vT7RF1NMk1A/oardefault.jpg
2026-08-29 20:42:56,288 - INFO - downloader - image #77	https://i.ytimg.com/vi/HDILj1HpeIk/oar2.jpg
2026-08-29 20:42:56,593 - INFO - downloader - image #78	https://i.ytimg.com/vi/XKDhIWhhd2E/maxresdefault.jpg
2026-08-29 20:42:56,754 - INFO - downloader - image #79	https://i.ytimg.com/vi/qR14Ebj6ifw/maxresdefault.jpg
2026-08-29 20:42:56,966 - INFO - downloader - image #80	https://images.news18.com/static-guju/uploads/2022/11/johnny-sins-space-astronaut-166730441216x9.jpg
2026-08-29 20:42:57,125 - INFO - downloader - image #81	https://i.ytimg.com/vi/XcYkJDr1A7A/maxresdefault.jpg
2026-08-29 20:42:57,199 - INFO - downloader - image #82	https://m.media-amazon.com/images/M/MV5BNzZhMDVmMjItZGIwYi00NzdiLWJkZjctNzQ5MzA4Njg4MDBhXkEyXkFqcGc@._V1_FMjpg_UX1000_.jpg
2026-08-29 20:42:58,180 - INFO - downloader - image #83	https://i.ytimg.com/vi/UDvwpZqzojg/maxresdefault.jpg
2026-08-29 20:42:58,541 - INFO - downloader - image #84	https://leadstories.com/sinstweet.jpg
2026-08-29 20:42:58,859 - INFO - downloader - image #85	https://i.ytimg.com/vi/fAkFFiO4eTI/maxres2.jpg
2026-08-29 20:42:58,924 - INFO - downloader - image #86	https://www.dpzone.in/wp-content/uploads/3/Johnny-Sins-PFP-7.jpg
2026-08-29 20:42:58,970 - INFO - parser - no more page urls for thread parser-001 to parse
2026-08-29 20:42:58,971 - INFO - parser - thread parser-001 exit
2026-08-29 20:43:03,862 - INFO - downloader - no more download task for thread downloader-001
2026-08-29 20:43:03,863 - INFO - downloader - thread downloader-001 exit
2026-08-29 20:43:03,928 - INFO - downloader - no more download task for thread downloader-002
2026-08-29 20:43:03,928 - INFO - downloader - thread downloader-002 exit
2026-08-29 20:43:04,907 - INFO - icrawler.crawler - Crawling task done!
2026-08-29 20:43:05,936 - INFO - icrawler.crawler - start crawling...
2026-08-29 20:43:05,936 - INFO - icrawler.crawler - starting 1 feeder threads...
2026-08-29 20:43:05,937 - INFO - feeder - thread feeder-001 exit
2026-08-29 20:43:05,937 - INFO - icrawler.crawler - starting 1 parser threads...
2026-08-29 20:43:05,937 - INFO - icrawler.crawler - starting 2 downloader threads...
2026-08-29 20:43:06,593 - INFO - parser - parsing result page https://www.bing.com/images/async?q=johnny sins professional photo&first=0
2026-08-29 20:43:06,793 - INFO - downloader - image #1	https://m.media-amazon.com/images/M/MV5BNzZhMDVmMjItZGIwYi00NzdiLWJkZjctNzQ5MzA4Njg4MDBhXkEyXkFqcGc@._V1_FMjpg_UX1000_.jpg
2026-08-29 20:43:07,044 - INFO - downloader - image #2	https://wallpapers.com/images/hd/johnny-sins-at-avn-awards-l3lbw03v8wpyzbkq.jpg
2026-08-29 20:43:08,536 - INFO - downloader - image #3	https://www.dpzone.in/wp-content/uploads/3/Johnny-Sins-PFP-7.jpg
2026-08-29 20:43:08,611 - INFO - downloader - image #4	https://wikilifeng.com/contents/uploads/biographies/biography-1623--i-don-t-know-my-official-body-count-but-it-s-somewhere-around-2-500---adult-star-johnny-sins-reveals-photos--06012025.jpg
2026-08-29 20:43:08,629 - INFO - downloader - image #5	https://wallpapers.com/images/hd/johnny-sins-with-award-w6rkexvf56geckoe.jpg
2026-08-29 20:43:08,903 - INFO - downloader - image #6	https://www.wrestlezone.com/wp-content/uploads/sites/8/2026/04/johnny-sins-GettyImages-1056597018-copy.jpg
2026-08-29 20:43:09,001 - INFO - downloader - image #7	https://wallpapers.com/images/hd/doctor-johnny-sins-6vleyqyzdu5tcn5c.jpg
2026-08-29 20:43:09,105 - INFO - downloader - image #8	https://wallpapers.com/images/hd/johnny-sins-tearing-shirt-tw0ott4omlhnjyk1.jpg
2026-08-29 20:43:09,514 - INFO - downloader - image #9	https://wallpapersok.com/images/hd/smiling-portrait-of-johnny-sins-0hlr7xbb3sx3drnh.jpg
2026-08-29 20:43:09,608 - INFO - downloader - image #10	https://wallpapers.com/images/hd/johnny-sins-dslr-selfie-ajxw8yiskr3j0vg5.jpg
2026-08-29 20:43:09,809 - INFO - downloader - image #11	https://i.pinimg.com/736x/6e/b9/a8/6eb9a8b43a13cf33dae7d2fcd83daf8a.jpg
2026-08-29 20:43:10,059 - INFO - downloader - image #12	https://imgcdn.stablediffusionweb.com/2025/1/3/a8c70d49-ce10-4683-bc63-97b2a847c34d.jpg
2026-08-29 20:43:10,166 - INFO - downloader - image #13	https://imgcdn.stablediffusionweb.com/2025/1/27/2613a1e6-7ee3-4395-b2a4-1e9ae6adee02.jpg
2026-08-29 20:43:10,201 - INFO - downloader - image #14	https://i.pinimg.com/originals/5e/a8/80/5ea8806cd41f36d9149d80b81ee8513c.jpg
2026-08-29 20:43:10,307 - INFO - downloader - image #15	https://i.pinimg.com/736x/56/6a/99/566a99283df2450516135e7ce763ace5.jpg
2026-08-29 20:43:10,390 - INFO - downloader - image #16	https://imgcdn.stablediffusionweb.com/2024/10/10/cbdeab8e-40fe-415f-b931-47b94bb6c813.jpg
2026-08-29 20:43:11,828 - INFO - downloader - image #17	https://imgcdn.stablediffusionweb.com/2025/1/22/ba0b4ac5-a7a3-40ef-96a2-fb6e37c7f1f6.jpg
2026-08-29 20:43:12,245 - INFO - downloader - image #18	https://img-s1.onedio.com/id-636fbd5fa99378ac2941e5cf/rev-0/w-620/f-jpg/s-95013c3d7f17c7470740360a94b31fbcbf72ddab.jpg
2026-08-29 20:43:12,987 - INFO - parser - parsing result page https://www.bing.com/images/async?q=johnny sins professional photo&first=20
2026-08-29 20:43:14,491 - INFO - downloader - image #19	https://onlywikis.com/johnny-sins/johnny-sins-real-name.jpg
2026-08-29 20:43:14,588 - INFO - downloader - image #20	https://imgcdn.stablediffusionweb.com/2025/1/22/4c982f19-a718-4ff9-92c8-c1b324f1e3fb.jpg
2026-08-29 20:43:15,053 - INFO - downloader - image #21	https://artistsimages.b-cdn.net/johnny-sins/johnny-sins-1.jpg
2026-08-29 20:43:15,213 - INFO - downloader - image #22	https://wallpapers.com/images/hd/johnny-sins-pastel-filter-359stlklvh8c67zc.jpg
2026-08-29 20:43:15,248 - INFO - downloader - image #23	https://i.pinimg.com/originals/ae/dc/38/aedc38f5a4dfe29945e8094e200ab105.jpg
2026-08-29 20:43:15,504 - INFO - downloader - image #24	https://files.prokerala.com/news/photos/imgs/1024/johnny-sins-891444.jpg
2026-08-29 20:43:16,402 - INFO - downloader - image #25	https://actorshunk.com/wp-content/uploads/2024/02/mosttalentedbaldman_1693082278_3178126955887841998_56681234282-768x768.jpg
2026-08-29 20:43:16,701 - INFO - downloader - image #26	https://media.fstatic.com/a2ocbvzARtXqhs_svc51Ylu2rM4=/full-fit-in/640x480/media/artists/avatar/2021/04/johnny-sins_a641604.jpg
2026-08-29 20:43:17,277 - INFO - downloader - image #27	https://facts.net/wp-content/uploads/2023/10/22-astounding-facts-about-johnny-sins-1696433310.jpg
2026-08-29 20:43:18,377 - INFO - downloader - image #28	https://imgcdn.stablediffusionweb.com/2025/1/20/65166f32-6c1f-465b-bb28-a88ce8ed042c.jpg
2026-08-29 20:43:18,757 - ERROR - downloader - Response status code 403, file https://e0.pxfuel.com/wallpapers/793/711/desktop-wallpaper-johnny-sins-doctor-teacher-plumber-deliveryman-preacher-johnny-bhaiya-dentist-yoga-businessman-everything-astronaut-firefighter-cop-army-culprit-johnny-sins.jpg
2026-08-29 20:43:19,020 - INFO - downloader - image #29	https://images.squarespace-cdn.com/content/v1/6144d106ee0f834ae92b4f60/1685359681516-ODIWK6UV2A9ZOIMS87S9/Johnny+Sins+-+The+workout+flex+is+always+going+non-stop+for+the+heavyweight+model.jpg
2026-08-29 20:43:19,799 - INFO - parser - parsing result page https://www.bing.com/images/async?q=johnny sins professional photo&first=40
2026-08-29 20:43:20,528 - INFO - downloader - image #30	https://www.thebulletintime.com/wp-content/uploads/2024/09/Johnny-Sins-Net-Worth-2.jpg
2026-08-29 20:43:20,575 - INFO - downloader - image #31	https://i.pinimg.com/736x/8c/15/d9/8c15d94de70d503298c483f427adb1ce.jpg
2026-08-29 20:43:20,964 - INFO - downloader - image #32	https://wallpapers.com/images/hd/johnny-sins-youtube-video-wmj4aty0v0wu8rrx.jpg
2026-08-29 20:43:21,049 - INFO - downloader - image #33	https://wallpapers.com/images/hd/johnny-sins-wacky-selfie-qkwwxm0y83pqf8jp.jpg
2026-08-29 20:43:21,140 - INFO - downloader - image #34	https://wallpapers.com/images/hd/johnny-sins-at-convention-dmrg32u5m6tuw1s0.jpg
2026-08-29 20:43:21,233 - INFO - downloader - image #35	https://wallpapers.com/images/hd/fully-suited-johnny-sins-tja2j9hb1g5jbsxd.jpg
2026-08-29 20:43:21,278 - INFO - downloader - image #36	https://i.pinimg.com/736x/cb/ec/e2/cbece2857114d45fe8de0f827640eb78.jpg
2026-08-29 20:43:21,393 - INFO - downloader - image #37	https://www.neyazalim.com/wp-content/uploads/Johnny-Sinsin-kariyeri.jpg
2026-08-29 20:43:21,509 - ERROR - downloader - Response status code 403, file https://www.moyens.net/wp-content/uploads/2023/05/1682963289_Je-sais-quand-les-choses-sont-difficiles-Johnny-Sins-a.jpg
2026-08-29 20:43:21,780 - INFO - parser - parsing result page https://www.bing.com/images/async?q=johnny sins professional photo&first=60
2026-08-29 20:43:21,902 - ERROR - downloader - Response status code 403, file https://lifewithoutandy.com/wp-content/uploads/2019/10/38474517_2035421826788688_4779529225776398336_o.jpg
2026-08-29 20:43:21,969 - INFO - downloader - image #38	https://images.squarespace-cdn.com/content/v1/6144d106ee0f834ae92b4f60/1676640313992-EI0KQ0AERW7D9S5ZUJ6D/Who+says+you+can+only+work+on+your+abs+a+few+days+a+week%3F+Turns+out+muscle+man+Johnny+Sins+is+going+for+the+win+every+24+hours+with+his+insane+stomach.+.jpg
2026-08-29 20:43:22,145 - ERROR - downloader - Response status code 403, file https://www.lateja.cr/resizer/v2/VWGYSJWPXRBA5PNYVK32RWRMVM.jpg
2026-08-29 20:43:22,393 - INFO - downloader - image #39	https://aajivanbiography.com/wp-content/uploads/2025/07/Johnny-Sins.jpg
2026-08-29 20:43:22,466 - INFO - downloader - image #40	https://wallpapers.com/images/hd/johnny-sins-showing-off-green-screen-773oh2qvzu3jb0hj.jpg
2026-08-29 20:43:23,224 - INFO - downloader - image #41	https://ih0.redbubble.net/image.664756783.1475/pp,840x830-pad,1000x1000,f8f8f8.jpg
2026-08-29 20:43:23,436 - INFO - downloader - image #42	https://i.pinimg.com/originals/0f/a7/c6/0fa7c6a16ea9eeff456886281e59ab5f.jpg
2026-08-29 20:43:23,788 - INFO - parser - parsing result page https://www.bing.com/images/async?q=johnny sins professional photo&first=80
2026-08-29 20:43:24,524 - INFO - downloader - image #43	https://www.meme-arsenal.com/memes/4a9a1ff2b3496afcf4ad2dfc3e20cb54.jpg
2026-08-29 20:43:25,306 - INFO - downloader - image #44	https://static.wikia.nocookie.net/the-giant-memeverse/images/6/63/Johnny_Sins.jpg
2026-08-29 20:43:26,153 - INFO - downloader - image #45	https://www.thecuriouslycreative.com/wp-content/uploads/2024/11/Johnny-Sins-Net-Worth.jpg
2026-08-29 20:43:27,518 - INFO - downloader - image #46	https://imgcdn.stablediffusionweb.com/2024/9/15/0da5d9a2-6b4e-4222-b9e6-8817ab3e945a.jpg
2026-08-29 20:43:27,614 - INFO - downloader - image #47	https://wallpapers.com/images/hd/johnny-sins-and-roles-9o8lzgri4e0flfks.jpg
2026-08-29 20:43:27,775 - INFO - downloader - image #48	https://wallpapers.com/images/hd/johnny-sins-fan-photo-4ltrm6tv44ka0har.jpg
2026-08-29 20:43:28,067 - INFO - downloader - image #49	https://www.neyazalim.com/wp-content/uploads/Johnny-Sins-Kimdir.jpg
2026-08-29 20:43:28,236 - ERROR - downloader - Response status code 400, file https://media.gettyimages.com/id/1125797695/photo/las-vegas-nevada-adult-film-actor-johnny-sins-and-adult-film-actress-kissa-sins-attend-the.jpg
2026-08-29 20:43:28,558 - INFO - downloader - image #50	https://wallpaperaccess.com/full/1484499.jpg
2026-08-29 20:43:30,092 - INFO - downloader - image #51	https://www.rvcj.com/wp-content/uploads/2016/12/johhny.jpg
2026-08-29 20:43:31,662 - INFO - downloader - image #52	https://hdnicewallpapers.com/images/high/johnny-sins-showing-off-abs-h3b6p3ued8jususq.jpg
2026-08-29 20:43:31,739 - INFO - downloader - image #53	https://wallpapers.com/images/hd/johnny-sins-artwork-x35i7db6bypcn1gi.jpg
2026-08-29 20:43:32,037 - INFO - downloader - image #54	https://wallpapers.com/images/hd/johnny-sins-jojo-meme-l53d7qepl3u296d0.jpg
2026-08-29 20:43:32,586 - INFO - parser - no more page urls for thread parser-001 to parse
2026-08-29 20:43:32,592 - INFO - parser - thread parser-001 exit
2026-08-29 20:43:34,011 - INFO - downloader - image #55	https://www.gomoral.com/wp-content/uploads/2024/06/Johnny-Sins-Age-2-1536x864.jpg
2026-08-29 20:43:34,817 - INFO - downloader - image #56	https://www.meme-arsenal.com/memes/2c419d4f677997f44ce513f46fdc5178.jpg
2026-08-29 20:43:36,396 - INFO - downloader - image #57	https://www.thebulletintime.com/wp-content/uploads/2024/09/Johnny-Sins-Net-Worth-1.jpg
2026-08-29 20:43:39,829 - INFO - downloader - no more download task for thread downloader-001
2026-08-29 20:43:39,830 - INFO - downloader - thread downloader-001 exit
2026-08-29 20:43:41,399 - INFO - downloader - no more download task for thread downloader-002
2026-08-29 20:43:41,400 - INFO - downloader - thread downloader-002 exit
2026-08-29 20:43:42,167 - INFO - icrawler.crawler - Crawling task done!
2026-08-29 20:43:43,196 - INFO - icrawler.crawler - start crawling...
2026-08-29 20:43:43,197 - INFO - icrawler.crawler - starting 1 feeder threads...
2026-08-29 20:43:43,197 - INFO - feeder - thread feeder-001 exit
2026-08-29 20:43:43,197 - INFO - icrawler.crawler - starting 1 parser threads...
2026-08-29 20:43:43,198 - INFO - icrawler.crawler - starting 2 downloader threads...
2026-08-29 20:43:43,684 - INFO - parser - parsing result page https://www.bing.com/images/async?q=site:pinterest.com johnny sins&first=0
2026-08-29 20:43:44,084 - INFO - downloader - image #1	https://m.media-amazon.com/images/M/MV5BNzZhMDVmMjItZGIwYi00NzdiLWJkZjctNzQ5MzA4Njg4MDBhXkEyXkFqcGc@._V1_FMjpg_UX1000_.jpg
2026-08-29 20:43:44,119 - INFO - downloader - image #2	https://wallpapers.com/images/hd/johnny-sins-at-avn-awards-l3lbw03v8wpyzbkq.jpg
2026-08-29 20:43:44,413 - INFO - downloader - image #3	https://images.ladbible.com/resize?type=webp&quality=70&width=3840&fit=contain&gravity=auto&url=https://images.ladbiblegroup.com/v3/assets/bltcd74acc1d0a99f3a/blt4235a1ea3aee042f/6866c330333bde2f7f72b77a/GettyImages-1056597018.jpg
2026-08-29 20:43:44,756 - INFO - downloader - image #4	https://celebrealname.com/wp-content/uploads/2024/01/johnny-sins-768x768.jpg
2026-08-29 20:43:44,883 - INFO - downloader - image #5	https://nypost.com/wp-content/uploads/sites/2/2022/11/GettyImages-1125797695.jpg
2026-08-29 20:43:45,033 - INFO - downloader - image #6	https://wallpapers.com/images/hd/johnny-sins-posing-at-avn-awards-xj4uhui67ksgo49s.jpg
2026-08-29 20:43:45,074 - INFO - downloader - image #7	https://wikibio.in/wp-content/uploads/2019/02/Johnny-Sins.jpg
2026-08-29 20:43:45,558 - ERROR - downloader - Response status code 400, file https://www.indy100.com/media-library/sins-is-the-most-popular-male-porn-star-in-the-industry.jpg
2026-08-29 20:43:45,640 - INFO - downloader - image #8	https://wallpapers.com/images/hd/smiling-johnny-sins-0hlr7xbb3sx3drnh.jpg
2026-08-29 20:43:50,046 - ERROR - downloader - Exception caught when downloading file https://www.xlovecam.com/blog/wp-content/uploads/2024/01/1kbhw77nlzcr3jv8u2dsfpa-1024x576.jpg, error: HTTPSConnectionPool(host='www.xlovecam.com', port=443): Max retries exceeded with url: /blog/wp-content/uploads/2024/01/1kbhw77nlzcr3jv8u2dsfpa-1024x576.jpg (Caused by ConnectTimeoutError(<HTTPSConnection(host='www.xlovecam.com', port=443) at 0x172ec3d00>, 'Connection to www.xlovecam.com timed out. (connect timeout=5)')), remaining retry times: 2
2026-08-29 20:43:52,268 - ERROR - downloader - Exception caught when downloading file https://wikilifeng.com/contents/uploads/biographies/biography-1623--i-don-t-know-my-official-body-count-but-it-s-somewhere-around-2-500---adult-star-johnny-sins-reveals-photos--06012025.jpg, error: HTTPSConnectionPool(host='www1.wikilifeng.com', port=443): Read timed out. (read timeout=5), remaining retry times: 2
2026-08-29 20:43:53,178 - INFO - downloader - image #9	https://wikilifeng.com/contents/uploads/biographies/biography-1623--i-don-t-know-my-official-body-count-but-it-s-somewhere-around-2-500---adult-star-johnny-sins-reveals-photos--06012025.jpg
2026-08-29 20:43:53,260 - INFO - downloader - image #10	https://wallpapers.com/images/hd/johnny-sins-youtube-video-wmj4aty0v0wu8rrx.jpg
2026-08-29 20:43:53,780 - INFO - downloader - image #11	https://i.ytimg.com/vi/gXHtoHW9JMo/maxresdefault.jpg
2026-08-29 20:43:54,090 - INFO - downloader - image #12	https://img-s3.onedio.com/id-636fbf45a99378ac2941e5d5/rev-0/w-900/h-900/f-jpg/s-e76eba700fc8c1c5f2e6f65c34d9d6d2f1a1ed1d.jpg
2026-08-29 20:43:54,396 - INFO - downloader - image #13	https://www.kemifilani.ng/wp-content/uploads/2022/09/Johnny-Sins-net-worth.jpg
2026-08-29 20:43:55,056 - ERROR - downloader - Exception caught when downloading file https://www.xlovecam.com/blog/wp-content/uploads/2024/01/1kbhw77nlzcr3jv8u2dsfpa-1024x576.jpg, error: HTTPSConnectionPool(host='www.xlovecam.com', port=443): Max retries exceeded with url: /blog/wp-content/uploads/2024/01/1kbhw77nlzcr3jv8u2dsfpa-1024x576.jpg (Caused by ConnectTimeoutError(<HTTPSConnection(host='www.xlovecam.com', port=443) at 0x172d1fe20>, 'Connection to www.xlovecam.com timed out. (connect timeout=5)')), remaining retry times: 1
2026-08-29 20:43:56,391 - INFO - downloader - image #14	https://www.kocaelihaberdar.com.tr/cropImages/1280x/haberler/2023/11/23/17931442-johnny-sins2-1700748808.jpg
2026-08-29 20:43:56,824 - INFO - parser - parsing result page https://www.bing.com/images/async?q=site:pinterest.com johnny sins&first=20
2026-08-29 20:43:57,071 - INFO - parser - parsing result page https://www.bing.com/images/async?q=site:pinterest.com johnny sins&first=40
2026-08-29 20:43:57,321 - INFO - parser - parsing result page https://www.bing.com/images/async?q=site:pinterest.com johnny sins&first=60
2026-08-29 20:43:57,460 - INFO - downloader - image #15	https://i2-prod.dailystar.co.uk/incoming/article28278188.ece/ALTERNATES/s615b/0_Global-porn-star-Johnny-Sins-on-the-crazy-weird-sex-scene-that-still-makes-him-wince.jpg
2026-08-29 20:43:57,581 - INFO - parser - parsing result page https://www.bing.com/images/async?q=site:pinterest.com johnny sins&first=80
2026-08-29 20:43:57,912 - INFO - downloader - image #16	https://actorshunk.com/wp-content/uploads/2024/02/mosttalentedbaldman_1693082278_3178126955887841998_56681234282.jpg
2026-08-29 20:43:58,348 - INFO - downloader - image #17	https://st1.latestly.com/wp-content/uploads/2022/11/Johnny-Sins-784x441.jpg
2026-08-29 20:43:58,978 - INFO - downloader - image #18	https://static.tweaktown.com/news/9/2/92878_498894_james-gunn-responds-to-rumors-that-porn-star-johnny-sins-will-play-lex-luthor_full.jpg
2026-08-29 20:43:59,359 - INFO - downloader - image #19	https://wallpapers.com/images/hd/johnny-sins-at-film-shoot-yqolr3nzbr33f7zt.jpg
2026-08-29 20:43:59,621 - INFO - parser - no more page urls for thread parser-001 to parse
2026-08-29 20:43:59,621 - INFO - parser - thread parser-001 exit
2026-08-29 20:44:00,067 - ERROR - downloader - Exception caught when downloading file https://www.xlovecam.com/blog/wp-content/uploads/2024/01/1kbhw77nlzcr3jv8u2dsfpa-1024x576.jpg, error: HTTPSConnectionPool(host='www.xlovecam.com', port=443): Max retries exceeded with url: /blog/wp-content/uploads/2024/01/1kbhw77nlzcr3jv8u2dsfpa-1024x576.jpg (Caused by ConnectTimeoutError(<HTTPSConnection(host='www.xlovecam.com', port=443) at 0x172e132e0>, 'Connection to www.xlovecam.com timed out. (connect timeout=5)')), remaining retry times: 0
2026-08-29 20:44:04,367 - INFO - downloader - no more download task for thread downloader-002
2026-08-29 20:44:04,368 - INFO - downloader - thread downloader-002 exit
2026-08-29 20:44:05,077 - INFO - downloader - no more download task for thread downloader-001
2026-08-29 20:44:05,078 - INFO - downloader - thread downloader-001 exit
2026-08-29 20:44:05,322 - INFO - icrawler.crawler - Crawling task done!
2026-08-29 20:44:06,335 - INFO - icrawler.crawler - start crawling...
2026-08-29 20:44:06,335 - INFO - icrawler.crawler - starting 1 feeder threads...
2026-08-29 20:44:06,336 - INFO - feeder - thread feeder-001 exit
2026-08-29 20:44:06,337 - INFO - icrawler.crawler - starting 1 parser threads...
2026-08-29 20:44:06,339 - INFO - icrawler.crawler - starting 2 downloader threads...
2026-08-29 20:44:06,769 - INFO - parser - parsing result page https://www.bing.com/images/async?q=site:pinterest.com johnnysins&first=0
2026-08-29 20:44:07,034 - INFO - parser - parsing result page https://www.bing.com/images/async?q=site:pinterest.com johnnysins&first=20
2026-08-29 20:44:08,969 - INFO - downloader - image #1	https://img.freepik.com/free-photo/close-up-sepak-takraw-ball-rattan-ball-floor_45541-128.jpg
2026-08-29 20:44:08,981 - INFO - downloader - image #2	https://i.etsystatic.com/11742042/r/il/5e59b9/929232681/il_1140xN.929232681_gl6i.jpg
2026-08-29 20:44:10,637 - INFO - downloader - image #3	https://terrapintrading.co.uk/product/takraw-ball/187548_49fe7561-ab2d-4128-8873-506ea63c0bf60.jpg
2026-08-29 20:44:10,894 - INFO - downloader - image #4	https://terrapintrading.co.uk/wp-content/uploads/2023/03/187548_6ebf6fe7-337a-4963-b827-0e53153e58110-1024x1018.jpg
2026-08-29 20:44:12,373 - INFO - downloader - image #5	https://sc01.alicdn.com/kf/A10e2bdb4722642a7bd70373d6d1c3734k.jpg
2026-08-29 20:44:12,973 - INFO - downloader - image #6	https://image.shutterstock.com/shutterstock/photos/1542141944/display_1500/stock-photo-sepak-takraw-ball-or-rattan-ball-lay-on-the-ground-with-silhouette-wire-mesh-background-1542141944.jpg
2026-08-29 20:44:13,305 - INFO - parser - parsing result page https://www.bing.com/images/async?q=site:pinterest.com johnnysins&first=40
2026-08-29 20:44:14,694 - INFO - downloader - image #7	https://www.badmintonbay.com/image/cache/data/GajahEmas/gajahemas-511-men-takraw-tournament-ball-01-1600x1600.jpg
2026-08-29 20:44:15,708 - INFO - downloader - image #8	https://sepaktakraw.co.uk/wp-content/uploads/2025/08/pexels-alexeydemidov-11090560-scaled.jpg
2026-08-29 20:44:16,162 - INFO - downloader - image #9	https://gatorgross.com/wp-content/uploads/2024/04/Untitled-design-2024-04-19T075444.910-1024x577.jpg
2026-08-29 20:44:16,265 - INFO - downloader - image #10	https://as1.ftcdn.net/v2/jpg/05/39/90/58/1000_F_539905849_Cx0S7DbtiUHpgqJOw0nYoAq2aNUR6suk.jpg
2026-08-29 20:44:16,687 - INFO - downloader - image #11	https://5.imimg.com/data5/SELLER/Default/2026/2/583856082/YX/BZ/QA/9399702/sepak-takraw-ball-1000x1000.jpg
2026-08-29 20:44:16,970 - INFO - downloader - image #12	https://media.istockphoto.com/id/499567356/photo/sepak-takraw-ball.jpg
2026-08-29 20:44:16,993 - INFO - downloader - image #13	https://i.redd.it/ayw0szb02b2c1.jpg
2026-08-29 20:44:17,222 - INFO - downloader - image #14	https://i.pinimg.com/736x/23/39/f1/2339f16dce0d0d340eebf03a69dfd33a.jpg
2026-08-29 20:44:17,226 - INFO - parser - parsing result page https://www.bing.com/images/async?q=site:pinterest.com johnnysins&first=60
2026-08-29 20:44:17,375 - INFO - downloader - image #15	https://i.etsystatic.com/18231753/r/il/44a592/4729331577/il_fullxfull.4729331577_dij3.jpg
2026-08-29 20:44:17,868 - INFO - downloader - image #16	https://modkat.com/cdn/shop/articles/breeds_1800x.jpg
2026-08-29 20:44:18,235 - INFO - downloader - image #17	https://img.freepik.com/free-vector/cat-breed-set_1284-12388.jpg
2026-08-29 20:44:18,798 - INFO - downloader - image #18	https://cdn.britannica.com/15/193115-050-0D385DDA/Collage-cats-cat-quiz-Mendel.jpg
2026-08-29 20:44:19,061 - INFO - downloader - image #19	https://7esl.com/wp-content/uploads/2021/06/Cat-Breeds-1.jpg
2026-08-29 20:44:19,355 - INFO - downloader - image #20	https://i.ytimg.com/vi/TNBlVtpIuFk/maxresdefault.jpg
2026-08-29 20:44:19,641 - INFO - downloader - image #21	https://i.ytimg.com/vi/x_6tici80Bc/maxresdefault.jpg
2026-08-29 20:44:20,017 - INFO - downloader - image #22	https://www.rakhachicken.id/image-header/thumbnail.jpg
2026-08-29 20:44:20,162 - INFO - downloader - image #23	https://www.ruchikrandhap.com/wp-content/uploads/2014/12/Raisin-Chicken_Ruchik-Randhap.jpg
2026-08-29 20:44:21,319 - INFO - downloader - image #24	https://img-mm.manoramaonline.com/content/dam/mm/mo/pachakam/readers-recipe/images/2022/11/24/arabic-chicken-rice.jpg
2026-08-29 20:44:22,429 - INFO - downloader - image #25	https://imgs.etvbharat.com/etvbharat/prod-images/01-03-2026/26151180_chicken.jpg
2026-08-29 20:44:23,020 - INFO - downloader - image #26	https://i.ytimg.com/vi/dWc0G9cF_E4/maxresdefault.jpg
2026-08-29 20:44:23,175 - INFO - parser - parsing result page https://www.bing.com/images/async?q=site:pinterest.com johnnysins&first=80
2026-08-29 20:44:23,237 - INFO - downloader - image #27	https://www.ruchikrandhap.com/wp-content/uploads/2014/12/RaisinChicken2-1.jpg
2026-08-29 20:44:23,737 - INFO - downloader - image #28	https://i.pinimg.com/736x/5c/56/26/5c56263528ab886841c70593ddb3b143.jpg
2026-08-29 20:44:25,015 - INFO - downloader - image #29	https://pbs.twimg.com/profile_images/1986765773944352768/x94UfE0s_400x400.jpg
2026-08-29 20:44:25,214 - INFO - downloader - image #30	https://static.wixstatic.com/media/704c52_03334c84bb0b430ca6d49c6cd18d63ce~mv2.jpg
2026-08-29 20:44:26,026 - INFO - downloader - image #31	https://images.deliveryhero.io/image/fd-bd/LH/xj8l-listing.jpg
2026-08-29 20:44:26,115 - INFO - downloader - image #32	https://static.wixstatic.com/media/704c52_c13699dc2eec430385b5671111880cd8~mv2.jpg
2026-08-29 20:44:26,875 - INFO - downloader - image #33	https://i.ytimg.com/vi/3npjbFmyXOc/hqdefault.jpg
2026-08-29 20:44:27,064 - INFO - downloader - image #34	https://memsaabstory.com/wp-content/uploads/2012/05/mehmood_and_siblings.jpg
2026-08-29 20:44:27,295 - INFO - downloader - image #35	https://i.ytimg.com/vi/c6WhACiouQY/maxresdefault.jpg
2026-08-29 20:44:27,518 - INFO - downloader - image #36	https://i.ytimg.com/vi/HKYvEXVCNmU/hq720.jpg
2026-08-29 20:44:28,899 - INFO - downloader - image #37	https://reviewit.pk/wp-content/uploads/2020/07/44106555_2024962147584965_753963542964600832_n.jpg
2026-08-29 20:44:29,303 - INFO - parser - no more page urls for thread parser-001 to parse
2026-08-29 20:44:29,304 - INFO - parser - thread parser-001 exit
2026-08-29 20:44:29,600 - INFO - downloader - image #38	https://i.pinimg.com/originals/72/ae/af/72aeaf7d5b934fabdb57731923b60775.jpg
2026-08-29 20:44:29,982 - INFO - downloader - image #39	https://www.bollywoodshaadis.com/img/article-l-2022513521310977469000.jpg
2026-08-29 20:44:30,559 - INFO - downloader - image #40	https://images.mid-day.com/images/images/2020/mar/09/junior-mehmood_l.jpg
2026-08-29 20:44:30,686 - INFO - downloader - image #41	https://www.bollywoodshaadis.com/img/article-l-20211132017080261682000.jpg
2026-08-29 20:44:35,696 - INFO - downloader - no more download task for thread downloader-001
2026-08-29 20:44:35,698 - INFO - downloader - thread downloader-001 exit
2026-08-29 20:44:36,660 - INFO - downloader - no more download task for thread downloader-002
2026-08-29 20:44:36,660 - INFO - downloader - thread downloader-002 exit
2026-08-29 20:44:37,548 - INFO - icrawler.crawler - Crawling task done!
2026-08-29 20:44:38,580 - INFO - icrawler.crawler - start crawling...
2026-08-29 20:44:38,580 - INFO - icrawler.crawler - starting 1 feeder threads...
2026-08-29 20:44:38,580 - INFO - feeder - thread feeder-001 exit
2026-08-29 20:44:38,580 - INFO - icrawler.crawler - starting 1 parser threads...
2026-08-29 20:44:38,581 - INFO - icrawler.crawler - starting 2 downloader threads...
2026-08-29 20:44:39,275 - INFO - parser - parsing result page https://www.bing.com/images/async?q=johnny sins youtube thumbnail&first=0
2026-08-29 20:44:40,059 - INFO - downloader - image #1	https://i.ytimg.com/vi/voPYrzMKxrE/maxresdefault.jpg
2026-08-29 20:44:40,231 - INFO - downloader - image #2	https://i.ytimg.com/vi/P5Ly0KSRTwA/maxresdefault.jpg
2026-08-29 20:44:40,419 - INFO - downloader - image #3	https://i.ytimg.com/vi/QWhd2q1GjY0/maxresdefault.jpg
2026-08-29 20:44:40,592 - INFO - downloader - image #4	https://i.ytimg.com/vi/P9-Ykx_-SKU/maxresdefault.jpg
2026-08-29 20:44:41,170 - INFO - downloader - image #5	https://i.ytimg.com/vi/0y7I4s32Tls/oar2.jpg
2026-08-29 20:44:41,373 - INFO - downloader - image #6	https://i.ytimg.com/vi/xSFVE_zfn1o/maxresdefault.jpg
2026-08-29 20:44:41,473 - INFO - downloader - image #7	https://i.ytimg.com/vi/PUfjt8lS_jM/oar2.jpg
2026-08-29 20:44:41,720 - INFO - downloader - image #8	https://i.ytimg.com/vi/_55NCq6JkEQ/maxresdefault.jpg
2026-08-29 20:44:41,954 - INFO - downloader - image #9	https://i.ytimg.com/vi/sS24T-4YcmY/maxresdefault.jpg
2026-08-29 20:44:42,363 - INFO - downloader - image #10	https://i.ytimg.com/vi/cfPutDbfHUw/oar2.jpg
2026-08-29 20:44:42,430 - INFO - downloader - image #11	https://i.ytimg.com/vi/W0-i1pNiJMo/maxresdefault.jpg
2026-08-29 20:44:42,803 - INFO - downloader - image #12	https://i.ytimg.com/vi/rUGs148cans/oardefault.jpg
2026-08-29 20:44:42,813 - INFO - downloader - image #13	https://i.ytimg.com/vi/gRnCdrOE4Kg/maxresdefault.jpg
2026-08-29 20:44:43,107 - INFO - downloader - image #14	https://i.ytimg.com/vi/nhHMMFnLtwI/maxres2.jpg
2026-08-29 20:44:43,206 - ERROR - downloader - Response status code 404, file https://i.ytimg.com/vi/CL-EsCYYQ8k/oar2.jpg
2026-08-29 20:44:43,217 - INFO - downloader - image #15	https://i.ytimg.com/vi/B4uYfttBWmc/hqdefault.jpg
2026-08-29 20:44:43,219 - INFO - parser - parsing result page https://www.bing.com/images/async?q=johnny sins youtube thumbnail&first=20
2026-08-29 20:44:43,619 - INFO - downloader - image #16	https://i.ytimg.com/vi/lEXpN_jHyOI/hq2.jpg
2026-08-29 20:44:43,747 - INFO - downloader - image #17	https://i.ytimg.com/vi/4gO_g5jbwZc/maxresdefault.jpg
2026-08-29 20:44:43,836 - ERROR - downloader - Response status code 404, file https://i.ytimg.com/vi/M7D5CoYAYFc/oar2.jpg
2026-08-29 20:44:43,898 - INFO - downloader - image #18	https://i.ytimg.com/vi/vYDtelqaVso/oar2.jpg
2026-08-29 20:44:44,122 - INFO - parser - parsing result page https://www.bing.com/images/async?q=johnny sins youtube thumbnail&first=40
2026-08-29 20:44:44,283 - INFO - downloader - image #19	https://i.ytimg.com/vi/DIbUaaISLlc/maxresdefault.jpg
2026-08-29 20:44:44,382 - INFO - downloader - image #20	https://i.ytimg.com/vi/7VHiTGjkIvQ/maxresdefault.jpg
2026-08-29 20:44:44,398 - INFO - downloader - image #21	https://i.ytimg.com/vi/Ibivn5T6jSI/oar2.jpg
2026-08-29 20:44:44,682 - INFO - downloader - image #22	https://i.ytimg.com/vi/yPN9HpntNbY/hq720_2.jpg
2026-08-29 20:44:45,044 - INFO - downloader - image #23	https://i.ytimg.com/vi/j0qocaGqyYY/maxresdefault.jpg
2026-08-29 20:44:45,072 - INFO - downloader - image #24	https://i.ytimg.com/vi/ZUcxScENHWA/oar2.jpg
2026-08-29 20:44:45,368 - INFO - downloader - image #25	https://i.ytimg.com/vi/KdAe7PYPWYk/maxresdefault.jpg
2026-08-29 20:44:45,524 - INFO - downloader - image #26	https://i.ytimg.com/vi/aHoKPjTO6Ds/maxresdefault.jpg
2026-08-29 20:44:45,669 - INFO - downloader - image #27	https://wallpapers.com/images/high/johnny-sins-youtube-video-wmj4aty0v0wu8rrx.jpg
2026-08-29 20:44:46,184 - INFO - downloader - image #28	https://i.ytimg.com/vi/gICtOPvFN9w/maxresdefault.jpg
2026-08-29 20:44:46,188 - INFO - downloader - image #29	https://i.ytimg.com/vi/yF59uWsQSjY/maxresdefault.jpg
2026-08-29 20:44:46,644 - INFO - downloader - image #30	https://i.ytimg.com/vi/nLkSXf7MUWI/hq720_2.jpg
2026-08-29 20:44:46,652 - INFO - downloader - image #31	https://i.ytimg.com/vi/ZUcxScENHWA/maxres2.jpg
2026-08-29 20:44:47,123 - INFO - downloader - image #32	https://i.ytimg.com/vi/3nPg1NQNu3c/oardefault.jpg
2026-08-29 20:44:47,319 - INFO - downloader - image #33	https://i.ytimg.com/vi/3P4BRUqXbtE/maxres2.jpg
2026-08-29 20:44:47,436 - INFO - parser - parsing result page https://www.bing.com/images/async?q=johnny sins youtube thumbnail&first=60
2026-08-29 20:44:47,570 - INFO - downloader - image #34	https://i.ytimg.com/vi/h2C68OqwZug/maxres2.jpg
2026-08-29 20:44:47,623 - INFO - downloader - image #35	https://i.ytimg.com/vi/JqzPH1FRcLw/maxresdefault.jpg
2026-08-29 20:44:47,650 - ERROR - downloader - Response status code 404, file https://i.ytimg.com/vi/VE2ZsoS98r8/hq720_2.jpg
2026-08-29 20:44:47,949 - INFO - downloader - image #36	https://i.ytimg.com/vi/LZLJrI95GAw/maxresdefault.jpg
2026-08-29 20:44:48,166 - INFO - downloader - image #37	https://i.ytimg.com/vi/2SHvcyQ3Tlc/maxresdefault.jpg
2026-08-29 20:44:48,826 - INFO - downloader - image #38	https://i.ytimg.com/vi/89w_kethe7M/maxresdefault.jpg
2026-08-29 20:44:48,839 - INFO - downloader - image #39	https://i.ytimg.com/vi/_Ks1BfGl5Wc/oar2.jpg
2026-08-29 20:44:49,290 - INFO - downloader - image #40	https://i.ytimg.com/vi/TUmgSM5i7Og/maxresdefault.jpg
2026-08-29 20:44:49,333 - INFO - downloader - image #41	https://i.ytimg.com/vi/n1tJdcnRt6Q/maxres2.jpg
2026-08-29 20:44:49,399 - INFO - downloader - image #42	https://i.ytimg.com/vi/6L8iB1SfdcQ/maxresdefault.jpg
2026-08-29 20:44:49,680 - ERROR - downloader - Response status code 404, file https://i.ytimg.com/vi/CyXKIisXxLI/hq720_2.jpg
2026-08-29 20:44:49,790 - INFO - downloader - image #43	https://i.ytimg.com/vi/TITRhfImX3Y/hq2.jpg
2026-08-29 20:44:50,049 - INFO - downloader - image #44	https://i.ytimg.com/vi/D6CKvC_LBwo/maxresdefault.jpg
2026-08-29 20:44:50,091 - INFO - downloader - image #45	https://i.ytimg.com/vi/h3QJbYQlYlA/maxresdefault.jpg
2026-08-29 20:44:50,373 - INFO - parser - parsing result page https://www.bing.com/images/async?q=johnny sins youtube thumbnail&first=80
2026-08-29 20:44:50,401 - INFO - downloader - image #46	https://i.ytimg.com/vi/42VTnNFTdTE/maxresdefault.jpg
2026-08-29 20:44:50,423 - INFO - downloader - image #47	https://i.ytimg.com/vi/HvWekWPpw1c/oar2.jpg
2026-08-29 20:44:50,715 - INFO - downloader - image #48	https://i.ytimg.com/vi/EtdlXDYu-1Q/maxres2.jpg
2026-08-29 20:44:51,057 - INFO - downloader - image #49	https://i.ytimg.com/vi/43ix6G-o3UQ/maxres2.jpg
2026-08-29 20:44:51,383 - INFO - downloader - image #50	https://i.ytimg.com/vi/fL-kyFZDGvo/maxresdefault.jpg
2026-08-29 20:44:51,396 - INFO - downloader - image #51	https://i.ytimg.com/vi/erY73CK4xcw/maxresdefault.jpg
2026-08-29 20:44:51,694 - INFO - downloader - image #52	https://i.ytimg.com/vi/Lue7SkUjsRI/maxresdefault.jpg
2026-08-29 20:44:52,583 - INFO - downloader - image #53	https://img-s2.onedio.com/id-5a36d3015d685bd013a890f7/rev-0/w-700/f-jpg/s-25dd0e96495b2986c3ddcf14386fcf3f47986ebc.jpg
2026-08-29 20:44:52,860 - INFO - downloader - image #54	https://i.ytimg.com/vi/2Bakmz2FQOY/maxresdefault.jpg
2026-08-29 20:44:53,331 - INFO - downloader - image #55	https://i.ytimg.com/vi/_shSMeOkAaQ/maxres2.jpg
2026-08-29 20:44:53,461 - INFO - downloader - image #56	https://wallpapers.com/images/hd/johnny-sins-with-beanie-yfpu5fwa5rpv1iol.jpg
2026-08-29 20:44:54,956 - INFO - downloader - image #57	https://onlywikis.com/wp-content/uploads/2023/06/johnny-sins-youtube.jpg
2026-08-29 20:44:55,432 - INFO - downloader - image #58	https://i.ytimg.com/vi/3P4BRUqXbtE/oar2.jpg
2026-08-29 20:44:55,554 - INFO - downloader - image #59	https://wealthypeeps.com/wp-content/uploads/2023/11/Johnny-Sins-YouTube-Comments-fans.jpg
2026-08-29 20:44:55,854 - INFO - downloader - image #60	https://i.ytimg.com/vi/fqFACbMR9gU/maxresdefault.jpg
2026-08-29 20:44:55,940 - INFO - downloader - image #61	https://i.ytimg.com/vi/aa9e3KOs5co/hq720.jpg
2026-08-29 20:44:57,182 - INFO - downloader - image #62	https://wallpapers.com/images/hd/johnny-sins-with-award-w6rkexvf56geckoe.jpg
2026-08-29 20:44:57,473 - INFO - parser - no more page urls for thread parser-001 to parse
2026-08-29 20:44:57,473 - INFO - parser - thread parser-001 exit
2026-08-29 20:44:57,556 - INFO - downloader - image #63	https://globalwikibio.com/wp-content/uploads/2023/03/Johnny-Sins-WikiBiography.jpg
2026-08-29 20:45:02,208 - INFO - downloader - no more download task for thread downloader-002
2026-08-29 20:45:02,210 - INFO - downloader - thread downloader-002 exit
2026-08-29 20:45:02,567 - INFO - downloader - no more download task for thread downloader-001
2026-08-29 20:45:02,568 - INFO - downloader - thread downloader-001 exit
2026-08-29 20:45:02,719 - INFO - icrawler.crawler - Crawling task done!
2026-08-29 20:45:03,745 - INFO - icrawler.crawler - start crawling...
2026-08-29 20:45:03,745 - INFO - icrawler.crawler - starting 1 feeder threads...
2026-08-29 20:45:03,745 - INFO - feeder - thread feeder-001 exit
2026-08-29 20:45:03,745 - INFO - icrawler.crawler - starting 1 parser threads...
2026-08-29 20:45:03,746 - INFO - icrawler.crawler - starting 2 downloader threads...
2026-08-29 20:45:04,490 - INFO - parser - parsing result page https://www.bing.com/images/async?q=johnny sins meme face&first=0
2026-08-29 20:45:05,793 - INFO - downloader - image #1	https://cdn.kibrispdr.org/data/681/johnny-sins-meme-2.jpg
2026-08-29 20:45:06,064 - INFO - downloader - image #2	https://humornama.com/wp-content/uploads/2022/08/Johnny-Sins-Meme-on-Moon-Knight.jpg
2026-08-29 20:45:06,508 - ERROR - downloader - Response status code 429, file https://chameleonmemes.com/wp-content/uploads/2022/12/what-is-this-mans-ocupation.jpg
2026-08-29 20:45:06,933 - INFO - downloader - image #3	https://wallpapers.com/images/hd/johnny-sins-jojo-meme-l53d7qepl3u296d0.jpg
2026-08-29 20:45:07,228 - INFO - downloader - image #4	https://i.kym-cdn.com/photos/images/original/001/034/961/a63.jpg
2026-08-29 20:45:07,284 - INFO - downloader - image #5	https://humornama.com/wp-content/uploads/2022/08/Johnny-Sins-Meme-on-Spiderman-No-Way-Home.jpg
2026-08-29 20:45:07,779 - INFO - downloader - image #6	https://humornama.com/wp-content/uploads/2022/03/Johnny-Sins-Meme-on-Doctor.jpg
2026-08-29 20:45:08,485 - INFO - downloader - image #7	https://i.ytimg.com/vi/0K_KBjG0DtU/hqdefault.jpg
2026-08-29 20:45:08,544 - INFO - downloader - image #8	https://humornama.com/wp-content/uploads/2022/08/Johnny-Sins-Boss-Meme.jpg
2026-08-29 20:45:09,100 - INFO - downloader - image #9	https://img-9gag-fun.9cache.com/photo/aYV82j2_460s.jpg
2026-08-29 20:45:09,134 - INFO - downloader - image #10	https://i.redd.it/69ojwyxginf81.jpg
2026-08-29 20:45:09,969 - INFO - downloader - image #11	https://humornama.com/wp-content/uploads/2022/08/He-Protec-He-Attac-But-Most-Importantly-Meme-561x655.jpg
2026-08-29 20:45:10,492 - INFO - downloader - image #12	https://i.pinimg.com/736x/85/25/68/852568e86ab468a33870ce011284cc10.jpg
2026-08-29 20:45:11,023 - INFO - downloader - image #13	https://humornama.com/wp-content/uploads/2022/08/Johnny-Sins-Presentation-Meme-561x655.jpg
2026-08-29 20:45:11,402 - INFO - downloader - image #14	https://humornama.com/wp-content/uploads/2022/08/Johnny-Sins-Memes-On-Porn-1122x631.jpg
2026-08-29 20:45:11,405 - INFO - downloader - image #15	https://www.meme-arsenal.com/memes/eca1974d3a2dc623ce3fd85fdc2e464f.jpg
2026-08-29 20:45:12,086 - INFO - downloader - image #16	https://www.meme-arsenal.com/memes/72b1da802902988bf448038c8fe3913f.jpg
2026-08-29 20:45:12,375 - INFO - downloader - image #17	https://humornama.com/wp-content/uploads/2022/03/Johnny-Sins-Meme-on-Astronaut-768x538.jpg
2026-08-29 20:45:12,661 - INFO - downloader - image #18	https://www.meme-arsenal.com/memes/f90b3f601e8616253e2121debe00630f.jpg
2026-08-29 20:45:12,971 - INFO - downloader - image #19	https://humornama.com/wp-content/uploads/2022/08/Art-and-Artist-Meme-on-Johnny-Sins-561x374.jpg
2026-08-29 20:45:13,274 - INFO - downloader - image #20	https://i.redd.it/lqdfn8bnlso61.jpg
2026-08-29 20:45:13,544 - INFO - downloader - image #21	https://humornama.com/wp-content/uploads/2022/08/Chmapaklal-Meme-on-Johnny-Sins.jpg
2026-08-29 20:45:13,796 - INFO - downloader - image #22	https://www.meme-arsenal.com/memes/688045faf988a11c162cdd56d3668d44.jpg
2026-08-29 20:45:13,865 - INFO - downloader - image #23	https://i.pinimg.com/originals/3d/f7/27/3df72713085d7b0d3896684b381d4c73.jpg
2026-08-29 20:45:13,913 - INFO - downloader - image #24	https://humornama.com/wp-content/uploads/2022/08/Johnny-Sins-Anime-Meme-561x655.jpg
2026-08-29 20:45:14,158 - INFO - parser - parsing result page https://www.bing.com/images/async?q=johnny sins meme face&first=20
2026-08-29 20:45:14,407 - INFO - downloader - image #25	https://i.imgflip.com/5mq3ib.jpg
2026-08-29 20:45:15,579 - INFO - downloader - image #26	https://humornama.com/wp-content/uploads/2022/03/Johnny-Sins-Meme-on-Wrestling-Champion-1024x1024.jpg
2026-08-29 20:45:15,665 - INFO - downloader - image #27	https://www.meme-arsenal.com/memes/cade6bb1dfb67f6b5687a226449b582a.jpg
2026-08-29 20:45:15,860 - INFO - downloader - image #28	https://humornama.com/wp-content/uploads/2022/08/Dr-Sins-MD-Meme.jpg
2026-08-29 20:45:15,948 - INFO - downloader - image #29	https://humornama.com/wp-content/uploads/2022/08/He-Protec-He-Attac-But-Most-Importantly-Meme-313x365.jpg
2026-08-29 20:45:16,205 - INFO - downloader - image #30	https://i.imgflip.com/2ix98g.jpg
2026-08-29 20:45:16,251 - INFO - downloader - image #31	https://humornama.com/wp-content/uploads/2022/08/Johnny-Sins-Presentation-Meme-364x425.jpg
2026-08-29 20:45:16,391 - ERROR - downloader - Response status code 403, file https://preview.redd.it/69ojwyxginf81.jpg
2026-08-29 20:45:16,875 - INFO - downloader - image #32	https://i.ytimg.com/vi/5RSI5vHVv70/maxresdefault.jpg
2026-08-29 20:45:17,221 - INFO - parser - parsing result page https://www.bing.com/images/async?q=johnny sins meme face&first=40
2026-08-29 20:45:17,373 - INFO - downloader - image #33	https://www.meme-arsenal.com/memes/2877994a3b11d81d6cebc44aa2a233bc.jpg
2026-08-29 20:45:17,682 - INFO - downloader - image #34	https://www.meme-arsenal.com/memes/03594ced4425f3c0dc6609192ac72c1e.jpg
2026-08-29 20:45:18,272 - INFO - downloader - image #35	https://www.meme-arsenal.com/memes/8e3a64d277b823d3ab8175c4ca234544.jpg
2026-08-29 20:45:18,374 - INFO - downloader - image #36	https://i.ytimg.com/vi/ePRN1LQPGI8/hq720_2.jpg
2026-08-29 20:45:18,844 - INFO - downloader - image #37	https://st1.latestly.com/wp-content/uploads/2022/11/Johnny-Sins-Funny-Memes.jpg
2026-08-29 20:45:18,857 - INFO - downloader - image #38	https://i.pinimg.com/originals/18/02/3d/18023d3974a2444bd38f3032d1aee224.jpg
2026-08-29 20:45:19,212 - INFO - downloader - image #39	https://i.imgflip.com/736kpb.jpg
2026-08-29 20:45:19,510 - INFO - downloader - image #40	https://i.pinimg.com/originals/fe/fe/9c/fefe9c898ebd88e7d25321a6c4e123cd.jpg
2026-08-29 20:45:19,886 - INFO - downloader - image #41	https://i.kym-cdn.com/photos/images/original/002/093/396/2a8.jpg
2026-08-29 20:45:20,135 - INFO - downloader - image #42	https://www.meme-arsenal.com/memes/4a9a1ff2b3496afcf4ad2dfc3e20cb54.jpg
2026-08-29 20:45:20,734 - INFO - downloader - image #43	https://i.kym-cdn.com/photos/images/original/001/004/503/d90.jpg
2026-08-29 20:45:22,178 - INFO - downloader - image #44	https://www.meme-arsenal.com/memes/d05ca66b0c6db5bd6950e871798bed2a.jpg
2026-08-29 20:45:22,280 - INFO - downloader - image #45	https://i.kym-cdn.com/entries/icons/facebook/000/018/655/Screenshot_2022-10-31_at_13.29.40.jpg
2026-08-29 20:45:22,417 - INFO - downloader - image #46	https://cdn.memes.com/up/2066571576077539/i/1636760430158.jpg
2026-08-29 20:45:23,049 - INFO - downloader - image #47	https://www.meme-arsenal.com/memes/46b21216788489506359db2c9d0d5037.jpg
2026-08-29 20:45:23,084 - INFO - parser - parsing result page https://www.bing.com/images/async?q=johnny sins meme face&first=60
2026-08-29 20:45:23,516 - INFO - downloader - image #48	https://www.meme-arsenal.com/memes/d809ae84f852e43c79f22579c323e3f2.jpg
2026-08-29 20:45:24,793 - INFO - downloader - image #49	https://www.meme-arsenal.com/memes/805921454f134c92ccdc74d37738715d.jpg
2026-08-29 20:45:24,857 - INFO - downloader - image #50	https://humornama.com/wp-content/uploads/2022/08/Several-nurses-at-a-Maine-hospital-Are-Pregnant-Meme-364x425.jpg
2026-08-29 20:45:25,838 - INFO - downloader - image #51	https://www.meme-arsenal.com/memes/d65c1ecc06b759eccd0c31869cbdc26c.jpg
2026-08-29 20:45:25,851 - INFO - downloader - image #52	https://cdn.memes.com/up/95154851628788234/i/1630988598131.jpg
2026-08-29 20:45:26,173 - INFO - downloader - image #53	https://humornama.com/wp-content/uploads/2022/08/Johnny-Sins-Teacher-Meme.jpg
2026-08-29 20:45:26,189 - INFO - parser - parsing result page https://www.bing.com/images/async?q=johnny sins meme face&first=80
2026-08-29 20:45:26,596 - INFO - downloader - image #54	https://i.pinimg.com/originals/a5/5f/70/a55f70a7629630a78e74aae0ac45f2ab.jpg
2026-08-29 20:45:26,657 - INFO - downloader - image #55	https://img-9gag-fun.9cache.com/photo/aeQPjPQ_460s.jpg
2026-08-29 20:45:27,007 - INFO - downloader - image #56	https://humornama.com/wp-content/uploads/2022/08/Best-Johnny-Sins-Meme-on-Rookie-Numbers.jpg
2026-08-29 20:45:27,224 - INFO - downloader - image #57	https://i.pinimg.com/736x/42/a7/a3/42a7a312d0c2c48e9997a92e6b9300f2.jpg
2026-08-29 20:45:27,692 - INFO - downloader - image #58	https://i.kym-cdn.com/photos/images/facebook/001/409/411/145.jpg
2026-08-29 20:45:28,639 - INFO - downloader - image #59	https://www.meme-arsenal.com/memes/707235d7376c59dec4b9ca0b0b0fc710.jpg
2026-08-29 20:45:28,969 - INFO - downloader - image #60	https://i.imgflip.com/3j1obg.jpg
2026-08-29 20:45:29,071 - INFO - downloader - image #61	https://i.kym-cdn.com/photos/images/original/001/364/407/d17.jpg
2026-08-29 20:45:29,296 - INFO - downloader - image #62	https://humornama.com/wp-content/uploads/2022/03/Johnny-Sins-Meme-on-Astronaut-608x426.jpg
2026-08-29 20:45:29,853 - INFO - downloader - image #63	https://humornama.com/wp-content/uploads/2022/08/Johnny-Sins-Selfie-Meme-on-Comments-561x655.jpg
2026-08-29 20:45:30,254 - INFO - downloader - image #64	https://www.meme-arsenal.com/memes/b4d70fd39cf578d506dcfaabb74bfaea.jpg
2026-08-29 20:45:30,348 - INFO - downloader - image #65	https://i.ytimg.com/vi/JiCRo8p0CqA/maxresdefault.jpg
2026-08-29 20:45:30,644 - INFO - downloader - image #66	https://i.ytimg.com/vi/HgKxv4U8e68/maxresdefault.jpg
2026-08-29 20:45:30,859 - INFO - downloader - image #67	https://i.ytimg.com/vi/vpD2_g1yLX0/maxresdefault.jpg
2026-08-29 20:45:31,082 - INFO - parser - no more page urls for thread parser-001 to parse
2026-08-29 20:45:31,082 - INFO - parser - thread parser-001 exit
2026-08-29 20:45:31,665 - INFO - downloader - image #68	https://ih1.redbubble.net/image.3052058950.9210/mo,small,flatlay,product_square,600x600.jpg
2026-08-29 20:45:35,871 - INFO - downloader - no more download task for thread downloader-001
2026-08-29 20:45:35,872 - INFO - downloader - thread downloader-001 exit
2026-08-29 20:45:36,672 - INFO - downloader - no more download task for thread downloader-002
2026-08-29 20:45:36,673 - INFO - downloader - thread downloader-002 exit
2026-08-29 20:45:36,950 - INFO - icrawler.crawler - Crawling task done!
2026-08-29 20:45:37,986 - INFO - icrawler.crawler - start crawling...
2026-08-29 20:45:37,986 - INFO - icrawler.crawler - starting 1 feeder threads...
2026-08-29 20:45:37,986 - INFO - feeder - thread feeder-001 exit
2026-08-29 20:45:37,986 - INFO - icrawler.crawler - starting 1 parser threads...
2026-08-29 20:45:37,987 - INFO - icrawler.crawler - starting 2 downloader threads...
2026-08-29 20:45:38,679 - INFO - parser - parsing result page https://www.bing.com/images/async?q=johnny sins tv appearance&first=0
2026-08-29 20:45:39,064 - INFO - downloader - image #1	https://wallpapersok.com/images/hd/amazed-johnny-sins-in-a-candid-shot-55n883u40r8pnrzo.jpg
2026-08-29 20:45:39,135 - INFO - downloader - image #2	https://wallpapers.com/images/hd/doctor-johnny-sins-6vleyqyzdu5tcn5c.jpg
2026-08-29 20:45:39,777 - INFO - downloader - image #3	https://i.ytimg.com/vi/084-w-_vHmk/maxresdefault.jpg
2026-08-29 20:45:41,013 - INFO - downloader - image #4	https://thechive.com/wp-content/uploads/2023/08/sins-1.jpg
2026-08-29 20:45:41,032 - INFO - downloader - image #5	https://starboard-media.s3.amazonaws.com/static/user/avatar-yZlgNegGG.jpg
2026-08-29 20:45:41,409 - INFO - downloader - image #6	https://wallpapersok.com/images/hd/smiling-portrait-of-johnny-sins-0hlr7xbb3sx3drnh.jpg
2026-08-29 20:45:44,241 - INFO - downloader - image #7	https://cdn.firstcuriosity.com/wp-content/uploads/2023/08/14113348/Q_1691992678-696x522.jpg
2026-08-29 20:45:44,577 - INFO - downloader - image #8	https://www.neyazalim.com/wp-content/uploads/Johnny-Sinsin-kariyeri.jpg
2026-08-29 20:45:44,698 - INFO - downloader - image #9	https://wallpapers.com/images/hd/johnny-sins-at-avn-awards-l3lbw03v8wpyzbkq.jpg
2026-08-29 20:45:46,042 - ERROR - downloader - Exception caught when downloading file https://www.xlovecam.com/blog/wp-content/uploads/2024/01/1kbhw77nlzcr3jv8u2dsfpa-1024x576.jpg, error: HTTPSConnectionPool(host='www.xlovecam.com', port=443): Max retries exceeded with url: /blog/wp-content/uploads/2024/01/1kbhw77nlzcr3jv8u2dsfpa-1024x576.jpg (Caused by ConnectTimeoutError(<HTTPSConnection(host='www.xlovecam.com', port=443) at 0x173468880>, 'Connection to www.xlovecam.com timed out. (connect timeout=5)')), remaining retry times: 2
2026-08-29 20:45:46,351 - INFO - downloader - image #10	https://wallpaperweb.org/images/hd/multifaceted-personality-johnny-sins-in-different-characteristic-roles-9o8lzgri4e0flfks.jpg
2026-08-29 20:45:47,287 - INFO - downloader - image #11	https://wikilifeng.com/contents/uploads/biographies/biography-1623--i-don-t-know-my-official-body-count-but-it-s-somewhere-around-2-500---adult-star-johnny-sins-reveals-photos--06012025.jpg
2026-08-29 20:45:47,739 - INFO - downloader - image #12	https://images.perthnow.com.au/publication/C-14195434/6645e3ea782a95075a238329f8c03df34fa11837-16x9-x0y60w595h335.jpg
2026-08-29 20:45:51,051 - ERROR - downloader - Exception caught when downloading file https://www.xlovecam.com/blog/wp-content/uploads/2024/01/1kbhw77nlzcr3jv8u2dsfpa-1024x576.jpg, error: HTTPSConnectionPool(host='www.xlovecam.com', port=443): Max retries exceeded with url: /blog/wp-content/uploads/2024/01/1kbhw77nlzcr3jv8u2dsfpa-1024x576.jpg (Caused by ConnectTimeoutError(<HTTPSConnection(host='www.xlovecam.com', port=443) at 0x173389820>, 'Connection to www.xlovecam.com timed out. (connect timeout=5)')), remaining retry times: 1
2026-08-29 20:45:51,399 - INFO - downloader - image #13	https://www.wikigraphy.in/wp-content/uploads/2025/03/Johnny-Sins.jpg
2026-08-29 20:45:51,774 - INFO - downloader - image #14	https://img.ifunny.co/images/23ccfaf40a594a419b81f25887ac3560103cf6e83e4b373513bb374ad925d765_1.jpg
2026-08-29 20:45:53,009 - INFO - downloader - image #15	https://www.themoviedb.org/t/p/w440_and_h660_face/3z8iHWk3yi0ViLWY2uE4608b3Ds.jpg
2026-08-29 20:45:53,150 - INFO - downloader - image #16	https://wallpapers.com/images/hd/johnny-sins-pastel-filter-359stlklvh8c67zc.jpg
2026-08-29 20:45:53,493 - INFO - downloader - image #17	https://st1.latestly.com/wp-content/uploads/2023/08/Picsart_23-08-16_11-36-44-922-784x441.jpg
2026-08-29 20:45:53,567 - INFO - downloader - image #18	https://wallpapers.com/images/hd/johnny-sins-wacky-selfie-qkwwxm0y83pqf8jp.jpg
2026-08-29 20:45:53,637 - INFO - downloader - image #19	https://wallpapers.com/images/hd/johnny-sins-at-convention-dmrg32u5m6tuw1s0.jpg
2026-08-29 20:45:53,890 - INFO - downloader - image #20	https://i.pinimg.com/736x/56/6a/99/566a99283df2450516135e7ce763ace5.jpg
2026-08-29 20:45:54,382 - INFO - downloader - image #21	https://gamebrott.com/wp-content/uploads/2018/10/johnnysins.jpg
2026-08-29 20:45:54,412 - INFO - parser - parsing result page https://www.bing.com/images/async?q=johnny sins tv appearance&first=20
2026-08-29 20:45:55,643 - INFO - downloader - image #22	https://imgmedia.libero.pe/1200x660/libero/original/2022/09/22/632c6e56215048670104c3c7.jpg
2026-08-29 20:45:55,958 - INFO - downloader - image #23	https://wikibio.in/wp-content/uploads/2019/02/Johnny-Sins.jpg
2026-08-29 20:45:56,060 - ERROR - downloader - Exception caught when downloading file https://www.xlovecam.com/blog/wp-content/uploads/2024/01/1kbhw77nlzcr3jv8u2dsfpa-1024x576.jpg, error: HTTPSConnectionPool(host='www.xlovecam.com', port=443): Max retries exceeded with url: /blog/wp-content/uploads/2024/01/1kbhw77nlzcr3jv8u2dsfpa-1024x576.jpg (Caused by ConnectTimeoutError(<HTTPSConnection(host='www.xlovecam.com', port=443) at 0x173644490>, 'Connection to www.xlovecam.com timed out. (connect timeout=5)')), remaining retry times: 0
2026-08-29 20:45:56,139 - INFO - downloader - image #24	https://wallpapers.com/images/hd/johnny-sins-youtube-video-wmj4aty0v0wu8rrx.jpg
2026-08-29 20:45:56,256 - ERROR - downloader - Response status code 403, file https://e0.pxfuel.com/wallpapers/793/711/desktop-wallpaper-johnny-sins-doctor-teacher-plumber-deliveryman-preacher-johnny-bhaiya-dentist-yoga-businessman-everything-astronaut-firefighter-cop-army-culprit-johnny-sins.jpg
2026-08-29 20:45:56,632 - INFO - downloader - image #25	https://resize.indiatvnews.com/en/resize/newbucket/1200_-/2022/11/johnny-sins-1667412730.jpg
2026-08-29 20:45:56,914 - INFO - parser - parsing result page https://www.bing.com/images/async?q=johnny sins tv appearance&first=40
2026-08-29 20:45:57,092 - INFO - downloader - image #26	https://wikibio.in/wp-content/uploads/2019/02/Johnny-Sins-and-Kissa-Sins-300x236.jpg
2026-08-29 20:45:57,459 - INFO - downloader - image #27	https://globalwikibio.com/wp-content/uploads/2023/03/Johnny-Sins-WikiBiography.jpg
2026-08-29 20:45:57,713 - ERROR - downloader - Response status code 403, file https://www.lateja.cr/resizer/v2/VWGYSJWPXRBA5PNYVK32RWRMVM.jpg
2026-08-29 20:45:58,700 - INFO - downloader - image #28	https://i.ytimg.com/vi/8nMtT8-L8ks/maxresdefault.jpg
2026-08-29 20:45:58,702 - INFO - downloader - image #29	https://manybackgrounds.com/images/hd/johnny-sins-posing-at-avn-awards-xj4uhui67ksgo49s.jpg
2026-08-29 20:45:59,021 - INFO - downloader - image #30	https://imgmedia.libero.pe/1200x630/libero/original/2022/09/22/632c6e56215048670104c3c7.jpg
2026-08-29 20:45:59,091 - INFO - downloader - image #31	https://wallpapers.com/images/hd/psychedelic-rocker-johnny-sins-7w5ceizz5n1bxp7i.jpg
2026-08-29 20:45:59,341 - INFO - downloader - image #32	https://m.media-amazon.com/images/M/MV5BMjM4OTZhYmItOTUyZC00NThmLTlhZGItMmQ3Y2Q3ZDdhNjZkXkEyXkFqcGc@._V1_FMjpg_UX1000_.jpg
2026-08-29 20:45:59,514 - INFO - downloader - image #33	https://image.tmdb.org/t/p/original/3z8iHWk3yi0ViLWY2uE4608b3Ds.jpg
2026-08-29 20:45:59,608 - INFO - downloader - image #34	https://wallpapers.com/images/hd/johnny-sins-jojo-meme-l53d7qepl3u296d0.jpg
2026-08-29 20:45:59,684 - INFO - parser - parsing result page https://www.bing.com/images/async?q=johnny sins tv appearance&first=60
2026-08-29 20:45:59,815 - INFO - downloader - image #35	https://images.kinorium.com/instagram/320/CkaEheLsoPr.jpg
2026-08-29 20:45:59,962 - INFO - downloader - image #36	https://facts.net/wp-content/uploads/2024/10/25-astounding-facts-about-johnny-sins-facts-net-1728278996.jpg
2026-08-29 20:46:00,288 - INFO - downloader - image #37	https://www.gomoral.com/wp-content/uploads/2024/06/Johnny-Sins-Age-2-1536x864.jpg
2026-08-29 20:46:01,527 - INFO - downloader - image #38	https://static.tnn.in/thumb/msid-95247831,updatedat-1670002382678,width-1280,height-720,resizemode-75/95247831.jpg
2026-08-29 20:46:01,859 - INFO - downloader - image #39	https://wallpapersok.com/images/high/johnny-sins-as-cop-jd4bb79ky3y197nj.jpg
2026-08-29 20:46:02,083 - INFO - downloader - image #40	https://i.ytimg.com/vi/lIFKN5s2DiE/maxresdefault.jpg
2026-08-29 20:46:02,335 - INFO - downloader - image #41	https://i.ytimg.com/vi/2k-QGbi3i2Q/maxresdefault.jpg
2026-08-29 20:46:02,936 - INFO - downloader - image #42	https://wallpapersok.com/images/thumbnail/multifaceted-personality-johnny-sins-in-different-characteristic-roles-9o8lzgri4e0flfks.jpg
2026-08-29 20:46:03,008 - INFO - downloader - image #43	https://wallpapers.com/images/hd/fully-suited-johnny-sins-tja2j9hb1g5jbsxd.jpg
2026-08-29 20:46:03,639 - INFO - downloader - image #44	https://timztell.com/wp-content/uploads/2023/01/04a82fa0-4688-4771-b6bc-cfa001791739.jpg
2026-08-29 20:46:04,159 - INFO - downloader - image #45	https://i.redd.it/anqxolx3dtp61.jpg
2026-08-29 20:46:04,238 - INFO - parser - parsing result page https://www.bing.com/images/async?q=johnny sins tv appearance&first=80
2026-08-29 20:46:04,244 - INFO - downloader - image #46	https://sm.mashable.com/t/mashable_in/photo/default/igl2-1_3tcc.2496.jpg
2026-08-29 20:46:04,363 - INFO - downloader - image #47	https://i.ytimg.com/vi/f5rLptSJFzE/maxresdefault.jpg
2026-08-29 20:46:05,060 - INFO - downloader - image #48	https://pbs.twimg.com/media/HDmcHENWEAARTD7.jpg
2026-08-29 20:46:05,463 - INFO - downloader - image #49	https://www.hindustantimes.com/ht-img/img/2024/02/13/550x309/ranveer_johnny_1707822223639_1707822236741.jpg
2026-08-29 20:46:05,523 - INFO - downloader - image #50	https://wallpapersok.com/images/high/johnny-sins-wacky-selfie-qkwwxm0y83pqf8jp.jpg
2026-08-29 20:46:05,957 - INFO - downloader - image #51	https://i.ytimg.com/vi/AQ2m9vu97W4/maxresdefault.jpg
2026-08-29 20:46:06,178 - INFO - downloader - image #52	https://www.kemifilani.ng/wp-content/uploads/2022/09/Johnny-Sins-net-worth.jpg
2026-08-29 20:46:06,472 - INFO - downloader - image #53	https://stat4.bollywoodhungama.in/wp-content/uploads/2024/02/Sin-Feature.jpg
2026-08-29 20:46:06,575 - INFO - downloader - image #54	https://www.rvcj.com/wp-content/uploads/2016/12/johhny.jpg
2026-08-29 20:46:07,150 - INFO - downloader - image #55	https://superstarsbiography.com/wp-content/uploads/2022/01/localimages/Johnny-Sins.jpg
2026-08-29 20:46:07,286 - INFO - downloader - image #56	https://i.pinimg.com/736x/6e/b9/a8/6eb9a8b43a13cf33dae7d2fcd83daf8a.jpg
2026-08-29 20:46:07,570 - INFO - downloader - image #57	https://imgcdn.stablediffusionweb.com/2025/1/20/65166f32-6c1f-465b-bb28-a88ce8ed042c.jpg
2026-08-29 20:46:08,037 - INFO - downloader - image #58	https://img-cdn.thepublive.com/filters:format(webp)/shethepeople/media/post_attachments/1c21996a2a656f63156238b3dbe8088321d394ebc469c0e8ee5f1612e78abb43.jpg
2026-08-29 20:46:08,581 - INFO - downloader - image #59	https://i.ytimg.com/vi/iyYcjOVwXAI/oardefault.jpg
2026-08-29 20:46:08,780 - INFO - downloader - image #60	https://i.ytimg.com/vi/89w_kethe7M/maxresdefault.jpg
2026-08-29 20:46:09,574 - INFO - parser - no more page urls for thread parser-001 to parse
2026-08-29 20:46:09,574 - INFO - parser - thread parser-001 exit
2026-08-29 20:46:09,986 - INFO - downloader - image #61	https://onlywikis.com/wp-content/uploads/2023/06/johnny-sins-age.jpg
2026-08-29 20:46:10,401 - INFO - downloader - image #62	https://wallpapers.com/images/hd/johnny-sins-acting-r260tf56tds3new0.jpg
2026-08-29 20:46:10,670 - INFO - downloader - image #63	http://wikibio.us/wp-content/uploads/2020/06/0bd8f1792a1ecc75d40125fe207c7afd.jpg
2026-08-29 20:46:11,023 - INFO - downloader - image #64	https://actorshunk.com/wp-content/uploads/2024/02/mosttalentedbaldman_1693082278_3178126955887841998_56681234282.jpg
2026-08-29 20:46:15,674 - INFO - downloader - no more download task for thread downloader-001
2026-08-29 20:46:15,675 - INFO - downloader - thread downloader-001 exit
2026-08-29 20:46:16,030 - INFO - downloader - no more download task for thread downloader-002
2026-08-29 20:46:16,030 - INFO - downloader - thread downloader-002 exit
2026-08-29 20:46:16,139 - INFO - icrawler.crawler - Crawling task done!
2026-08-29 20:46:17,162 - INFO - icrawler.crawler - start crawling...
2026-08-29 20:46:17,162 - INFO - icrawler.crawler - starting 1 feeder threads...
2026-08-29 20:46:17,163 - INFO - feeder - thread feeder-001 exit
2026-08-29 20:46:17,163 - INFO - icrawler.crawler - starting 1 parser threads...
2026-08-29 20:46:17,163 - INFO - icrawler.crawler - starting 2 downloader threads...
2026-08-29 20:46:17,837 - INFO - parser - parsing result page https://www.bing.com/images/async?q=johnny sins candid photo&first=0
2026-08-29 20:46:19,466 - INFO - downloader - image #1	https://wallpaperweb.org/images/hd/distinguished-adult-film-star-johnny-sins-at-the-prestigious-avn-awards-l3lbw03v8wpyzbkq.jpg
2026-08-29 20:46:19,678 - INFO - downloader - image #2	https://hdnicewallpapers.com/images/hd/amazed-johnny-sins-in-a-candid-shot-55n883u40r8pnrzo.jpg
2026-08-29 20:46:19,907 - ERROR - downloader - Response status code 400, file https://media.gettyimages.com/id/1056597018/fr/photo/edison-nj-johnny-sins-attends-exxxotica-new-jersey-2018-at-expo-center-on-november-2-2018-in.jpg
2026-08-29 20:46:20,034 - INFO - downloader - image #3	https://wallpapers.com/images/hd/johnny-sins-at-convention-dmrg32u5m6tuw1s0.jpg
2026-08-29 20:46:20,275 - INFO - downloader - image #4	https://i.pinimg.com/736x/c8/b9/ec/c8b9ec4b7347681ab8e3e8a41b14a4dd.jpg
2026-08-29 20:46:20,332 - INFO - downloader - image #5	https://m.media-amazon.com/images/M/MV5BNzZhMDVmMjItZGIwYi00NzdiLWJkZjctNzQ5MzA4Njg4MDBhXkEyXkFqcGc@._V1_FMjpg_UX1000_.jpg
2026-08-29 20:46:20,376 - INFO - downloader - image #6	https://wallpapers.com/images/hd/johnny-sins-wacky-selfie-qkwwxm0y83pqf8jp.jpg
2026-08-29 20:46:20,683 - INFO - downloader - image #7	https://images.perthnow.com.au/publication/C-14195434/6645e3ea782a95075a238329f8c03df34fa11837-16x9-x0y60w595h335.jpg
2026-08-29 20:46:20,772 - INFO - downloader - image #8	https://wallpapers.com/images/hd/johnny-sins-dslr-selfie-ajxw8yiskr3j0vg5.jpg
2026-08-29 20:46:22,029 - INFO - downloader - image #9	https://www.dpzone.in/wp-content/uploads/3/Johnny-Sins-PFP-7.jpg
2026-08-29 20:46:22,446 - INFO - downloader - image #10	https://i.pinimg.com/originals/16/41/00/16410066ad6c072972ea2345d8db8d9d.jpg
2026-08-29 20:46:22,543 - INFO - downloader - image #11	https://wallpapers.com/images/hd/johnny-sins-with-award-w6rkexvf56geckoe.jpg
2026-08-29 20:46:22,935 - INFO - downloader - image #12	https://i.ytimg.com/vi/BG87A10_boQ/maxres2.jpg
2026-08-29 20:46:24,235 - INFO - downloader - image #13	https://wallpapermotion.com/images/hd/smiling-portrait-of-johnny-sins-0hlr7xbb3sx3drnh.jpg
2026-08-29 20:46:25,792 - INFO - downloader - image #14	https://wikilifeng.com/contents/uploads/biographies/biography-1623--i-don-t-know-my-official-body-count-but-it-s-somewhere-around-2-500---adult-star-johnny-sins-reveals-photos--06012025.jpg
2026-08-29 20:46:25,845 - INFO - downloader - image #15	https://i.pinimg.com/originals/5e/a8/80/5ea8806cd41f36d9149d80b81ee8513c.jpg
2026-08-29 20:46:26,121 - INFO - downloader - image #16	https://wallpaperweb.org/images/hd/johnny-sins-in-pool-kdqq05ynb3zhf760.jpg
2026-08-29 20:46:26,262 - INFO - downloader - image #17	https://img-s1.onedio.com/id-636fbd5fa99378ac2941e5cf/rev-0/w-620/f-jpg/s-95013c3d7f17c7470740360a94b31fbcbf72ddab.jpg
2026-08-29 20:46:26,521 - INFO - downloader - image #18	https://images.squarespace-cdn.com/content/v1/6144d106ee0f834ae92b4f60/1685359681516-ODIWK6UV2A9ZOIMS87S9/Johnny+Sins+-+The+workout+flex+is+always+going+non-stop+for+the+heavyweight+model.jpg
2026-08-29 20:46:26,542 - INFO - downloader - image #19	https://imgcdn.stablediffusionweb.com/2025/1/22/ba0b4ac5-a7a3-40ef-96a2-fb6e37c7f1f6.jpg
2026-08-29 20:46:26,571 - INFO - downloader - image #20	https://i.pinimg.com/736x/6e/b9/a8/6eb9a8b43a13cf33dae7d2fcd83daf8a.jpg
2026-08-29 20:46:26,701 - INFO - downloader - image #21	https://i.pinimg.com/736x/d9/c8/a1/d9c8a174c2ee169ecc24cf652b04190b.jpg
2026-08-29 20:46:26,747 - INFO - downloader - image #22	https://i.pinimg.com/736x/97/17/61/97176124f11d782cdde6ae0099d261cc.jpg
2026-08-29 20:46:26,813 - INFO - downloader - image #23	https://i.pinimg.com/originals/75/c9/10/75c9108343a1df2ddc709339bec19bc3.jpg
2026-08-29 20:46:26,920 - INFO - downloader - image #24	https://www.kemifilani.ng/wp-content/uploads/2022/09/Johnny-Sins-net-worth.jpg
2026-08-29 20:46:27,151 - INFO - parser - parsing result page https://www.bing.com/images/async?q=johnny sins candid photo&first=20
2026-08-29 20:46:27,203 - INFO - downloader - image #25	https://img.ifunny.co/images/392109bde3d4acbdcbe9ca84f2c431857c779dbc67950433e9417f557cb02307_1.jpg
2026-08-29 20:46:27,366 - INFO - downloader - image #26	https://wallpapers.com/images/hd/johnny-sins-youtube-video-wmj4aty0v0wu8rrx.jpg
2026-08-29 20:46:27,589 - ERROR - downloader - Response status code 400, file https://media.gettyimages.com/id/911331462/photo/adult-film-actor-johnny-sins-and-adult-film-actress-kissa-sins-attend-the-2018-adult-video.jpg
2026-08-29 20:46:27,844 - ERROR - downloader - Response status code 400, file https://media.gettyimages.com/id/1056599022/photo/edison-nj-johnny-sins-and-lisa-ann-attend-exxxotica-new-jersey-2018-at-expo-center-on.jpg
2026-08-29 20:46:28,276 - ERROR - downloader - Response status code 400, file https://media.gettyimages.com/id/1125797695/photo/las-vegas-nevada-adult-film-actor-johnny-sins-and-adult-film-actress-kissa-sins-attend-the.jpg
2026-08-29 20:46:28,754 - INFO - downloader - image #27	https://wallpapers.com/images/featured-full/johnny-sins-xj4uhui67ksgo49s.jpg
2026-08-29 20:46:28,842 - INFO - downloader - image #28	https://i.pinimg.com/originals/56/6a/99/566a99283df2450516135e7ce763ace5.jpg
2026-08-29 20:46:29,066 - INFO - downloader - image #29	https://img-s1.onedio.com/id-5ee20e69e30195c439c61a96/rev-0/w-1200/h-1172/f-jpg/s-aa65ced2cae1bed3c8a1dd2029160e0483dcabf4.jpg
2026-08-29 20:46:29,111 - INFO - downloader - image #30	https://i.pinimg.com/originals/fd/24/90/fd2490cdd203eef636679101099a57a6.jpg
2026-08-29 20:46:29,158 - INFO - downloader - image #31	https://i.pinimg.com/736x/8c/15/d9/8c15d94de70d503298c483f427adb1ce.jpg
2026-08-29 20:46:29,195 - INFO - parser - parsing result page https://www.bing.com/images/async?q=johnny sins candid photo&first=40
2026-08-29 20:46:29,370 - ERROR - downloader - Response status code 403, file https://e0.pxfuel.com/wallpapers/793/711/desktop-wallpaper-johnny-sins-doctor-teacher-plumber-deliveryman-preacher-johnny-bhaiya-dentist-yoga-businessman-everything-astronaut-firefighter-cop-army-culprit-johnny-sins.jpg
2026-08-29 20:46:29,467 - ERROR - downloader - Response status code 400, file https://media.gettyimages.com/id/632398906/photo/las-vegas-nv-adult-film-actresses-kissa-sins-and-layla-sin-and-adult-film-actor-johnny-sins.jpg
2026-08-29 20:46:29,538 - INFO - downloader - image #32	https://wallpapers.com/images/hd/johnny-sins-fan-photo-4ltrm6tv44ka0har.jpg
2026-08-29 20:46:29,947 - INFO - downloader - image #33	https://i.pinimg.com/originals/c2/de/22/c2de2242aee01e8991c676985f4bda22.jpg
2026-08-29 20:46:30,248 - ERROR - downloader - Response status code 400, file https://media.gettyimages.com/id/506647234/photo/las-vegas-nv-adult-film-actress-kissa-sins-and-adult-film-actor-johnny-sins-attend-the-2016.jpg
2026-08-29 20:46:30,275 - INFO - downloader - image #34	https://nypost.com/wp-content/uploads/sites/2/2022/11/GettyImages-1125797695.jpg
2026-08-29 20:46:30,607 - INFO - parser - parsing result page https://www.bing.com/images/async?q=johnny sins candid photo&first=60
2026-08-29 20:46:30,681 - INFO - downloader - image #35	https://wallpapers.com/images/hd/johnny-sins-in-tweed-suit-svy4gv3vbk1vjlbt.jpg
2026-08-29 20:46:30,732 - INFO - downloader - image #36	https://i.pinimg.com/originals/47/34/89/473489f7b154c89fd81f5e4bc5421425.jpg
2026-08-29 20:46:30,808 - INFO - downloader - image #37	https://wallpapers.com/images/hd/doctor-johnny-sins-6vleyqyzdu5tcn5c.jpg
2026-08-29 20:46:31,163 - ERROR - downloader - Response status code 403, file https://lifewithoutandy.com/wp-content/uploads/2019/10/38474517_2035421826788688_4779529225776398336_o.jpg
2026-08-29 20:46:31,415 - INFO - downloader - image #38	https://wallpapers.com/images/file/young-johnny-sins-kx8znn500rlba14k.jpg
2026-08-29 20:46:31,749 - INFO - downloader - image #39	https://wallpapersok.com/images/high/johnny-sins-wacky-selfie-qkwwxm0y83pqf8jp.jpg
2026-08-29 20:46:32,512 - ERROR - downloader - Response status code 400, file https://media.gettyimages.com/id/911331330/photo/las-vegas-nv-adult-film-actress-kissa-sins-and-adult-film-actor-johnny-sins-attend-the-2018.jpg
2026-08-29 20:46:32,763 - ERROR - downloader - Response status code 403, file https://www.moyens.net/wp-content/uploads/2023/05/1682963289_Je-sais-quand-les-choses-sont-difficiles-Johnny-Sins-a.jpg
2026-08-29 20:46:32,959 - INFO - downloader - image #40	https://wallpapersok.com/images/hd/johnny-sins-acting-r260tf56tds3new0.jpg
2026-08-29 20:46:33,129 - INFO - downloader - image #41	https://i.pinimg.com/736x/1d/bb/0a/1dbb0ac474340d26bb2b92e93d60fa8f.jpg
2026-08-29 20:46:33,205 - INFO - downloader - image #42	https://wallpapers.com/images/hd/johnny-sins-with-wife-us6fhh6om76wdr5v.jpg
2026-08-29 20:46:33,286 - INFO - downloader - image #43	https://wallpapers.com/images/hd/fully-suited-johnny-sins-tja2j9hb1g5jbsxd.jpg
2026-08-29 20:46:33,324 - INFO - downloader - image #44	https://artistsimages.b-cdn.net/johnny-sins/johnny-sins-1.jpg
2026-08-29 20:46:33,646 - INFO - parser - parsing result page https://www.bing.com/images/async?q=johnny sins candid photo&first=80
2026-08-29 20:46:33,687 - INFO - downloader - image #45	https://i.pinimg.com/736x/96/40/02/9640021a5d189f8dc17dfe73c49eff9d--johnny-sins-eye-candy.jpg
2026-08-29 20:46:33,939 - INFO - downloader - image #46	https://imgcdn.stablediffusionweb.com/2024/10/10/cbdeab8e-40fe-415f-b931-47b94bb6c813.jpg
2026-08-29 20:46:34,420 - INFO - downloader - image #47	https://hdnicewallpapers.com/images/high/johnny-sins-showing-off-abs-h3b6p3ued8jususq.jpg
2026-08-29 20:46:34,566 - INFO - downloader - image #48	https://imgcdn.stablediffusionweb.com/2025/1/22/4c982f19-a718-4ff9-92c8-c1b324f1e3fb.jpg
2026-08-29 20:46:34,638 - INFO - downloader - image #49	https://imgcdn.stablediffusionweb.com/2025/1/20/65166f32-6c1f-465b-bb28-a88ce8ed042c.jpg
2026-08-29 20:46:36,000 - INFO - downloader - image #50	https://www.neyazalim.com/wp-content/uploads/Johnny-Sins-Kimdir.jpg
2026-08-29 20:46:36,469 - ERROR - downloader - Response status code 400, file https://media.gettyimages.com/id/911331332/photo/las-vegas-nv-adult-film-actress-kissa-sins-and-adult-film-actor-johnny-sins-attend-the-2018.jpg
2026-08-29 20:46:36,545 - INFO - downloader - image #51	https://wallpapers.com/images/hd/johnny-sins-at-film-shoot-yqolr3nzbr33f7zt.jpg
2026-08-29 20:46:36,632 - INFO - downloader - image #52	https://wallpapers.com/images/hd/johnny-sins-lifting-at-beach-mghn00ldzdyzzdo6.jpg
2026-08-29 20:46:36,921 - ERROR - downloader - Response status code 400, file https://media.gettyimages.com/id/506573734/photo/las-vegas-nv-adult-film-actress-kissa-sins-and-adult-film-actor-johnny-sins-attend-the-2016.jpg
2026-08-29 20:46:36,995 - INFO - downloader - image #53	https://wallpapers.com/images/hd/psychedelic-rocker-johnny-sins-7w5ceizz5n1bxp7i.jpg
2026-08-29 20:46:37,286 - ERROR - downloader - Response status code 400, file https://media.gettyimages.com/id/506627092/photo/las-vegas-nv-adult-film-actress-kissa-sins-and-adult-film-actor-johnny-sins-attend-the-2016.jpg
2026-08-29 20:46:38,114 - INFO - downloader - image #54	https://www.kemifilani.ng/wp-content/uploads/2022/09/Johnny-Sins-net-worth-2048x1303.jpg
2026-08-29 20:46:38,469 - INFO - downloader - image #55	https://aajivanbiography.com/wp-content/uploads/2025/07/Johnny-Sins.jpg
2026-08-29 20:46:38,556 - INFO - downloader - image #56	https://i.pinimg.com/736x/c8/5a/d5/c85ad531c3181afd165ea14d34ffde28.jpg
2026-08-29 20:46:38,641 - INFO - downloader - image #57	https://wallpapers.com/images/hd/johnny-sins-commencement-speaker-tuvgdi9myydib8x1.jpg
2026-08-29 20:46:38,673 - INFO - downloader - image #58	https://i.pinimg.com/736x/cb/ec/e2/cbece2857114d45fe8de0f827640eb78.jpg
2026-08-29 20:46:39,523 - INFO - downloader - image #59	https://wallpapermotion.com/images/thumbnail/johnny-sins-in-fomalwear-erd5sgocu1z9hmaj.jpg
2026-08-29 20:46:40,060 - INFO - downloader - image #60	https://i.ytimg.com/vi/f5rLptSJFzE/maxresdefault.jpg
2026-08-29 20:46:40,117 - INFO - parser - no more page urls for thread parser-001 to parse
2026-08-29 20:46:40,117 - INFO - parser - thread parser-001 exit
2026-08-29 20:46:40,292 - INFO - downloader - image #61	https://www.neyazalim.com/wp-content/uploads/Johnny-Sinsin-kariyeri.jpg
2026-08-29 20:46:45,063 - INFO - downloader - no more download task for thread downloader-002
2026-08-29 20:46:45,063 - INFO - downloader - thread downloader-002 exit
2026-08-29 20:46:45,295 - INFO - downloader - no more download task for thread downloader-001
2026-08-29 20:46:45,296 - INFO - downloader - thread downloader-001 exit
2026-08-29 20:46:46,253 - INFO - icrawler.crawler - Crawling task done!
2026-08-29 20:46:47,284 - INFO - icrawler.crawler - start crawling...
2026-08-29 20:46:47,285 - INFO - icrawler.crawler - starting 1 feeder threads...
2026-08-29 20:46:47,285 - INFO - feeder - thread feeder-001 exit
2026-08-29 20:46:47,285 - INFO - icrawler.crawler - starting 1 parser threads...
2026-08-29 20:46:47,286 - INFO - icrawler.crawler - starting 2 downloader threads...
2026-08-29 20:46:47,939 - INFO - parser - parsing result page https://www.bing.com/images/async?q=johnny sins photoshoot&first=0
2026-08-29 20:46:48,332 - INFO - downloader - image #1	https://m.media-amazon.com/images/M/MV5BNzZhMDVmMjItZGIwYi00NzdiLWJkZjctNzQ5MzA4Njg4MDBhXkEyXkFqcGc@._V1_FMjpg_UX1000_.jpg
2026-08-29 20:46:48,332 - INFO - downloader - image #2	https://wallpapers.com/images/hd/johnny-sins-tearing-shirt-tw0ott4omlhnjyk1.jpg
2026-08-29 20:46:48,483 - INFO - downloader - image #3	https://wallpapers.com/images/hd/johnny-sins-pastel-filter-359stlklvh8c67zc.jpg
2026-08-29 20:46:48,671 - INFO - downloader - image #4	https://i.pinimg.com/originals/5e/a8/80/5ea8806cd41f36d9149d80b81ee8513c.jpg
2026-08-29 20:46:48,916 - INFO - downloader - image #5	https://imgcdn.stablediffusionweb.com/2024/4/14/f01a50f2-f288-47ca-889a-8ec02900b1cb.jpg
2026-08-29 20:46:48,989 - INFO - downloader - image #6	https://wallpapers.com/images/hd/johnny-sins-jojo-meme-l53d7qepl3u296d0.jpg
2026-08-29 20:46:50,031 - INFO - downloader - image #7	https://www.dpzone.in/wp-content/uploads/3/Johnny-Sins-PFP-7.jpg
2026-08-29 20:46:50,340 - INFO - downloader - image #8	https://wikilifeng.com/contents/uploads/biographies/biography-1623--i-don-t-know-my-official-body-count-but-it-s-somewhere-around-2-500---adult-star-johnny-sins-reveals-photos--06012025.jpg
2026-08-29 20:46:50,435 - INFO - downloader - image #9	https://i.pinimg.com/736x/ac/49/89/ac4989c0fd1de969ba30e4b6095d36b5.jpg
2026-08-29 20:46:50,722 - INFO - downloader - image #10	https://images.perthnow.com.au/publication/C-14195434/6645e3ea782a95075a238329f8c03df34fa11837-16x9-x0y60w595h335.jpg
2026-08-29 20:46:51,046 - INFO - downloader - image #11	https://wallpapersok.com/images/hd/smiling-portrait-of-johnny-sins-0hlr7xbb3sx3drnh.jpg
2026-08-29 20:46:51,839 - ERROR - downloader - Response status code 400, file https://media.gettyimages.com/id/1056597018/fr/photo/edison-nj-johnny-sins-attends-exxxotica-new-jersey-2018-at-expo-center-on-november-2-2018-in.jpg
2026-08-29 20:46:51,904 - INFO - downloader - image #12	https://wallpapers.com/images/hd/doctor-johnny-sins-6vleyqyzdu5tcn5c.jpg
2026-08-29 20:46:52,130 - INFO - downloader - image #13	https://wallpapersok.com/images/hd/distinguished-adult-film-star-johnny-sins-at-the-prestigious-avn-awards-l3lbw03v8wpyzbkq.jpg
2026-08-29 20:46:52,221 - INFO - downloader - image #14	https://imgcdn.stablediffusionweb.com/2024/10/10/cbdeab8e-40fe-415f-b931-47b94bb6c813.jpg
2026-08-29 20:46:52,243 - INFO - downloader - image #15	https://www.kemifilani.ng/wp-content/uploads/2022/09/Johnny-Sins-net-worth.jpg
2026-08-29 20:46:52,293 - INFO - downloader - image #16	https://wallpapers.com/images/hd/johnny-sins-with-award-w6rkexvf56geckoe.jpg
2026-08-29 20:46:52,361 - INFO - downloader - image #17	https://imgcdn.stablediffusionweb.com/2025/1/22/ba0b4ac5-a7a3-40ef-96a2-fb6e37c7f1f6.jpg
2026-08-29 20:46:52,433 - INFO - downloader - image #18	https://wallpapers.com/images/hd/johnny-sins-and-roles-9o8lzgri4e0flfks.jpg
2026-08-29 20:46:52,814 - INFO - parser - parsing result page https://www.bing.com/images/async?q=johnny sins photoshoot&first=20
2026-08-29 20:46:53,229 - INFO - downloader - image #19	https://wallpapersok.com/images/hd/johnny-sins-artwork-x35i7db6bypcn1gi.jpg
2026-08-29 20:46:53,290 - INFO - downloader - image #20	https://imgcdn.stablediffusionweb.com/2025/1/20/65166f32-6c1f-465b-bb28-a88ce8ed042c.jpg
2026-08-29 20:46:53,691 - INFO - downloader - image #21	https://aajivanbiography.com/wp-content/uploads/2025/07/Johnny-Sins.jpg
2026-08-29 20:46:53,786 - INFO - downloader - image #22	https://i.pinimg.com/736x/5e/a8/80/5ea8806cd41f36d9149d80b81ee8513c.jpg
2026-08-29 20:46:54,344 - INFO - downloader - image #23	https://wallpaperweb.org/images/hd/fully-suited-johnny-sins-tja2j9hb1g5jbsxd.jpg
2026-08-29 20:46:54,462 - INFO - downloader - image #24	https://wallpapers.com/images/featured/johnny-sins-tw0ott4omlhnjyk1.jpg
2026-08-29 20:46:54,758 - INFO - downloader - image #25	https://img-s1.onedio.com/id-5ee20e69e30195c439c61a96/rev-0/w-1200/h-1172/f-jpg/s-aa65ced2cae1bed3c8a1dd2029160e0483dcabf4.jpg
2026-08-29 20:46:55,024 - INFO - downloader - image #26	https://facts.net/wp-content/uploads/2023/10/22-astounding-facts-about-johnny-sins-1696433310.jpg
2026-08-29 20:46:55,091 - INFO - downloader - image #27	https://i.pinimg.com/736x/8c/15/d9/8c15d94de70d503298c483f427adb1ce.jpg
2026-08-29 20:46:55,095 - INFO - downloader - image #28	https://images.squarespace-cdn.com/content/v1/6144d106ee0f834ae92b4f60/1685359681516-ODIWK6UV2A9ZOIMS87S9/Johnny+Sins+-+The+workout+flex+is+always+going+non-stop+for+the+heavyweight+model.jpg
2026-08-29 20:46:55,178 - INFO - downloader - image #29	https://wallpapers.com/images/hd/johnny-sins-in-tweed-suit-svy4gv3vbk1vjlbt.jpg
2026-08-29 20:46:55,351 - INFO - downloader - image #30	https://ih0.redbubble.net/image.664756783.1475/flat,1000x1000,075,f.jpg
2026-08-29 20:46:55,490 - ERROR - downloader - Response status code 403, file https://lifewithoutandy.com/wp-content/uploads/2019/10/38474517_2035421826788688_4779529225776398336_o.jpg
2026-08-29 20:46:55,532 - INFO - downloader - image #31	https://i.pinimg.com/originals/8b/bf/53/8bbf539f11f3224c82a338cbabddfd18.jpg
2026-08-29 20:46:56,738 - INFO - downloader - image #32	https://wallpapersok.com/images/hd/johnny-sins-at-convention-dmrg32u5m6tuw1s0.jpg
2026-08-29 20:46:56,809 - INFO - downloader - image #33	https://wallpapers.com/images/hd/psychedelic-rocker-johnny-sins-7w5ceizz5n1bxp7i.jpg
2026-08-29 20:46:57,263 - INFO - downloader - image #34	https://starboard-media.s3.amazonaws.com/static/user/avatar-yZlgNegGG.jpg
2026-08-29 20:46:57,323 - INFO - downloader - image #35	https://wallpapers.com/images/hd/johnny-sins-showing-off-abs-h3b6p3ued8jususq.jpg
2026-08-29 20:46:57,547 - INFO - downloader - image #36	https://imgcdn.stablediffusionweb.com/2024/9/15/0da5d9a2-6b4e-4222-b9e6-8817ab3e945a.jpg
2026-08-29 20:46:57,621 - INFO - downloader - image #37	https://wallpapers.com/images/hd/johnny-sins-artwork-x35i7db6bypcn1gi.jpg
2026-08-29 20:46:57,880 - INFO - downloader - image #38	https://images.squarespace-cdn.com/content/v1/638e544697854a20835cc60e/83908889-afd8-4a52-baa1-0cdc3b37c8fb/Man+Crush+Monday+goals%3F+Why+not%3F+Turns+out+adult+world+legend+Johnny+Sins+might+just+have+the+warmest+smile+and+selfies+you’ve+ever+come+across.++.jpg
2026-08-29 20:46:58,070 - INFO - parser - parsing result page https://www.bing.com/images/async?q=johnny sins photoshoot&first=40
2026-08-29 20:46:58,177 - INFO - downloader - image #39	https://wallpapers.com/images/hd/fully-suited-johnny-sins-tja2j9hb1g5jbsxd.jpg
2026-08-29 20:46:58,530 - INFO - downloader - image #40	https://img-s3.onedio.com/id-636fbcf83b8b7b292ab32188/rev-0/w-1200/h-1058/f-jpg/s-9284d031345ebb25fb3ecaae901b604f979f6777.jpg
2026-08-29 20:46:59,530 - INFO - downloader - image #41	https://images.squarespace-cdn.com/content/v1/6144d106ee0f834ae92b4f60/1676640313992-EI0KQ0AERW7D9S5ZUJ6D/Who+says+you+can+only+work+on+your+abs+a+few+days+a+week%3F+Turns+out+muscle+man+Johnny+Sins+is+going+for+the+win+every+24+hours+with+his+insane+stomach.+.jpg
2026-08-29 20:46:59,608 - INFO - downloader - image #42	https://wallpapers.com/images/hd/johnny-sins-wacky-selfie-qkwwxm0y83pqf8jp.jpg
2026-08-29 20:46:59,924 - INFO - downloader - image #43	https://i0.hdslb.com/bfs/article/3b3bcf3c77efde94914d7f2a6a33ff7974fa3e5e.jpg
2026-08-29 20:47:00,147 - INFO - downloader - image #44	https://www.wrestlezone.com/wp-content/uploads/sites/8/2026/04/johnny-sins-GettyImages-1056597018-copy.jpg
2026-08-29 20:47:00,509 - INFO - parser - parsing result page https://www.bing.com/images/async?q=johnny sins photoshoot&first=60
2026-08-29 20:47:01,066 - INFO - downloader - image #45	https://wallpapers.com/images/file/johnny-sins-at-convention-dmrg32u5m6tuw1s0.jpg
2026-08-29 20:47:01,149 - INFO - downloader - image #46	https://imgcdn.stablediffusionweb.com/2025/1/22/4c982f19-a718-4ff9-92c8-c1b324f1e3fb.jpg
2026-08-29 20:47:01,384 - INFO - downloader - image #47	https://static.tnn.in/thumb/msid-95248320,thumbsize-627556,width-1280,height-720,resizemode-75/95248320.jpg
2026-08-29 20:47:01,445 - INFO - downloader - image #48	https://wallpapers.com/images/hd/surprised-johnny-sins-55n883u40r8pnrzo.jpg
2026-08-29 20:47:02,314 - INFO - downloader - image #49	https://ih1.redbubble.net/image.664741176.1038/bg,f8f8f8-flat,750x,075,f-pad,750x1000,f8f8f8.u3.jpg
2026-08-29 20:47:02,383 - INFO - downloader - image #50	https://imgcdn.stablediffusionweb.com/2025/1/9/ad893656-69de-4c2f-9a65-ca1d1e3ae707.jpg
2026-08-29 20:47:02,926 - ERROR - downloader - Response status code 403, file http://lifewithoutandy.com/wp-content/uploads/2019/10/38474517_2035421826788688_4779529225776398336_o-1024x1024.jpg
2026-08-29 20:47:03,339 - INFO - downloader - image #51	https://www.gomoral.com/wp-content/uploads/2024/06/Johnny-Sins-Age-2-1536x864.jpg
2026-08-29 20:47:03,602 - INFO - downloader - image #52	https://images.milledcdn.com/2024-02-15/8CZ1BMia20gLpT2x/c@2x.jpg
2026-08-29 20:47:03,634 - INFO - downloader - image #53	https://img-s1.onedio.com/id-636fbd5fa99378ac2941e5cf/rev-0/w-620/f-jpg/s-95013c3d7f17c7470740360a94b31fbcbf72ddab.jpg
2026-08-29 20:47:03,859 - ERROR - downloader - Response status code 403, file https://www.moyens.net/wp-content/uploads/2023/05/1682963289_Je-sais-quand-les-choses-sont-difficiles-Johnny-Sins-a.jpg
2026-08-29 20:47:04,745 - INFO - downloader - image #54	https://image.tmdb.org/t/p/w300_and_h450_bestv2/3z8iHWk3yi0ViLWY2uE4608b3Ds.jpg
2026-08-29 20:47:05,997 - INFO - downloader - image #55	https://globalwikibio.com/wp-content/uploads/2023/03/Johnny-Sins-WikiBiography.jpg
2026-08-29 20:47:06,114 - INFO - downloader - image #56	https://wallpapers.com/images/file/johnny-sins-before-filming-cn39dxjdqsg46q4l.jpg
2026-08-29 20:47:06,339 - INFO - downloader - image #57	https://i.pinimg.com/736x/c8/b9/ec/c8b9ec4b7347681ab8e3e8a41b14a4dd.jpg
2026-08-29 20:47:06,569 - INFO - downloader - image #58	https://i.ytimg.com/vi/4LPwZWjMiLA/maxresdefault.jpg
2026-08-29 20:47:06,638 - INFO - downloader - image #59	https://wallpapers.com/images/hd/johnny-sins-showing-off-green-screen-773oh2qvzu3jb0hj.jpg
2026-08-29 20:47:06,682 - ERROR - downloader - Response status code 400, file https://upload.wikimedia.org/wikipedia/commons/thumb/c/cc/Guy%2C_Ava_Lauren_at_XRCO_Awards_2007_1_(cropped).jpg
2026-08-29 20:47:06,841 - INFO - downloader - image #60	https://wallpapers.com/images/hd/johnny-sins-lifting-at-beach-mghn00ldzdyzzdo6.jpg
2026-08-29 20:47:07,372 - INFO - parser - parsing result page https://www.bing.com/images/async?q=johnny sins photoshoot&first=80
2026-08-29 20:47:07,404 - INFO - downloader - image #61	https://images.kinorium.com/movie/shot/1616142/h280_49906681.jpg
2026-08-29 20:47:07,699 - INFO - downloader - image #62	https://c8.alamy.com/comp/R6RHKB/exxxotica-expo-2018-day-2-featuring-johnny-sins-where-new-york-united-states-when-03-nov-2018-credit-derrick-salterswenncom-R6RHKB.jpg
2026-08-29 20:47:08,369 - INFO - downloader - image #63	https://celebrealname.com/wp-content/uploads/2024/01/johnny-sins-768x768.jpg
2026-08-29 20:47:08,379 - INFO - downloader - image #64	https://l450v.alamy.com/450v/r6rhc9/exxxotica-expo-2018-day-2-featuring-johnny-sins-where-edison-united-states-when-03-nov-2018-credit-derrick-salterswenncom-r6rhc9.jpg
2026-08-29 20:47:08,817 - INFO - downloader - image #65	https://i.pinimg.com/originals/5d/52/e3/5d52e337dbc956173c120924d98ba7d3.jpg
2026-08-29 20:47:08,906 - INFO - downloader - image #66	https://www.kemifilani.ng/wp-content/uploads/2022/09/Johnny-Sins-net-worth-2048x1303.jpg
2026-08-29 20:47:09,043 - INFO - downloader - image #67	https://imgcdn.stablediffusionweb.com/2025/1/3/a8c70d49-ce10-4683-bc63-97b2a847c34d.jpg
2026-08-29 20:47:09,299 - INFO - downloader - image #68	https://i.ytimg.com/vi/25aVIpsftA8/hqdefault.jpg
2026-08-29 20:47:09,381 - INFO - downloader - image #69	https://wallpapers.com/images/hd/johnny-sins-youtube-video-wmj4aty0v0wu8rrx.jpg
2026-08-29 20:47:09,664 - ERROR - downloader - Response status code 403, file https://lifewithoutandy.com/wp-content/uploads/2019/10/JohnnySins3-1.jpg
2026-08-29 20:47:09,736 - INFO - downloader - image #70	https://wallpapers.com/images/hd/johnny-sins-before-filming-cn39dxjdqsg46q4l.jpg
2026-08-29 20:47:09,802 - INFO - downloader - image #71	https://wallpapers.com/images/hd/young-johnny-sins-kx8znn500rlba14k.jpg
2026-08-29 20:47:09,912 - INFO - downloader - image #72	https://wallpapersok.com/images/thumbnail/distinguished-adult-film-star-johnny-sins-at-the-prestigious-avn-awards-l3lbw03v8wpyzbkq.jpg
2026-08-29 20:47:10,090 - INFO - downloader - image #73	https://wallpapersok.com/images/high/johnny-sins-as-cop-jd4bb79ky3y197nj.jpg
2026-08-29 20:47:10,248 - ERROR - downloader - Response status code 403, file https://lifewithoutandy.com/wp-content/uploads/2019/09/johnnysinsbanner2-1-600x388.jpg
2026-08-29 20:47:10,606 - INFO - downloader - image #74	https://wallpaperweb.org/images/hd/johnny-sins-in-pool-kdqq05ynb3zhf760.jpg
2026-08-29 20:47:10,653 - INFO - downloader - image #75	https://i.pinimg.com/originals/a2/12/aa/a212aa1778820d1127e1e1e8242a84cd.jpg
2026-08-29 20:47:11,670 - INFO - parser - no more page urls for thread parser-001 to parse
2026-08-29 20:47:11,670 - INFO - parser - thread parser-001 exit
2026-08-29 20:47:15,609 - INFO - downloader - no more download task for thread downloader-002
2026-08-29 20:47:15,609 - INFO - downloader - thread downloader-002 exit
2026-08-29 20:47:15,655 - INFO - downloader - no more download task for thread downloader-001
2026-08-29 20:47:15,655 - INFO - downloader - thread downloader-001 exit
2026-08-29 20:47:16,383 - INFO - icrawler.crawler - Crawling task done!
2026-08-29 20:47:17,412 - INFO - icrawler.crawler - start crawling...
2026-08-29 20:47:17,413 - INFO - icrawler.crawler - starting 1 feeder threads...
2026-08-29 20:47:17,413 - INFO - feeder - thread feeder-001 exit
2026-08-29 20:47:17,413 - INFO - icrawler.crawler - starting 1 parser threads...
2026-08-29 20:47:17,413 - INFO - icrawler.crawler - starting 2 downloader threads...
2026-08-29 20:47:18,050 - INFO - parser - parsing result page https://www.bing.com/images/async?q=john sins actor portrait&first=0
2026-08-29 20:47:18,475 - INFO - downloader - image #1	https://m.media-amazon.com/images/M/MV5BNzZhMDVmMjItZGIwYi00NzdiLWJkZjctNzQ5MzA4Njg4MDBhXkEyXkFqcGc@._V1_FMjpg_UX1000_.jpg
2026-08-29 20:47:18,505 - INFO - downloader - image #2	https://wallpapersok.com/images/hd/smiling-portrait-of-johnny-sins-0hlr7xbb3sx3drnh.jpg
2026-08-29 20:47:18,757 - INFO - downloader - image #3	https://imgcdn.stablediffusionweb.com/2024/10/10/cbdeab8e-40fe-415f-b931-47b94bb6c813.jpg
2026-08-29 20:47:18,785 - INFO - downloader - image #4	https://images.ladbible.com/resize?type=webp&quality=70&width=3840&fit=contain&gravity=auto&url=https://images.ladbiblegroup.com/v3/assets/bltcd74acc1d0a99f3a/blt4235a1ea3aee042f/6866c330333bde2f7f72b77a/GettyImages-1056597018.jpg
2026-08-29 20:47:19,147 - INFO - downloader - image #5	https://img-s3.onedio.com/id-636fbcf83b8b7b292ab32188/rev-0/w-1200/h-1058/f-jpg/s-9284d031345ebb25fb3ecaae901b604f979f6777.jpg
2026-08-29 20:47:19,219 - INFO - downloader - image #6	https://imgcdn.stablediffusionweb.com/2024/10/11/57834015-8f91-42c5-b4c4-3cbe36f9bbb3.jpg
2026-08-29 20:47:19,562 - INFO - downloader - image #7	https://wikibio.in/wp-content/uploads/2019/02/Johnny-Sins.jpg
2026-08-29 20:47:19,563 - INFO - downloader - image #8	https://imgcdn.stablediffusionweb.com/2025/1/22/7f9b74bf-718f-4b5a-9d58-4dd1c0b53454.jpg
2026-08-29 20:47:19,710 - INFO - downloader - image #9	https://wallpapersok.com/images/hd/distinguished-adult-film-star-johnny-sins-at-the-prestigious-avn-awards-l3lbw03v8wpyzbkq.jpg
2026-08-29 20:47:20,212 - INFO - downloader - image #10	https://facts.net/wp-content/uploads/2023/10/22-astounding-facts-about-johnny-sins-1696433310.jpg
2026-08-29 20:47:20,971 - INFO - downloader - image #11	https://images.kinorium.com/instagram/320/CkTJgPauFFg.jpg
2026-08-29 20:47:21,046 - INFO - downloader - image #12	https://imgcdn.stablediffusionweb.com/2025/1/27/5838076a-b0d4-44d1-93cc-0511ff9306c7.jpg
2026-08-29 20:47:21,525 - ERROR - downloader - Response status code 403, file https://www.lateja.cr/resizer/v2/VWGYSJWPXRBA5PNYVK32RWRMVM.jpg
2026-08-29 20:47:21,984 - INFO - downloader - image #13	https://celebrealname.com/wp-content/uploads/2024/01/johnny-sins.jpg
2026-08-29 20:47:22,068 - INFO - downloader - image #14	https://imgcdn.stablediffusionweb.com/2025/1/22/4c982f19-a718-4ff9-92c8-c1b324f1e3fb.jpg
2026-08-29 20:47:22,163 - INFO - downloader - image #15	https://imgcdn.stablediffusionweb.com/2025/1/9/35f17a6b-027c-4c84-9875-c95cc3704fb2.jpg
2026-08-29 20:47:22,653 - INFO - downloader - image #16	https://actorshunk.com/wp-content/uploads/2024/02/mosttalentedbaldman_1693082278_3178126955887841998_56681234282.jpg
2026-08-29 20:47:22,761 - ERROR - downloader - Response status code 403, file https://www.lateja.cr/resizer/v2/7DMZBTQXM5F5XN3344CDKRSAW4.jpg
2026-08-29 20:47:23,223 - INFO - downloader - image #17	https://wallpapers.com/images/hd/johnny-sins-pastel-filter-359stlklvh8c67zc.jpg
2026-08-29 20:47:23,295 - INFO - downloader - image #18	https://imgcdn.stablediffusionweb.com/2025/1/27/9e1c2331-aa40-4c4e-a1c4-1dbe544f5315.jpg
2026-08-29 20:47:23,838 - INFO - downloader - image #19	http://wikibio.us/wp-content/uploads/2020/06/0bd8f1792a1ecc75d40125fe207c7afd.jpg
2026-08-29 20:47:23,865 - INFO - parser - parsing result page https://www.bing.com/images/async?q=john sins actor portrait&first=20
2026-08-29 20:47:24,076 - INFO - downloader - image #20	https://imgcdn.stablediffusionweb.com/2025/1/27/2613a1e6-7ee3-4395-b2a4-1e9ae6adee02.jpg
2026-08-29 20:47:24,154 - INFO - downloader - image #21	https://wikilifeng.com/contents/uploads/biographies/biography-1623--i-don-t-know-my-official-body-count-but-it-s-somewhere-around-2-500---adult-star-johnny-sins-reveals-photos--06012025.jpg
2026-08-29 20:47:24,397 - INFO - downloader - image #22	https://i.pinimg.com/736x/6e/b9/a8/6eb9a8b43a13cf33dae7d2fcd83daf8a.jpg
2026-08-29 20:47:24,483 - ERROR - downloader - Response status code 403, file https://www.lateja.cr/resizer/v2/XOHQZSBYVVEYRKRPMIAXPJF7J4.jpg
2026-08-29 20:47:24,871 - INFO - downloader - image #23	https://images.ladbible.com/resize?type=webp&quality=70&width=1200&fit=contain&gravity=auto&url=https://images.ladbiblegroup.com/v3/assets/bltcd74acc1d0a99f3a/blt4235a1ea3aee042f/6866c330333bde2f7f72b77a/GettyImages-1056597018.jpg
2026-08-29 20:47:26,746 - INFO - downloader - image #24	https://starboard-media.s3.amazonaws.com/static/user/avatar-yZlgNegGG.jpg
2026-08-29 20:47:26,829 - INFO - downloader - image #25	https://wallpapers.com/images/hd/johnny-sins-at-avn-awards-l3lbw03v8wpyzbkq.jpg
2026-08-29 20:47:27,107 - INFO - downloader - image #26	https://img-s1.onedio.com/id-636fbd5fa99378ac2941e5cf/rev-0/w-635/f-jpg/s-dbb9eedb4e79c60dd2a13cabbe97cb628a0fb1b7.jpg
2026-08-29 20:47:27,963 - INFO - downloader - image #27	https://media.fstatic.com/hRyM9hDvRPrroAzqMPBiqk332AQ=/full-fit-in/640x0/media/artists/avatar/2021/04/johnny-sins_a641604.jpg
2026-08-29 20:47:28,040 - INFO - downloader - image #28	https://wallpapers.com/images/hd/johnny-sins-with-award-w6rkexvf56geckoe.jpg
2026-08-29 20:47:28,101 - INFO - downloader - image #29	https://i.pinimg.com/736x/5a/75/72/5a75721acbb73a58462492ccb20e7968.jpg
2026-08-29 20:47:28,168 - INFO - downloader - image #30	https://i.pinimg.com/originals/65/e6/3d/65e63de4b61d1b1faf76a7ffbfb0ec3f.jpg
2026-08-29 20:47:28,257 - INFO - downloader - image #31	https://imgcdn.stablediffusionweb.com/2025/1/24/30a5e5a6-f1c2-4c70-a8cb-8d6668a8435e.jpg
2026-08-29 20:47:28,509 - INFO - downloader - image #32	https://onlywikis.com/johnny-sins/johnny-sins-real-name.jpg
2026-08-29 20:47:28,572 - INFO - parser - parsing result page https://www.bing.com/images/async?q=john sins actor portrait&first=40
2026-08-29 20:47:28,972 - INFO - downloader - image #33	https://images.kinorium.com/persona/300/1494370.jpg
2026-08-29 20:47:29,063 - INFO - downloader - image #34	https://imgcdn.stablediffusionweb.com/2024/10/5/9ac628cb-e48e-4662-8a00-af9ba5ef9bac.jpg
2026-08-29 20:47:29,624 - INFO - downloader - image #35	https://hdnicewallpapers.com/images/file/doctor-johnny-sins-6vleyqyzdu5tcn5c.jpg
2026-08-29 20:47:30,096 - INFO - downloader - image #36	https://actorshunk.com/wp-content/uploads/2024/02/mosttalentedbaldman_1693082278_3178126955887841998_56681234282-768x768.jpg
2026-08-29 20:47:30,554 - INFO - downloader - image #37	https://instinctmagazine.com/wp-content/uploads/2026/04/jsins.jpg
2026-08-29 20:47:30,574 - INFO - downloader - image #38	https://celebrealname.com/wp-content/uploads/2024/01/johnny-sins-1024x1024.jpg
2026-08-29 20:47:30,652 - INFO - downloader - image #39	https://imgcdn.stablediffusionweb.com/2025/3/20/a01ebc27-c88d-496f-b31f-f0f816a510c2.jpg
2026-08-29 20:47:30,933 - INFO - downloader - image #40	https://files.prokerala.com/news/photos/imgs/1024/johnny-sins-891444.jpg
2026-08-29 20:47:31,294 - INFO - downloader - image #41	https://img-s3.onedio.com/id-636fbcf83b8b7b292ab32188/rev-0/w-635/f-jpg/s-cb510cc5d5787e5255ff66f8f47f838dee7b3e56.jpg
2026-08-29 20:47:31,324 - INFO - downloader - image #42	https://www.gomoral.com/wp-content/uploads/2024/06/Johnny-Sins-Age-2-1024x576.jpg
2026-08-29 20:47:31,715 - INFO - downloader - image #43	https://globalwikibio.com/wp-content/uploads/2023/03/Johnny-Sins-WikiBiography-1024x576.jpg
2026-08-29 20:47:31,921 - INFO - parser - parsing result page https://www.bing.com/images/async?q=john sins actor portrait&first=60
2026-08-29 20:47:32,505 - ERROR - downloader - Response status code 400, file https://media.gettyimages.com/id/1125797695/photo/las-vegas-nevada-adult-film-actor-johnny-sins-and-adult-film-actress-kissa-sins-attend-the.jpg
2026-08-29 20:47:32,699 - INFO - downloader - image #44	https://i.pinimg.com/736x/8b/bf/53/8bbf539f11f3224c82a338cbabddfd18.jpg
2026-08-29 20:47:33,278 - INFO - downloader - image #45	https://libero.cronosmedia.glr.pe/original/2022/09/22/632c6e56215048670104c3c7.jpg
2026-08-29 20:47:33,699 - INFO - downloader - image #46	https://www.themoviedb.org/t/p/original/3z8iHWk3yi0ViLWY2uE4608b3Ds.jpg
2026-08-29 20:47:34,976 - INFO - downloader - image #47	https://imgcdn.stablediffusionweb.com/2024/4/3/c3e9974d-e283-485c-9802-0253641a349c.jpg
2026-08-29 20:47:35,335 - INFO - downloader - image #48	https://img-s1.onedio.com/id-5ee20e69e30195c439c61a96/rev-0/w-1200/h-1172/f-jpg/s-aa65ced2cae1bed3c8a1dd2029160e0483dcabf4.jpg
2026-08-29 20:47:36,466 - INFO - downloader - image #49	https://www.neyazalim.com/wp-content/uploads/Johnny-Sins-Kimdir.jpg
2026-08-29 20:47:36,539 - INFO - downloader - image #50	https://imgcdn.stablediffusionweb.com/2025/1/9/ad893656-69de-4c2f-9a65-ca1d1e3ae707.jpg
2026-08-29 20:47:36,624 - INFO - downloader - image #51	https://www.profileage.com/wp-content/uploads/2024/07/johnny_sins.jpg
2026-08-29 20:47:36,698 - INFO - downloader - image #52	https://imgcdn.stablediffusionweb.com/2025/3/20/099fa6b2-890f-4317-a5f3-909cbe530821.jpg
2026-08-29 20:47:37,112 - INFO - parser - parsing result page https://www.bing.com/images/async?q=john sins actor portrait&first=80
2026-08-29 20:47:37,492 - INFO - downloader - image #53	https://exploralatierra.es/wp-content/uploads/2025/08/johnny-sins.jpg
2026-08-29 20:47:37,902 - INFO - downloader - image #54	https://wallpapers.com/images/hd/johnny-sins-dslr-selfie-ajxw8yiskr3j0vg5.jpg
2026-08-29 20:47:37,930 - INFO - downloader - image #55	https://img.streamfind.com/image/w/260/persons/profile/797gobnkm080.jpg
2026-08-29 20:47:38,306 - INFO - downloader - image #56	https://images.teepublic.com/derived/production/designs/8777016_0/1585640625/i_m:pid_492,c_78_76_831x1108,bc_ffffff,ar_3x4,o_portrait,pm_4,s_630,q_90.jpg
2026-08-29 20:47:38,639 - INFO - downloader - image #57	https://aajivanbiography.com/wp-content/uploads/2025/07/Johnny-Sins.jpg
2026-08-29 20:47:39,084 - INFO - downloader - image #58	https://onlywikis.com/wp-content/uploads/2023/06/johnny-sins-age.jpg
2026-08-29 20:47:39,286 - INFO - downloader - image #59	https://imgcdn.stablediffusionweb.com/2024/4/19/73502ac2-9788-42a2-a196-8f26be908031.jpg
2026-08-29 20:47:39,290 - INFO - downloader - image #60	https://i.pinimg.com/originals/75/c9/10/75c9108343a1df2ddc709339bec19bc3.jpg
2026-08-29 20:47:39,379 - INFO - downloader - image #61	https://i.pinimg.com/originals/47/34/89/473489f7b154c89fd81f5e4bc5421425.jpg
2026-08-29 20:47:39,471 - INFO - downloader - image #62	https://wallpapers.com/images/hd/johnny-sins-at-convention-dmrg32u5m6tuw1s0.jpg
2026-08-29 20:47:39,628 - INFO - downloader - image #63	https://newspapers.ph/wp-content/uploads/2022/12/johnny-sins2.jpg
2026-08-29 20:47:39,848 - INFO - downloader - image #64	https://www.gomoral.com/wp-content/uploads/2024/06/Johnny-Sins-Age-2-1536x864.jpg
2026-08-29 20:47:41,146 - INFO - downloader - image #65	https://static.wikia.nocookie.net/the-giant-memeverse/images/6/63/Johnny_Sins.jpg
2026-08-29 20:47:41,592 - ERROR - downloader - Response status code 403, file https://lifewithoutandy.com/wp-content/uploads/2019/09/johnnysinsbanner2-1.jpg
2026-08-29 20:47:41,852 - INFO - parser - no more page urls for thread parser-001 to parse
2026-08-29 20:47:41,853 - INFO - parser - thread parser-001 exit
2026-08-29 20:47:41,986 - INFO - downloader - image #66	https://alchetron.com/cdn/johnny-sins-10dd7cbb-b337-43ed-8721-e3d1c04d193-resize-750.jpg
2026-08-29 20:47:42,745 - INFO - downloader - image #67	https://img-s1.onedio.com/id-636fbeaca99378ac2941e5d3/rev-0/w-635/f-jpg/s-ee6da6688aeef277f8bcef3c19d780bc76c04389.jpg
2026-08-29 20:47:43,486 - ERROR - downloader - Response status code 401, file https://images-wixmp-ed30a86b8c4ca887773594c2.wixmp.com/f/c830d462-1fd7-427c-a1a8-308a40b5d4ed/dcb59es-7aef9207-c824-40d0-8489-4c3afc0e657e.jpg
2026-08-29 20:47:43,854 - INFO - downloader - image #68	https://64.media.tumblr.com/754fd8a173d3ef059b6d19be765585fa/d0f78e00f523ad16-f1/s540x810/40be0f4360c21bed158256cd470d8e7a2d020619.jpg
2026-08-29 20:47:44,933 - ERROR - downloader - Exception caught when downloading file https://www.xlovecam.com/blog/wp-content/uploads/2024/01/1kbhw77nlzcr3jv8u2dsfpa-1024x576.jpg, error: HTTPSConnectionPool(host='www.xlovecam.com', port=443): Max retries exceeded with url: /blog/wp-content/uploads/2024/01/1kbhw77nlzcr3jv8u2dsfpa-1024x576.jpg (Caused by ConnectTimeoutError(<HTTPSConnection(host='www.xlovecam.com', port=443) at 0x1731c83a0>, 'Connection to www.xlovecam.com timed out. (connect timeout=5)')), remaining retry times: 2
2026-08-29 20:47:48,859 - INFO - downloader - no more download task for thread downloader-001
2026-08-29 20:47:48,860 - INFO - downloader - thread downloader-001 exit
2026-08-29 20:47:49,941 - ERROR - downloader - Exception caught when downloading file https://www.xlovecam.com/blog/wp-content/uploads/2024/01/1kbhw77nlzcr3jv8u2dsfpa-1024x576.jpg, error: HTTPSConnectionPool(host='www.xlovecam.com', port=443): Max retries exceeded with url: /blog/wp-content/uploads/2024/01/1kbhw77nlzcr3jv8u2dsfpa-1024x576.jpg (Caused by ConnectTimeoutError(<HTTPSConnection(host='www.xlovecam.com', port=443) at 0x16fdb8c70>, 'Connection to www.xlovecam.com timed out. (connect timeout=5)')), remaining retry times: 1
2026-08-29 20:47:54,950 - ERROR - downloader - Exception caught when downloading file https://www.xlovecam.com/blog/wp-content/uploads/2024/01/1kbhw77nlzcr3jv8u2dsfpa-1024x576.jpg, error: HTTPSConnectionPool(host='www.xlovecam.com', port=443): Max retries exceeded with url: /blog/wp-content/uploads/2024/01/1kbhw77nlzcr3jv8u2dsfpa-1024x576.jpg (Caused by ConnectTimeoutError(<HTTPSConnection(host='www.xlovecam.com', port=443) at 0x173387850>, 'Connection to www.xlovecam.com timed out. (connect timeout=5)')), remaining retry times: 0
2026-08-29 20:47:59,957 - INFO - downloader - no more download task for thread downloader-002
2026-08-29 20:47:59,958 - INFO - downloader - thread downloader-002 exit
2026-08-29 20:48:00,554 - INFO - icrawler.crawler - Crawling task done!
2026-08-29 20:48:01,588 - INFO - icrawler.crawler - start crawling...
2026-08-29 20:48:01,588 - INFO - icrawler.crawler - starting 1 feeder threads...
2026-08-29 20:48:01,589 - INFO - feeder - thread feeder-001 exit
2026-08-29 20:48:01,589 - INFO - icrawler.crawler - starting 1 parser threads...
2026-08-29 20:48:01,589 - INFO - icrawler.crawler - starting 2 downloader threads...
2026-08-29 20:48:02,311 - INFO - parser - parsing result page https://www.bing.com/images/async?q=johnny sins reddit image&first=0
2026-08-29 20:48:02,561 - ERROR - downloader - Response status code 403, file https://preview.redd.it/4mc6mm2j3ih41.jpg
2026-08-29 20:48:02,722 - ERROR - downloader - Response status code 403, file https://preview.redd.it/nim5qnohoq371.jpg
2026-08-29 20:48:03,205 - INFO - downloader - image #1	https://i.redd.it/mwjhntrqgkx11.jpg
2026-08-29 20:48:03,664 - INFO - downloader - image #2	https://i.kym-cdn.com/photos/images/original/002/093/396/2a8.jpg
2026-08-29 20:48:03,751 - INFO - downloader - image #3	https://humornama.com/wp-content/uploads/2022/08/Johnny-Sins-Meme-on-Moon-Knight.jpg
2026-08-29 20:48:03,800 - ERROR - downloader - Response status code 403, file https://i.redd.it/johnny-sins-level-100-on-all-jobs-v0-tqzf65thogob1.jpg
2026-08-29 20:48:03,987 - ERROR - downloader - Response status code 403, file https://preview.redd.it/nl8z5hywucx61.jpg
2026-08-29 20:48:04,078 - INFO - downloader - image #4	https://imageproxy.ifunny.co/crop:x-20,resize:640x,quality:90x75/images/7e68b8688623271cc1cb805becd2bbe4e9cc7da92ac0e031c6ff2706253a1802_1.jpg
2026-08-29 20:48:04,258 - ERROR - downloader - Response status code 403, file https://preview.redd.it/69ojwyxginf81.jpg
2026-08-29 20:48:04,373 - INFO - downloader - image #5	https://wallpapers.com/images/hd/topless-and-muscular-johnny-sins-g69u6wmwjrviav6j.jpg
2026-08-29 20:48:04,542 - ERROR - downloader - Response status code 403, file https://preview.redd.it/evadra-johnny-sins-v0-ldfb4ua39mva1.jpg
2026-08-29 20:48:04,827 - INFO - downloader - image #6	https://i.pinimg.com/736x/42/a7/a3/42a7a312d0c2c48e9997a92e6b9300f2.jpg
2026-08-29 20:48:04,983 - ERROR - downloader - Response status code 403, file https://preview.redd.it/didnt-realize-i-was-johnny-sins-he-truly-is-a-man-with-many-v0-nq9cigsjp6z91.jpg
2026-08-29 20:48:05,206 - INFO - downloader - image #7	https://i.redd.it/lqdfn8bnlso61.jpg
2026-08-29 20:48:05,336 - INFO - downloader - image #8	https://i.kym-cdn.com/photos/images/original/002/380/939/bba.jpg
2026-08-29 20:48:05,380 - ERROR - downloader - Response status code 403, file https://preview.redd.it/johnny-sins-v0-ycinpqag0gtc1.jpg
2026-08-29 20:48:05,572 - ERROR - downloader - Response status code 403, file https://preview.redd.it/2f84v7tzlor81.jpg
2026-08-29 20:48:05,649 - INFO - downloader - image #9	https://wallpapers.com/images/hd/johnny-sins-wacky-selfie-qkwwxm0y83pqf8jp.jpg
2026-08-29 20:48:05,659 - INFO - downloader - image #10	https://i.redd.it/1feureisbx5b1.jpg
2026-08-29 20:48:05,821 - ERROR - downloader - Response status code 403, file https://preview.redd.it/t725epmi94261.jpg
2026-08-29 20:48:06,142 - INFO - parser - parsing result page https://www.bing.com/images/async?q=johnny sins reddit image&first=20
2026-08-29 20:48:06,257 - INFO - downloader - image #11	https://i.redd.it/y1b7tsycrqh51.jpg
2026-08-29 20:48:06,404 - ERROR - downloader - Response status code 403, file https://preview.redd.it/yw8h0pa3mq361.jpg
2026-08-29 20:48:06,463 - INFO - downloader - image #12	https://imgcdn.stablediffusionweb.com/2025/1/20/65166f32-6c1f-465b-bb28-a88ce8ed042c.jpg
2026-08-29 20:48:06,491 - INFO - downloader - image #13	https://wallpapers.com/images/hd/johnny-sins-with-award-w6rkexvf56geckoe.jpg
2026-08-29 20:48:06,610 - ERROR - downloader - Response status code 403, file https://preview.redd.it/johnny-sins-2-0-everyone-v0-3d67xfw4xibc1.jpg
2026-08-29 20:48:06,780 - ERROR - downloader - Response status code 403, file https://preview.redd.it/y1b7tsycrqh51.jpg
2026-08-29 20:48:06,790 - INFO - downloader - image #14	https://imgcdn.stablediffusionweb.com/2024/5/30/97afcecf-3137-4c6c-8977-71a74b008694.jpg
2026-08-29 20:48:06,929 - INFO - downloader - image #15	https://wallpapers.com/images/hd/johnny-sins-pastel-filter-359stlklvh8c67zc.jpg
2026-08-29 20:48:07,195 - INFO - parser - parsing result page https://www.bing.com/images/async?q=johnny sins reddit image&first=40
2026-08-29 20:48:07,398 - INFO - downloader - image #16	https://i.redd.it/8feq69s902k51.jpg
2026-08-29 20:48:07,663 - INFO - downloader - image #17	https://imgcdn.stablediffusionweb.com/2024/10/11/57834015-8f91-42c5-b4c4-3cbe36f9bbb3.jpg
2026-08-29 20:48:07,729 - INFO - downloader - image #18	https://wikilifeng.com/contents/uploads/biographies/biography-1623--i-don-t-know-my-official-body-count-but-it-s-somewhere-around-2-500---adult-star-johnny-sins-reveals-photos--06012025.jpg
2026-08-29 20:48:07,744 - INFO - downloader - image #19	https://wallpapers.com/images/hd/johnny-sins-jojo-meme-l53d7qepl3u296d0.jpg
2026-08-29 20:48:07,893 - ERROR - downloader - Response status code 403, file https://preview.redd.it/n87e2x33eqv31.jpg
2026-08-29 20:48:07,999 - INFO - downloader - image #20	https://i.redd.it/zwi9z30ayck31.jpg
2026-08-29 20:48:08,051 - ERROR - downloader - Response status code 403, file https://preview.redd.it/x2ytntu4dx681.jpg
2026-08-29 20:48:08,279 - INFO - downloader - image #21	https://i.redd.it/lw7cqolfmxk91.jpg
2026-08-29 20:48:08,421 - INFO - downloader - image #22	https://i.pinimg.com/736x/e0/40/39/e04039b2e59f98a7a8e7a0683c3a0ec1.jpg
2026-08-29 20:48:08,607 - INFO - downloader - image #23	https://imgcdn.stablediffusionweb.com/2025/1/27/2613a1e6-7ee3-4395-b2a4-1e9ae6adee02.jpg
2026-08-29 20:48:08,772 - ERROR - downloader - Response status code 403, file https://preview.redd.it/v9hk7q2qux391.jpg
2026-08-29 20:48:08,940 - ERROR - downloader - Response status code 403, file https://preview.redd.it/mans-taking-the-johnny-sins-cosplay-too-far-v0-9n3z1xwrb9kb1.jpg
2026-08-29 20:48:08,986 - INFO - downloader - image #24	https://i.pinimg.com/736x/8b/bf/53/8bbf539f11f3224c82a338cbabddfd18.jpg
2026-08-29 20:48:09,025 - INFO - downloader - image #25	https://i.pinimg.com/736x/6e/b9/a8/6eb9a8b43a13cf33dae7d2fcd83daf8a.jpg
2026-08-29 20:48:09,210 - ERROR - downloader - Response status code 403, file https://preview.redd.it/fhsrxh51zu791.jpg
2026-08-29 20:48:09,392 - INFO - parser - parsing result page https://www.bing.com/images/async?q=johnny sins reddit image&first=60
2026-08-29 20:48:09,497 - INFO - downloader - image #26	https://i.redd.it/arwblh5e8b251.jpg
2026-08-29 20:48:10,815 - INFO - downloader - image #27	https://www.meme-arsenal.com/memes/ac78a01de69453008ef5a54bfe013df3.jpg
2026-08-29 20:48:11,122 - INFO - downloader - image #28	https://www.meme-arsenal.com/memes/72b1da802902988bf448038c8fe3913f.jpg
2026-08-29 20:48:11,189 - INFO - downloader - image #29	https://wallpapers.com/images/hd/johnny-sins-at-avn-awards-l3lbw03v8wpyzbkq.jpg
2026-08-29 20:48:11,493 - INFO - downloader - image #30	https://www.meme-arsenal.com/memes/2c419d4f677997f44ce513f46fdc5178.jpg
2026-08-29 20:48:11,568 - INFO - downloader - image #31	https://wallpapers.com/images/hd/johnny-sins-tearing-shirt-tw0ott4omlhnjyk1.jpg
2026-08-29 20:48:11,902 - INFO - parser - parsing result page https://www.bing.com/images/async?q=johnny sins reddit image&first=80
2026-08-29 20:48:12,236 - INFO - downloader - image #32	https://images.perthnow.com.au/publication/C-14195434/979369e9dffead74b32f7dfc32822e685be57878.jpg
2026-08-29 20:48:12,672 - INFO - downloader - image #33	https://imgcdn.stablediffusionweb.com/2025/1/24/876173f9-4f90-4659-8c78-4dcd66c568ec.jpg
2026-08-29 20:48:13,048 - ERROR - downloader - Response status code 403, file https://e0.pxfuel.com/wallpapers/793/711/desktop-wallpaper-johnny-sins-doctor-teacher-plumber-deliveryman-preacher-johnny-bhaiya-dentist-yoga-businessman-everything-astronaut-firefighter-cop-army-culprit-johnny-sins.jpg
2026-08-29 20:48:13,222 - ERROR - downloader - Response status code 403, file https://preview.redd.it/move-over-johnny-sins-we-have-a-new-jack-of-all-trades-v0-llvpsmwoc0zb1.jpg
2026-08-29 20:48:13,294 - INFO - downloader - image #34	https://i.redd.it/1164txiqgtn91.jpg
2026-08-29 20:48:14,895 - INFO - downloader - image #35	https://www.meme-arsenal.com/memes/7e46ef874207143ff69bdc54c807ba4a.jpg
2026-08-29 20:48:15,157 - INFO - downloader - image #36	https://www.cutinsight.com/wp-content/uploads/2025/10/johnny-sins-v0-opbpoeg48mse1.jpg
2026-08-29 20:48:15,535 - INFO - downloader - image #37	https://m.media-amazon.com/images/M/MV5BNzZhMDVmMjItZGIwYi00NzdiLWJkZjctNzQ5MzA4Njg4MDBhXkEyXkFqcGc@._V1_FMjpg_UX1000_.jpg
2026-08-29 20:48:15,896 - INFO - downloader - image #38	https://i.redd.it/jpojgbiun2951.jpg
2026-08-29 20:48:16,089 - INFO - downloader - image #39	https://i.pinimg.com/originals/0f/a7/c6/0fa7c6a16ea9eeff456886281e59ab5f.jpg
2026-08-29 20:48:16,379 - INFO - downloader - image #40	https://wikibio.in/wp-content/uploads/2019/02/Johnny-Sins.jpg
2026-08-29 20:48:16,741 - INFO - downloader - image #41	https://i.redd.it/p860drg1w5u61.jpg
2026-08-29 20:48:17,119 - INFO - downloader - image #42	https://wallpapers.com/images/hd/doctor-johnny-sins-6vleyqyzdu5tcn5c.jpg
2026-08-29 20:48:17,254 - INFO - downloader - image #43	https://wallpapers.com/images/hd/johnny-sins-dslr-selfie-ajxw8yiskr3j0vg5.jpg
2026-08-29 20:48:17,305 - ERROR - downloader - Response status code 403, file https://i.redd.it/forgotten-footballers-johnny-sins-v0-bs7fmh4f34y91.jpg
2026-08-29 20:48:17,899 - INFO - parser - no more page urls for thread parser-001 to parse
2026-08-29 20:48:17,899 - INFO - parser - thread parser-001 exit
2026-08-29 20:48:20,624 - ERROR - downloader - Exception caught when downloading file https://newssow.com/wp-content/uploads/2022/03/Johnny-Sins-Image.jpg, error: HTTPSConnectionPool(host='newssow.com', port=443): Read timed out. (read timeout=5), remaining retry times: 2
2026-08-29 20:48:20,994 - INFO - downloader - image #44	https://newssow.com/wp-content/uploads/2022/03/Johnny-Sins-Image.jpg
2026-08-29 20:48:22,307 - INFO - downloader - no more download task for thread downloader-002
2026-08-29 20:48:22,309 - INFO - downloader - thread downloader-002 exit
2026-08-29 20:48:26,000 - INFO - downloader - no more download task for thread downloader-001
2026-08-29 20:48:26,000 - INFO - downloader - thread downloader-001 exit
2026-08-29 20:48:26,673 - INFO - icrawler.crawler - Crawling task done!
URL queue 835  bing files 905
/Users/aoxo/Library/Python/3.9/lib/python/site-packages/insightface/utils/transform.py:68: FutureWarning: `rcond` parameter will change to the default of machine precision times ``max(M, N)`` where M and N are the input matrix dimensions.
To use the future default and silence this warning we advise to pass `rcond=None`, to keep using the old, explicitly pass `rcond=-1`.
  P = np.linalg.lstsq(X_homo, Y)[0].T # Affine matrix. 3 x 4
  KEPT sins_00011.jpg  sim=+0.841  ddg:johnny sins portrait
set det-size: (1024, 1024)
set det-size: (640, 640)
  KEPT sins_00012.jpg  sim=+0.753  ddg:johnny sins portrait
  KEPT sins_00013.jpg  sim=+0.824  ddg:johnny sins portrait
  KEPT sins_00014.jpg  sim=+0.664  ddg:johnny sins portrait
  KEPT sins_00015.jpg  sim=+0.860  ddg:johnny sins portrait
  KEPT sins_00016.jpg  sim=+0.844  ddg:johnny sins portrait
  KEPT sins_00017.jpg  sim=+0.320  ddg:johnny sins portrait
  KEPT sins_00018.jpg  sim=+0.818  ddg:johnny sins portrait
  KEPT sins_00019.jpg  sim=+0.676  ddg:johnny sins portrait
  KEPT sins_00020.jpg  sim=+0.872  ddg:johnny sins portrait
  KEPT sins_00021.jpg  sim=+0.818  ddg:johnny sins portrait
  KEPT sins_00022.jpg  sim=+0.605  ddg:johnny sins portrait
  KEPT sins_00023.jpg  sim=+0.689  ddg:johnny sins portrait
  KEPT sins_00024.jpg  sim=+0.647  ddg:johnny sins portrait
  KEPT sins_00025.jpg  sim=+0.840  ddg:johnny sins portrait
  KEPT sins_00026.jpg  sim=+0.798  ddg:johnny sins portrait
  KEPT sins_00027.jpg  sim=+0.495  ddg:johnny sins portrait
  KEPT sins_00028.jpg  sim=+0.651  ddg:johnny sins portrait
  KEPT sins_00029.jpg  sim=+0.882  ddg:johnny sins portrait
  KEPT sins_00030.jpg  sim=+0.822  ddg:johnny sins portrait
  KEPT sins_00031.jpg  sim=+0.809  ddg:johnny sins portrait
  KEPT sins_00032.jpg  sim=+0.484  ddg:johnny sins portrait
  KEPT sins_00033.jpg  sim=+0.792  ddg:johnny sins portrait
  KEPT sins_00034.jpg  sim=+0.714  ddg:johnny sins portrait
  KEPT sins_00035.jpg  sim=+0.598  ddg:johnny sins portrait
  KEPT sins_00036.jpg  sim=+0.444  ddg:johnny sins portrait
  KEPT sins_00037.jpg  sim=+0.844  ddg:johnny sins portrait
  KEPT sins_00038.jpg  sim=+0.557  ddg:johnny sins portrait
  KEPT sins_00039.jpg  sim=+0.864  ddg:johnny sins portrait
  KEPT sins_00040.jpg  sim=+0.636  ddg:johnny sins portrait
set det-size: (1024, 1024)
set det-size: (640, 640)
  KEPT sins_00041.jpg  sim=+0.665  ddg:johnny sins portrait
  KEPT sins_00042.jpg  sim=+0.869  ddg:johnny sins portrait
  KEPT sins_00043.jpg  sim=+0.809  ddg:johnny sins portrait
  KEPT sins_00044.jpg  sim=+0.841  ddg:johnny sins portrait
set det-size: (1024, 1024)
set det-size: (640, 640)
  KEPT sins_00045.jpg  sim=+0.799  ddg:johnny sins portrait
  KEPT sins_00046.jpg  sim=+0.850  ddg:johnny sins portrait
  KEPT sins_00047.jpg  sim=+0.806  ddg:johnny sins portrait
  KEPT sins_00048.jpg  sim=+0.656  ddg:johnny sins portrait
  KEPT sins_00049.jpg  sim=+0.751  ddg:johnny sins portrait
  KEPT sins_00050.jpg  sim=+0.485  ddg:johnny sins portrait
  KEPT sins_00051.jpg  sim=+0.846  ddg:johnny sins portrait
  KEPT sins_00052.jpg  sim=+0.818  ddg:johnny sins portrait
  KEPT sins_00053.jpg  sim=+0.510  ddg:johnny sins interview face
  KEPT sins_00054.jpg  sim=+0.701  ddg:johnny sins interview face
  KEPT sins_00055.jpg  sim=+0.847  ddg:johnny sins interview face
  KEPT sins_00056.jpg  sim=+0.795  ddg:johnny sins interview face
  KEPT sins_00057.jpg  sim=+0.835  ddg:johnny sins interview face
  KEPT sins_00058.jpg  sim=+0.836  ddg:johnny sins interview face
  KEPT sins_00059.jpg  sim=+0.762  ddg:johnny sins interview face
  KEPT sins_00060.jpg  sim=+0.870  ddg:johnny sins interview face
  KEPT sins_00061.jpg  sim=+0.769  ddg:johnny sins interview face
  KEPT sins_00062.jpg  sim=+0.533  ddg:johnny sins interview face
  KEPT sins_00063.jpg  sim=+0.772  ddg:johnny sins interview face
  KEPT sins_00064.jpg  sim=+0.845  ddg:johnny sins interview face
  KEPT sins_00065.jpg  sim=+0.821  ddg:johnny sins interview face
  KEPT sins_00066.jpg  sim=+0.843  ddg:johnny sins interview face
  KEPT sins_00067.jpg  sim=+0.816  ddg:johnny sins interview face
set det-size: (1024, 1024)
set det-size: (640, 640)
  KEPT sins_00068.jpg  sim=+0.853  ddg:johnny sins interview face
  KEPT sins_00069.jpg  sim=+0.590  ddg:johnny sins interview face
set det-size: (1024, 1024)
set det-size: (640, 640)
  KEPT sins_00070.jpg  sim=+0.893  ddg:johnny sins interview face
  KEPT sins_00071.jpg  sim=+0.810  ddg:johnny sins interview face
  KEPT sins_00072.jpg  sim=+0.643  ddg:johnny sins interview face
  KEPT sins_00073.jpg  sim=+0.825  ddg:johnny sins interview face
libpng warning: iCCP: known incorrect sRGB profile
  KEPT sins_00074.jpg  sim=+0.810  ddg:johnny sins interview face
set det-size: (1024, 1024)
set det-size: (640, 640)
  KEPT sins_00075.jpg  sim=+0.795  ddg:johnny sins interview face
  KEPT sins_00076.jpg  sim=+0.794  ddg:johnny sins interview face
  KEPT sins_00077.jpg  sim=+0.827  ddg:johnny sins interview face
  KEPT sins_00078.jpg  sim=+0.769  ddg:johnny sins bald head photo
  KEPT sins_00079.jpg  sim=+0.847  ddg:johnny sins bald head photo
  KEPT sins_00080.jpg  sim=+0.785  ddg:johnny sins bald head photo
  KEPT sins_00081.jpg  sim=+0.850  ddg:johnny sins bald head photo
  KEPT sins_00082.jpg  sim=+0.825  ddg:johnny sins bald head photo
  KEPT sins_00083.jpg  sim=+0.716  ddg:johnny sins bald head photo
set det-size: (1024, 1024)
set det-size: (640, 640)
  KEPT sins_00084.jpg  sim=+0.798  ddg:johnny sins bald head photo
  KEPT sins_00085.jpg  sim=+0.781  ddg:johnny sins bald head photo
  KEPT sins_00086.jpg  sim=+0.796  ddg:johnny sins bald head photo
  KEPT sins_00087.jpg  sim=+0.823  ddg:johnny sins bald head photo
  KEPT sins_00088.jpg  sim=+0.752  ddg:johnny sins bald head photo
  KEPT sins_00089.jpg  sim=+0.787  ddg:johnny sins bald head photo
  KEPT sins_00090.jpg  sim=+0.820  ddg:johnny sins bald head photo
  KEPT sins_00091.jpg  sim=+0.833  ddg:johnny sins bald head photo
  KEPT sins_00092.jpg  sim=+0.838  ddg:johnny sins bald head photo
  KEPT sins_00093.jpg  sim=+0.782  ddg:johnny sins bald head photo
  KEPT sins_00094.jpg  sim=+0.749  ddg:johnny sins bald head photo
  KEPT sins_00095.jpg  sim=+0.728  ddg:johnny sins bald head photo
  KEPT sins_00096.jpg  sim=+0.883  ddg:johnny sins bald head photo
  KEPT sins_00097.jpg  sim=+0.844  ddg:johnny sins bald head photo
  KEPT sins_00098.jpg  sim=+0.695  ddg:johnny sins bald head photo
  KEPT sins_00099.jpg  sim=+0.804  ddg:johnny sins bald head photo
  KEPT sins_00100.jpg  sim=+0.759  ddg:johnny sins bald head photo
  KEPT sins_00101.jpg  sim=+0.497  ddg:johnny sins bald head photo
  KEPT sins_00102.jpg  sim=+0.632  ddg:johnny sins bald head photo
  KEPT sins_00103.jpg  sim=+0.795  ddg:johnny sins bald head photo
  KEPT sins_00104.jpg  sim=+0.722  ddg:johnny sins bald head photo
  KEPT sins_00105.jpg  sim=+0.842  ddg:johnny sins bald head photo
set det-size: (1024, 1024)
set det-size: (640, 640)
  KEPT sins_00106.jpg  sim=+0.736  ddg:johnny sins instagram
  KEPT sins_00107.jpg  sim=+0.784  ddg:johnny sins instagram
  KEPT sins_00108.jpg  sim=+0.746  ddg:johnny sins instagram
  KEPT sins_00109.jpg  sim=+0.832  ddg:johnny sins instagram
  KEPT sins_00110.jpg  sim=+0.865  ddg:johnny sins instagram
  KEPT sins_00111.jpg  sim=+0.772  ddg:johnny sins instagram
set det-size: (1024, 1024)
set det-size: (640, 640)
  KEPT sins_00112.jpg  sim=+0.689  ddg:johnny sins instagram
  KEPT sins_00113.jpg  sim=+0.673  ddg:johnny sins instagram
  KEPT sins_00114.jpg  sim=+0.793  ddg:johnny sins instagram
  KEPT sins_00115.jpg  sim=+0.869  ddg:johnny sins instagram
  KEPT sins_00116.jpg  sim=+0.806  ddg:johnny sins instagram
  KEPT sins_00117.jpg  sim=+0.808  ddg:johnny sins instagram
  KEPT sins_00118.jpg  sim=+0.749  ddg:johnny sins instagram
  KEPT sins_00119.jpg  sim=+0.685  ddg:johnny sins instagram
  KEPT sins_00120.jpg  sim=+0.766  ddg:johnny sins podcast screenshot
  KEPT sins_00121.jpg  sim=+0.725  ddg:johnny sins podcast screenshot
  KEPT sins_00122.jpg  sim=+0.718  ddg:johnny sins podcast screenshot
  KEPT sins_00123.jpg  sim=+0.832  ddg:johnny sins podcast screenshot
  KEPT sins_00124.jpg  sim=+0.804  ddg:johnny sins podcast screenshot
  KEPT sins_00125.jpg  sim=+0.677  ddg:johnny sins podcast screenshot
  KEPT sins_00126.jpg  sim=+0.799  ddg:johnny sins podcast screenshot
  KEPT sins_00127.jpg  sim=+0.795  ddg:johnny sins podcast screenshot
  KEPT sins_00128.jpg  sim=+0.741  ddg:johnny sins podcast screenshot
  KEPT sins_00129.jpg  sim=+0.726  ddg:johnny sins podcast screenshot
  KEPT sins_00130.jpg  sim=+0.750  ddg:johnny sins podcast screenshot
  KEPT sins_00131.jpg  sim=+0.846  ddg:johnny sins podcast screenshot
  KEPT sins_00132.jpg  sim=+0.787  ddg:johnny sins podcast screenshot
set det-size: (1024, 1024)
set det-size: (640, 640)
  KEPT sins_00133.jpg  sim=+0.668  ddg:johnny sins podcast screenshot
  KEPT sins_00134.jpg  sim=+0.769  ddg:johnny sins podcast screenshot
set det-size: (1024, 1024)
set det-size: (640, 640)
  KEPT sins_00135.jpg  sim=+0.664  ddg:johnny sins podcast screenshot
  KEPT sins_00136.jpg  sim=+0.801  ddg:johnny sins podcast screenshot
  KEPT sins_00137.jpg  sim=+0.814  ddg:johnny sins podcast screenshot
  KEPT sins_00138.jpg  sim=+0.667  ddg:johnny sins podcast screenshot
  KEPT sins_00139.jpg  sim=+0.752  ddg:johnny sins podcast screenshot
  KEPT sins_00140.jpg  sim=+0.754  ddg:johnny sins podcast screenshot
  KEPT sins_00141.jpg  sim=+0.854  ddg:johnny sins podcast screenshot
  KEPT sins_00142.jpg  sim=+0.846  ddg:johnny sins professional photo
  KEPT sins_00143.jpg  sim=+0.781  ddg:johnny sins professional photo
  KEPT sins_00144.jpg  sim=+0.846  ddg:johnny sins professional photo
  KEPT sins_00145.jpg  sim=+0.815  ddg:johnny sins professional photo
  KEPT sins_00146.jpg  sim=+0.766  ddg:johnny sins professional photo
  KEPT sins_00147.jpg  sim=+0.711  ddg:johnny sins professional photo
  KEPT sins_00148.jpg  sim=+0.622  ddg:johnny sins professional photo
  KEPT sins_00149.jpg  sim=+0.755  ddg:johnny sins professional photo
  KEPT sins_00150.jpg  sim=+0.850  ddg:johnny sins professional photo
  KEPT sins_00151.jpg  sim=+0.704  ddg:johnny sins professional photo
  KEPT sins_00152.jpg  sim=+0.663  ddg:johnny sins professional photo
  KEPT sins_00153.jpg  sim=+0.572  ddg:johnny sins professional photo
  KEPT sins_00154.jpg  sim=+0.811  ddg:johnny sins professional photo
  KEPT sins_00155.jpg  sim=+0.695  ddg:johnny sins professional photo
  KEPT sins_00156.jpg  sim=+0.732  ddg:site:pinterest.com johnny sins
  KEPT sins_00157.jpg  sim=+0.752  ddg:site:pinterest.com johnny sins
  KEPT sins_00158.jpg  sim=+0.731  ddg:site:pinterest.com johnny sins
  KEPT sins_00159.jpg  sim=+0.768  ddg:site:pinterest.com johnny sins
  KEPT sins_00160.jpg  sim=+0.729  ddg:site:pinterest.com johnny sins
  KEPT sins_00161.jpg  sim=+0.669  ddg:site:pinterest.com johnny sins
  KEPT sins_00162.jpg  sim=+0.485  ddg:site:pinterest.com johnny sins
  KEPT sins_00163.jpg  sim=+0.824  ddg:site:pinterest.com johnny sins
  KEPT sins_00164.jpg  sim=+0.664  ddg:site:pinterest.com johnny sins
  KEPT sins_00165.jpg  sim=+0.833  ddg:site:pinterest.com johnny sins
  KEPT sins_00166.jpg  sim=+0.750  ddg:site:pinterest.com johnny sins
  KEPT sins_00167.jpg  sim=+0.662  ddg:site:pinterest.com johnny sins
set det-size: (1024, 1024)
set det-size: (640, 640)
set det-size: (1024, 1024)
set det-size: (640, 640)
set det-size: (1024, 1024)
set det-size: (640, 640)
set det-size: (1024, 1024)
set det-size: (640, 640)
set det-size: (1024, 1024)
set det-size: (640, 640)
set det-size: (1024, 1024)
set det-size: (640, 640)
set det-size: (1024, 1024)
set det-size: (640, 640)
set det-size: (1024, 1024)
set det-size: (640, 640)
set det-size: (1024, 1024)
set det-size: (640, 640)
set det-size: (1024, 1024)
set det-size: (640, 640)
set det-size: (1024, 1024)
set det-size: (640, 640)
set det-size: (1024, 1024)
set det-size: (640, 640)
  KEPT sins_00168.jpg  sim=+0.772  ddg:site:pinterest.com johnny sins
set det-size: (1024, 1024)
set det-size: (640, 640)
  KEPT sins_00169.jpg  sim=+0.636  ddg:site:pinterest.com johnnysins
  KEPT sins_00170.jpg  sim=+0.653  ddg:site:pinterest.com johnnysins
set det-size: (1024, 1024)
set det-size: (640, 640)
set det-size: (1024, 1024)
set det-size: (640, 640)
set det-size: (1024, 1024)
set det-size: (640, 640)
set det-size: (1024, 1024)
set det-size: (640, 640)
  KEPT sins_00171.jpg  sim=+0.887  ddg:site:pinterest.com johnnysins
set det-size: (1024, 1024)
set det-size: (640, 640)
set det-size: (1024, 1024)
set det-size: (640, 640)
set det-size: (1024, 1024)
set det-size: (640, 640)
set det-size: (1024, 1024)
set det-size: (640, 640)
  KEPT sins_00172.jpg  sim=+0.820  ddg:johnny sins youtube thumbnail
  KEPT sins_00173.jpg  sim=+0.767  ddg:johnny sins youtube thumbnail
  KEPT sins_00174.jpg  sim=+0.643  ddg:johnny sins youtube thumbnail
  KEPT sins_00175.jpg  sim=+0.675  ddg:johnny sins youtube thumbnail
  KEPT sins_00176.jpg  sim=+0.705  ddg:johnny sins youtube thumbnail
set det-size: (1024, 1024)
set det-size: (640, 640)
  KEPT sins_00177.jpg  sim=+0.585  ddg:johnny sins youtube thumbnail
  KEPT sins_00178.jpg  sim=+0.447  ddg:johnny sins youtube thumbnail
  KEPT sins_00179.jpg  sim=+0.836  ddg:johnny sins youtube thumbnail
  KEPT sins_00180.jpg  sim=+0.824  ddg:johnny sins youtube thumbnail
  KEPT sins_00181.jpg  sim=+0.762  ddg:johnny sins youtube thumbnail
  KEPT sins_00182.jpg  sim=+0.892  ddg:johnny sins youtube thumbnail
  KEPT sins_00183.jpg  sim=+0.707  ddg:johnny sins youtube thumbnail
set det-size: (1024, 1024)
set det-size: (640, 640)
set det-size: (1024, 1024)
set det-size: (640, 640)
  KEPT sins_00184.jpg  sim=+0.835  ddg:johnny sins youtube thumbnail
  KEPT sins_00185.jpg  sim=+0.830  ddg:johnny sins youtube thumbnail
  KEPT sins_00186.jpg  sim=+0.329  ddg:johnny sins youtube thumbnail
  KEPT sins_00187.jpg  sim=+0.770  ddg:johnny sins youtube thumbnail
  KEPT sins_00188.jpg  sim=+0.633  ddg:johnny sins youtube thumbnail
  KEPT sins_00189.jpg  sim=+0.821  ddg:johnny sins youtube thumbnail
set det-size: (1024, 1024)
set det-size: (640, 640)
  KEPT sins_00190.jpg  sim=+0.754  ddg:johnny sins youtube thumbnail
  KEPT sins_00191.jpg  sim=+0.431  ddg:johnny sins youtube thumbnail
  KEPT sins_00192.jpg  sim=+0.805  ddg:johnny sins youtube thumbnail
  KEPT sins_00193.jpg  sim=+0.641  ddg:johnny sins youtube thumbnail
  KEPT sins_00194.jpg  sim=+0.816  ddg:johnny sins youtube thumbnail
  KEPT sins_00195.jpg  sim=+0.719  ddg:johnny sins youtube thumbnail
  KEPT sins_00196.jpg  sim=+0.584  ddg:johnny sins youtube thumbnail
  KEPT sins_00197.jpg  sim=+0.676  ddg:johnny sins youtube thumbnail
  KEPT sins_00198.jpg  sim=+0.782  ddg:johnny sins youtube thumbnail
  KEPT sins_00199.jpg  sim=+0.844  ddg:johnny sins youtube thumbnail
  KEPT sins_00200.jpg  sim=+0.645  ddg:johnny sins youtube thumbnail
  KEPT sins_00201.jpg  sim=+0.738  ddg:johnny sins youtube thumbnail
  KEPT sins_00202.jpg  sim=+0.698  ddg:johnny sins youtube thumbnail
  KEPT sins_00203.jpg  sim=+0.712  ddg:johnny sins youtube thumbnail
  KEPT sins_00204.jpg  sim=+0.643  ddg:johnny sins youtube thumbnail
  KEPT sins_00205.jpg  sim=+0.746  ddg:johnny sins youtube thumbnail
  KEPT sins_00206.jpg  sim=+0.553  ddg:johnny sins youtube thumbnail
  KEPT sins_00207.jpg  sim=+0.785  ddg:johnny sins youtube thumbnail
  KEPT sins_00208.jpg  sim=+0.697  ddg:johnny sins youtube thumbnail
  KEPT sins_00209.jpg  sim=+0.778  ddg:johnny sins youtube thumbnail
  KEPT sins_00210.jpg  sim=+0.800  ddg:johnny sins youtube thumbnail
  KEPT sins_00211.jpg  sim=+0.748  ddg:johnny sins youtube thumbnail
  KEPT sins_00212.jpg  sim=+0.807  ddg:johnny sins youtube thumbnail
  KEPT sins_00213.jpg  sim=+0.541  ddg:johnny sins youtube thumbnail
  KEPT sins_00214.jpg  sim=+0.776  ddg:johnny sins youtube thumbnail
  KEPT sins_00215.jpg  sim=+0.773  ddg:johnny sins youtube thumbnail
  KEPT sins_00216.jpg  sim=+0.763  ddg:johnny sins youtube thumbnail
  KEPT sins_00217.jpg  sim=+0.621  ddg:johnny sins youtube thumbnail
  KEPT sins_00218.jpg  sim=+0.772  ddg:johnny sins youtube thumbnail
set det-size: (1024, 1024)
set det-size: (640, 640)
  KEPT sins_00219.jpg  sim=+0.716  ddg:johnny sins youtube thumbnail
  KEPT sins_00220.jpg  sim=+0.723  ddg:johnny sins meme face
  KEPT sins_00221.jpg  sim=+0.588  ddg:johnny sins meme face
  KEPT sins_00222.jpg  sim=+0.733  ddg:johnny sins meme face
  KEPT sins_00223.jpg  sim=+0.737  ddg:johnny sins meme face
  KEPT sins_00224.jpg  sim=+0.861  ddg:johnny sins meme face
  KEPT sins_00225.jpg  sim=+0.745  ddg:johnny sins meme face
  KEPT sins_00226.jpg  sim=+0.549  ddg:johnny sins meme face
  KEPT sins_00227.jpg  sim=+0.794  ddg:johnny sins meme face
  KEPT sins_00228.jpg  sim=+0.775  ddg:johnny sins meme face
  KEPT sins_00229.jpg  sim=+0.802  ddg:johnny sins meme face
  KEPT sins_00230.jpg  sim=+0.451  ddg:johnny sins meme face
  KEPT sins_00231.jpg  sim=+0.647  ddg:johnny sins meme face
  KEPT sins_00232.jpg  sim=+0.588  ddg:johnny sins meme face
  KEPT sins_00233.jpg  sim=+0.774  ddg:johnny sins meme face
  KEPT sins_00234.jpg  sim=+0.785  ddg:johnny sins meme face
  KEPT sins_00235.jpg  sim=+0.810  ddg:johnny sins meme face
  KEPT sins_00236.jpg  sim=+0.631  ddg:johnny sins meme face
  KEPT sins_00237.jpg  sim=+0.733  ddg:johnny sins meme face
  KEPT sins_00238.jpg  sim=+0.755  ddg:johnny sins meme face
  KEPT sins_00239.jpg  sim=+0.682  ddg:johnny sins meme face
  KEPT sins_00240.jpg  sim=+0.661  ddg:johnny sins meme face
  KEPT sins_00241.jpg  sim=+0.745  ddg:johnny sins meme face
  KEPT sins_00242.jpg  sim=+0.778  ddg:johnny sins meme face
  KEPT sins_00243.jpg  sim=+0.422  ddg:johnny sins meme face
  KEPT sins_00244.jpg  sim=+0.683  ddg:johnny sins meme face
  KEPT sins_00245.jpg  sim=+0.662  ddg:johnny sins meme face
set det-size: (1024, 1024)
set det-size: (640, 640)
  KEPT sins_00246.jpg  sim=+0.811  ddg:johnny sins meme face
set det-size: (1024, 1024)
set det-size: (640, 640)
  KEPT sins_00247.jpg  sim=+0.637  ddg:johnny sins tv appearance
  KEPT sins_00248.jpg  sim=+0.799  ddg:johnny sins tv appearance
  KEPT sins_00249.jpg  sim=+0.698  ddg:johnny sins tv appearance
  KEPT sins_00250.jpg  sim=+0.733  ddg:johnny sins tv appearance
  KEPT sins_00251.jpg  sim=+0.819  ddg:johnny sins tv appearance
  KEPT sins_00252.jpg  sim=+0.624  ddg:johnny sins tv appearance
  KEPT sins_00253.jpg  sim=+0.784  ddg:johnny sins tv appearance
  KEPT sins_00254.jpg  sim=+0.581  ddg:johnny sins tv appearance
  KEPT sins_00255.jpg  sim=+0.482  ddg:johnny sins tv appearance
  KEPT sins_00256.jpg  sim=+0.604  ddg:johnny sins tv appearance
  KEPT sins_00257.jpg  sim=+0.630  ddg:johnny sins tv appearance
  KEPT sins_00258.jpg  sim=+0.440  ddg:johnny sins tv appearance
  KEPT sins_00259.jpg  sim=+0.473  ddg:johnny sins tv appearance
  KEPT sins_00260.jpg  sim=+0.804  ddg:johnny sins candid photo

Run done: +250 kept this run  harvest_total=260  manifest -> /Users/aoxo/vscode/e85/target/harvest/sins/manifest.json
Rebuilt /Users/aoxo/vscode/e85/target/sins.zip  298 unique crops (deduped vs existing zip)
