/Users/aoxo/Library/Python/3.9/lib/python/site-packages/urllib3/__init__.py:35: NotOpenSSLWarning: urllib3 v2 only supports OpenSSL 1.1.1+, currently the 'ssl' module is compiled with 'LibreSSL 2.8.3'. See: https://github.com/urllib3/urllib3/issues/3020
  warnings.warn(
query-set scout2: 20 DDG/Bing + 6 LAION
mia: zip=451  harvest_kept=250  target=1000  dedup_seeded=1058
/Users/aoxo/Library/Python/3.9/lib/python/site-packages/insightface/utils/transform.py:68: FutureWarning: `rcond` parameter will change to the default of machine precision times ``max(M, N)`` where M and N are the input matrix dimensions.
To use the future default and silence this warning we advise to pass `rcond=None`, to keep using the old, explicitly pass `rcond=-1`.
  P = np.linalg.lstsq(X_homo, Y)[0].T # Affine matrix. 3 x 4
Applied providers: ['CPUExecutionProvider'], with options: {'CPUExecutionProvider': {}}
find model: /Users/aoxo/.insightface/models/buffalo_l/1k3d68.onnx landmark_3d_68 ['None', 3, 192, 192] 0.0 1.0
Applied providers: ['CPUExecutionProvider'], with options: {'CPUExecutionProvider': {}}
find model: /Users/aoxo/.insightface/models/buffalo_l/2d106det.onnx landmark_2d_106 ['None', 3, 192, 192] 0.0 1.0
Applied providers: ['CPUExecutionProvider'], with options: {'CPUExecutionProvider': {}}
find model: /Users/aoxo/.insightface/models/buffalo_l/det_10g.onnx detection [1, 3, '?', '?'] 127.5 128.0
Applied providers: ['CPUExecutionProvider'], with options: {'CPUExecutionProvider': {}}
find model: /Users/aoxo/.insightface/models/buffalo_l/genderage.onnx genderage ['None', 3, 96, 96] 0.0 1.0
Applied providers: ['CPUExecutionProvider'], with options: {'CPUExecutionProvider': {}}
find model: /Users/aoxo/.insightface/models/buffalo_l/w600k_r50.onnx recognition ['None', 3, 112, 112] 127.5 127.5
set det-size: (640, 640)
identity centroid from /Users/aoxo/vscode/e85/target/mia.zip
DDG search: 20 queries x 120
LAION-5B search: 6 queries x 120
  LAION fail 'mia khalifa fashion week paris photograph': HTTPSConnectionPool(host='knn5.laion.ai', port=443): Max retries exceeded with url: /knn-service (Caused by NewConnectionError("HTTPSConnection(host='knn5.laion.ai', port=443): Failed to establish a new connection: [Errno 60] Operation timed out"))
  LAION fail 'mia khalifa real photo interview 2023': HTTPSConnectionPool(host='knn5.laion.ai', port=443): Max retries exceeded with url: /knn-service (Caused by NewConnectionError("HTTPSConnection(host='knn5.laion.ai', port=443): Failed to establish a new connection: [Errno 60] Operation timed out"))
  LAION fail 'mia khalifa photocall red carpet': HTTPSConnectionPool(host='knn5.laion.ai', port=443): Max retries exceeded with url: /knn-service (Caused by NewConnectionError("HTTPSConnection(host='knn5.laion.ai', port=443): Failed to establish a new connection: [Errno 60] Operation timed out"))
  LAION fail 'miakhalifa press photo': HTTPSConnectionPool(host='knn5.laion.ai', port=443): Max retries exceeded with url: /knn-service (Caused by NewConnectionError("HTTPSConnection(host='knn5.laion.ai', port=443): Failed to establish a new connection: [Errno 60] Operation timed out"))
  LAION fail 'mia khalifa television appearance screenshot': HTTPSConnectionPool(host='knn5.laion.ai', port=443): Max retries exceeded with url: /knn-service (Caused by NewConnectionError("HTTPSConnection(host='knn5.laion.ai', port=443): Failed to establish a new connection: [Errno 60] Operation timed out"))
  LAION fail 'mia khalifa sports podcast photo': HTTPSConnectionPool(host='knn5.laion.ai', port=443): Max retries exceeded with url: /knn-service (Caused by NewConnectionError("HTTPSConnection(host='knn5.laion.ai', port=443): Failed to establish a new connection: [Errno 60] Operation timed out"))
Bing crawl: 20 queries x 120
2026-08-29 22:35:31,779 - INFO - icrawler.crawler - start crawling...
2026-08-29 22:35:31,779 - INFO - icrawler.crawler - starting 1 feeder threads...
2026-08-29 22:35:31,780 - INFO - icrawler.crawler - starting 1 parser threads...
2026-08-29 22:35:31,780 - INFO - icrawler.crawler - starting 2 downloader threads...
2026-08-29 22:35:31,780 - INFO - feeder - thread feeder-001 exit
2026-08-29 22:35:32,247 - INFO - parser - parsing result page https://www.bing.com/images/async?q=site:reddit.com mia khalifa photo&first=0
2026-08-29 22:35:32,963 - INFO - downloader - image #1	https://d.newsweek.com/en/full/2296063/mia-khalifa.jpg
2026-08-29 22:35:32,963 - INFO - downloader - image #2	https://d.newsweek.com/en/full/2292361/mia-khalifa.jpg
2026-08-29 22:35:33,424 - INFO - downloader - image #3	https://d.newsweek.com/en/full/2329455/mia-khalifa.jpg
2026-08-29 22:35:35,294 - INFO - downloader - image #4	https://miami-airport-mia.com/wp-content/uploads/2022/10/terminal-map-mia-airport-scaled.jpg
2026-08-29 22:35:35,339 - INFO - downloader - image #5	https://miami-airport-mia.com/wp-content/uploads/2022/09/North-Terminal-map-mia.jpg
2026-08-29 22:35:35,786 - INFO - downloader - image #6	https://wallpapercave.com/wp/wp5254996.jpg
2026-08-29 22:35:36,126 - INFO - downloader - image #7	https://www.viapais.com.ar/resizer/v2/2KU3TWUVGFGTZFIVYM2XTYPLFU.jpg
2026-08-29 22:35:36,215 - INFO - downloader - image #8	https://static.jewishnews.co.uk/jewishnews/uploads/2023/07/Twitter.jpg
2026-08-29 22:35:36,500 - INFO - downloader - image #9	https://images.squarespace-cdn.com/content/v1/6144d106ee0f834ae92b4f60/1687438541883-PMZ30KPXTNZHPEUJ6OZR/Mia+Khalifa+-+The+jaw-dropping+beauty+can+never+take+enough+selfies.jpg
2026-08-29 22:35:36,588 - INFO - downloader - image #10	https://wallpapercave.com/wp/wp2158286.jpg
2026-08-29 22:35:36,996 - INFO - downloader - image #11	https://facts.net/wp-content/uploads/2023/10/21-surprising-facts-about-mia-khalifa-1696581438.jpg
2026-08-29 22:35:38,529 - INFO - downloader - image #12	https://abcgazetesi.com/d/tag/mia-khalifa-56746.jpg
2026-08-29 22:35:39,042 - INFO - downloader - image #13	https://m.media-amazon.com/images/I/91HFQJi73FL._RI_.jpg
2026-08-29 22:35:40,539 - INFO - downloader - image #14	https://wallpapercat.com/w/full/9/e/0/651870-3640x2048-desktop-hd-mia-and-me-the-hero-of-centopia-wallpaper-image.jpg
2026-08-29 22:35:41,266 - INFO - downloader - image #15	https://d3nxoulyw7bc8u.cloudfront.net/images/artists/None/fe429c74-946c-4858-ac87-c344f52654e0.jpg
2026-08-29 22:35:41,283 - INFO - downloader - image #16	https://pisco.meaww.com/0385b334-e6b2-4509-9892-05ebdc0ae6de.jpg
2026-08-29 22:35:41,596 - ERROR - downloader - Response status code 400, file https://upload.wikimedia.org/wikipedia/commons/thumb/5/5e/MIA_au_Zénith_de_Paris_2014_(18).jpg
2026-08-29 22:35:41,752 - ERROR - downloader - Response status code 400, file https://media.gettyimages.com/id/939612912/photo/rapper-m-i-a-attends-new-directors-new-films-opening-night-at-museum-of-modern-art-on-march-28.jpg
2026-08-29 22:35:42,021 - INFO - downloader - image #17	https://c8.alamy.com/comp/CAKC97/sep-14-2007-austin-tx-usa-rap-artist-mia-performs-live-at-the-2007-CAKC97.jpg
2026-08-29 22:35:42,051 - ERROR - downloader - Response status code 400, file https://media.gettyimages.com/id/939612926/photo/rapper-m-i-a-attends-new-directors-new-films-opening-night-at-museum-of-modern-art-on-march-28.jpg
2026-08-29 22:35:42,103 - INFO - downloader - image #18	https://c8.alamy.com/comp/E85694/mia-performing-live-at-the-ultra-music-festival-featuring-miamathangi-E85694.jpg
2026-08-29 22:35:42,526 - ERROR - downloader - Response status code 403, file https://celebmafia.com/wp-content/uploads/2022/09/mia-goth-pearl-red-carpet-at-venice-film-festival-09-03-2022-7.jpg
2026-08-29 22:35:42,547 - INFO - parser - parsing result page https://www.bing.com/images/async?q=site:reddit.com mia khalifa photo&first=20
2026-08-29 22:35:42,742 - INFO - downloader - image #19	https://www.indiewire.com/wp-content/uploads/2023/01/Mia-Goth-1.jpg
2026-08-29 22:35:42,804 - INFO - parser - parsing result page https://www.bing.com/images/async?q=site:reddit.com mia khalifa photo&first=40
2026-08-29 22:35:43,040 - ERROR - downloader - Response status code 400, file https://media.gettyimages.com/id/939424986/photo/rapper-m-i-a-attends-new-directors-new-films-opening-night-at-museum-of-modern-art-on-march-28.jpg
2026-08-29 22:35:43,079 - INFO - parser - parsing result page https://www.bing.com/images/async?q=site:reddit.com mia khalifa photo&first=60
2026-08-29 22:35:43,108 - INFO - downloader - image #20	https://c8.alamy.com/comp/E8569E/mia-performing-live-at-the-ultra-music-festival-featuring-miamathangi-E8569E.jpg
2026-08-29 22:35:43,330 - INFO - parser - parsing result page https://www.bing.com/images/async?q=site:reddit.com mia khalifa photo&first=80
2026-08-29 22:35:43,510 - INFO - downloader - image #21	https://i.pinimg.com/originals/f4/56/4b/f4564bea4571aa31d3c97209b4e6e7c4.jpg
2026-08-29 22:35:43,755 - INFO - parser - parsing result page https://www.bing.com/images/async?q=site:reddit.com mia khalifa photo&first=100
2026-08-29 22:35:43,757 - ERROR - downloader - Response status code 400, file https://media.gettyimages.com/id/138326664/photo/m-i-a-performs-during-the-bridgestone-super-bowl-xlvi-halftime-show-at-lucas-oil-stadium-on.jpg
2026-08-29 22:35:44,583 - INFO - downloader - image #22	https://quinlan.it/upload/images/2023/04/mia-2023-ivano-de-matteo-poster.jpg
2026-08-29 22:35:45,779 - INFO - parser - no more page urls for thread parser-001 to parse
2026-08-29 22:35:45,780 - INFO - parser - thread parser-001 exit
2026-08-29 22:35:48,757 - INFO - downloader - no more download task for thread downloader-001
2026-08-29 22:35:48,757 - INFO - downloader - thread downloader-001 exit
2026-08-29 22:35:49,589 - INFO - downloader - no more download task for thread downloader-002
2026-08-29 22:35:49,590 - INFO - downloader - thread downloader-002 exit
2026-08-29 22:35:49,857 - INFO - icrawler.crawler - Crawling task done!
2026-08-29 22:35:50,887 - INFO - icrawler.crawler - start crawling...
2026-08-29 22:35:50,888 - INFO - icrawler.crawler - starting 1 feeder threads...
2026-08-29 22:35:50,888 - INFO - icrawler.crawler - starting 1 parser threads...
2026-08-29 22:35:50,889 - INFO - icrawler.crawler - starting 2 downloader threads...
2026-08-29 22:35:50,890 - INFO - feeder - thread feeder-001 exit
2026-08-29 22:35:51,362 - INFO - parser - parsing result page https://www.bing.com/images/async?q=site:flickr.com mia khalifa&first=0
2026-08-29 22:35:51,665 - ERROR - downloader - Response status code 403, file https://celebmafia.com/wp-content/uploads/2023/06/mia-khalifa-the-egonlab-menswear-spring-summer-2024-show-in-paris-06-21-2023-3.jpg
2026-08-29 22:35:52,003 - ERROR - downloader - Response status code 403, file https://celebmafia.com/wp-content/uploads/2023/06/mia-khalifa-the-egonlab-menswear-spring-summer-2024-show-in-paris-06-21-2023-0.jpg
2026-08-29 22:35:52,080 - INFO - downloader - image #1	https://www.gluwee.com/wp-content/uploads/2022/10/Mia-Khalifa.jpg
2026-08-29 22:35:52,386 - ERROR - downloader - Response status code 403, file https://celebmafia.com/wp-content/uploads/2023/06/mia-khalifa-louis-vuitton-menswear-spring-summer-2024-show-in-paris-06-20-2023-6.jpg
2026-08-29 22:35:52,547 - ERROR - downloader - Response status code 400, file https://media.gettyimages.com/id/2049217312/photo/fashion-france-women-mugler-front-row.jpg
2026-08-29 22:35:53,097 - INFO - downloader - image #2	https://d.newsweek.com/en/full/2292361/mia-khalifa.jpg
2026-08-29 22:35:53,544 - INFO - downloader - image #3	https://assets.newsweek.com/wp-content/uploads/2025/08/2329455-mia-khalifa.jpg
2026-08-29 22:35:53,956 - INFO - downloader - image #4	https://www.viapais.com.ar/resizer/v2/2KU3TWUVGFGTZFIVYM2XTYPLFU.jpg
2026-08-29 22:35:54,257 - ERROR - downloader - Response status code 400, file https://media.gettyimages.com/id/2049184329/photo/fashion-france-women-mugler-front-row.jpg
2026-08-29 22:35:54,441 - INFO - downloader - image #5	https://www.bladna.nl/img/jpg/mia-khalifa-marokko.jpg
2026-08-29 22:35:54,871 - INFO - downloader - image #6	https://wallpapercave.com/wp/wp5543470.jpg
2026-08-29 22:35:55,281 - INFO - downloader - image #7	https://abcgazetesi.com.tr/d/tag/mia-khalifa-56746.jpg
2026-08-29 22:35:56,199 - INFO - downloader - image #8	https://variety.com/wp-content/uploads/2023/10/Mia-Khalifa-Playboy.jpg
2026-08-29 22:35:56,377 - INFO - downloader - image #9	https://viapais.com.ar/resizer/Q6qMbPSSJltZey8oLqdWHuLEgRs=/1023x1278/smart/cloudfront-us-east-1.images.arcpublishing.com/grupoclarin/S2LIPWR26FAEVMOY4NUPKQKFTI.jpg
2026-08-29 22:35:57,160 - INFO - downloader - image #10	https://images.catchnews.com/upload/2017/06/29/miakhalifa290617_87747_730x419.jpg
2026-08-29 22:35:57,182 - INFO - downloader - image #11	https://www.wikicelebs.com/wp-content/uploads/2023/06/Mia-Khalifa.jpg
2026-08-29 22:35:57,298 - INFO - downloader - image #12	https://viapais.com.ar/resizer/EEmT95XTmgd08rpyymt6gcSsAsI=/1023x1278/smart/cloudfront-us-east-1.images.arcpublishing.com/grupoclarin/5GCOUYYS3JBBNIM7JXTPWU6PAI.jpg
2026-08-29 22:35:57,522 - ERROR - downloader - Response status code 400, file https://media.gettyimages.com/id/2041441188/photo/fashion-france-women-schiaparelli-arrivals.jpg
2026-08-29 22:35:57,664 - INFO - downloader - image #13	https://m.media-amazon.com/images/M/MV5BZjA0MDgyYmItNzkzMC00OTM2LThlYzktMWMxZWU3ZGNkNDI3XkEyXkFqcGc@._V1_FMjpg_UX1000_.jpg
2026-08-29 22:35:58,659 - ERROR - downloader - Response status code 403, file https://short-biography.com/wp-content/uploads/mia-khalifa/Mia-Callista.jpg
2026-08-29 22:35:59,441 - INFO - downloader - image #14	https://oldimg.emirates247.com/polopoly/images/2015/09/15/603631.jpg
2026-08-29 22:36:01,602 - INFO - downloader - image #15	https://www.wikicelebs.com/wp-content/uploads/2023/06/Mia-Khalifa-also-known-as-Sarah-Joe-Chamoun.jpg
2026-08-29 22:36:02,051 - INFO - parser - parsing result page https://www.bing.com/images/async?q=site:flickr.com mia khalifa&first=20
2026-08-29 22:36:02,313 - INFO - parser - parsing result page https://www.bing.com/images/async?q=site:flickr.com mia khalifa&first=40
2026-08-29 22:36:02,619 - INFO - parser - parsing result page https://www.bing.com/images/async?q=site:flickr.com mia khalifa&first=60
2026-08-29 22:36:02,870 - INFO - parser - parsing result page https://www.bing.com/images/async?q=site:flickr.com mia khalifa&first=80
2026-08-29 22:36:03,053 - ERROR - downloader - Exception caught when downloading file https://www.gymbuddynow.com/storage/uploads/Mia-Khalifa_1670938163_1671104022.jpg, error: HTTPSConnectionPool(host='www.gymbuddynow.com', port=443): Read timed out. (read timeout=5), remaining retry times: 2
2026-08-29 22:36:03,141 - INFO - parser - parsing result page https://www.bing.com/images/async?q=site:flickr.com mia khalifa&first=100
2026-08-29 22:36:04,500 - INFO - downloader - image #16	https://www.albawaba.net/sites/default/files/2021-05/4_0.jpg
2026-08-29 22:36:05,159 - INFO - downloader - image #17	https://www.the961.com/wp-content/uploads/2025/01/Lebanon-Making-Videos-961.jpg
2026-08-29 22:36:05,162 - INFO - parser - no more page urls for thread parser-001 to parse
2026-08-29 22:36:05,162 - INFO - parser - thread parser-001 exit
2026-08-29 22:36:06,396 - INFO - downloader - image #18	https://dcusoqhsuupgy.cloudfront.net/cover/WfEed000_cover_with_play_icon.jpg
2026-08-29 22:36:06,741 - ERROR - downloader - Response status code 403, file https://celebmafia.com/wp-content/uploads/2023/06/mia-khalifa-louis-vuitton-menswear-spring-summer-2024-show-in-paris-06-20-2023-0.jpg
2026-08-29 22:36:06,975 - INFO - downloader - image #19	https://www.gymbuddynow.com/storage/uploads/Mia-Khalifa_1670938163_1671104022.jpg
2026-08-29 22:36:07,025 - INFO - downloader - image #20	https://static.jewishnews.co.uk/jewishnews/uploads/2023/07/Twitter.jpg
2026-08-29 22:36:10,395 - INFO - downloader - image #21	https://images.news18.com/ibnkhabar/uploads/2015/09/Mia-Khalifa11.jpg
2026-08-29 22:36:12,031 - INFO - downloader - no more download task for thread downloader-001
2026-08-29 22:36:12,031 - INFO - downloader - thread downloader-001 exit
2026-08-29 22:36:15,398 - INFO - downloader - no more download task for thread downloader-002
2026-08-29 22:36:15,399 - INFO - downloader - thread downloader-002 exit
2026-08-29 22:36:15,977 - INFO - icrawler.crawler - Crawling task done!
2026-08-29 22:36:16,993 - INFO - icrawler.crawler - start crawling...
2026-08-29 22:36:16,994 - INFO - icrawler.crawler - starting 1 feeder threads...
2026-08-29 22:36:16,994 - INFO - icrawler.crawler - starting 1 parser threads...
2026-08-29 22:36:16,995 - INFO - icrawler.crawler - starting 2 downloader threads...
2026-08-29 22:36:16,995 - INFO - feeder - thread feeder-001 exit
2026-08-29 22:36:17,453 - INFO - parser - parsing result page https://www.bing.com/images/async?q=site:wikimedia.org mia khalifa&first=0
2026-08-29 22:36:17,783 - ERROR - downloader - Response status code 403, file https://celebmafia.com/wp-content/uploads/2023/06/mia-khalifa-the-egonlab-menswear-spring-summer-2024-show-in-paris-06-21-2023-3.jpg
2026-08-29 22:36:18,090 - ERROR - downloader - Response status code 403, file https://celebmafia.com/wp-content/uploads/2023/06/mia-khalifa-the-egonlab-menswear-spring-summer-2024-show-in-paris-06-21-2023-0.jpg
2026-08-29 22:36:18,607 - INFO - downloader - image #1	https://www.gluwee.com/wp-content/uploads/2022/10/Mia-Khalifa.jpg
2026-08-29 22:36:18,748 - ERROR - downloader - Response status code 403, file https://celebmafia.com/wp-content/uploads/2023/06/mia-khalifa-louis-vuitton-menswear-spring-summer-2024-show-in-paris-06-20-2023-6.jpg
2026-08-29 22:36:19,525 - ERROR - downloader - Response status code 400, file https://media.gettyimages.com/id/2049217312/photo/fashion-france-women-mugler-front-row.jpg
2026-08-29 22:36:20,017 - INFO - downloader - image #2	https://d.newsweek.com/en/full/2292361/mia-khalifa.jpg
2026-08-29 22:36:20,397 - INFO - downloader - image #3	https://assets.newsweek.com/wp-content/uploads/2025/08/2329455-mia-khalifa.jpg
2026-08-29 22:36:20,540 - INFO - downloader - image #4	https://www.bladna.nl/img/jpg/mia-khalifa-marokko.jpg
2026-08-29 22:36:20,770 - INFO - downloader - image #5	https://www.viapais.com.ar/resizer/v2/2KU3TWUVGFGTZFIVYM2XTYPLFU.jpg
2026-08-29 22:36:21,153 - ERROR - downloader - Response status code 400, file https://media.gettyimages.com/id/2049184329/photo/fashion-france-women-mugler-front-row.jpg
2026-08-29 22:36:21,285 - INFO - downloader - image #6	https://wallpapercave.com/wp/wp5543470.jpg
2026-08-29 22:36:21,726 - INFO - downloader - image #7	https://www.wikicelebs.com/wp-content/uploads/2023/06/Mia-Khalifa.jpg
2026-08-29 22:36:22,076 - INFO - downloader - image #8	https://abcgazetesi.com.tr/d/tag/mia-khalifa-56746.jpg
2026-08-29 22:36:22,234 - INFO - downloader - image #9	https://viapais.com.ar/resizer/Q6qMbPSSJltZey8oLqdWHuLEgRs=/1023x1278/smart/cloudfront-us-east-1.images.arcpublishing.com/grupoclarin/S2LIPWR26FAEVMOY4NUPKQKFTI.jpg
2026-08-29 22:36:22,574 - INFO - downloader - image #10	https://variety.com/wp-content/uploads/2023/10/Mia-Khalifa-Playboy.jpg
2026-08-29 22:36:22,699 - INFO - downloader - image #11	https://images.catchnews.com/upload/2017/06/29/miakhalifa290617_87747_730x419.jpg
2026-08-29 22:36:22,839 - INFO - downloader - image #12	https://viapais.com.ar/resizer/EEmT95XTmgd08rpyymt6gcSsAsI=/1023x1278/smart/cloudfront-us-east-1.images.arcpublishing.com/grupoclarin/5GCOUYYS3JBBNIM7JXTPWU6PAI.jpg
2026-08-29 22:36:23,182 - INFO - downloader - image #13	https://m.media-amazon.com/images/M/MV5BZjA0MDgyYmItNzkzMC00OTM2LThlYzktMWMxZWU3ZGNkNDI3XkEyXkFqcGc@._V1_FMjpg_UX1000_.jpg
2026-08-29 22:36:23,205 - ERROR - downloader - Response status code 400, file https://media.gettyimages.com/id/2041441188/photo/fashion-france-women-schiaparelli-arrivals.jpg
2026-08-29 22:36:23,506 - ERROR - downloader - Response status code 403, file https://short-biography.com/wp-content/uploads/mia-khalifa/Mia-Callista.jpg
2026-08-29 22:36:23,679 - INFO - downloader - image #14	https://www.gymbuddynow.com/storage/uploads/Mia-Khalifa_1670938163_1671104022.jpg
2026-08-29 22:36:23,746 - INFO - downloader - image #15	https://oldimg.emirates247.com/polopoly/images/2015/09/15/603631.jpg
2026-08-29 22:36:23,816 - INFO - downloader - image #16	https://www.wikicelebs.com/wp-content/uploads/2023/06/Mia-Khalifa-also-known-as-Sarah-Joe-Chamoun.jpg
2026-08-29 22:36:24,044 - INFO - downloader - image #17	https://www.the961.com/wp-content/uploads/2025/01/Lebanon-Making-Videos-961.jpg
2026-08-29 22:36:24,275 - INFO - parser - parsing result page https://www.bing.com/images/async?q=site:wikimedia.org mia khalifa&first=20
2026-08-29 22:36:24,529 - INFO - parser - parsing result page https://www.bing.com/images/async?q=site:wikimedia.org mia khalifa&first=40
2026-08-29 22:36:24,801 - INFO - parser - parsing result page https://www.bing.com/images/async?q=site:wikimedia.org mia khalifa&first=60
2026-08-29 22:36:25,213 - INFO - downloader - image #18	https://dcusoqhsuupgy.cloudfront.net/cover/WfEed000_cover_with_play_icon.jpg
2026-08-29 22:36:25,231 - INFO - parser - parsing result page https://www.bing.com/images/async?q=site:wikimedia.org mia khalifa&first=80
2026-08-29 22:36:25,488 - INFO - parser - parsing result page https://www.bing.com/images/async?q=site:wikimedia.org mia khalifa&first=100
2026-08-29 22:36:25,811 - ERROR - downloader - Response status code 403, file https://celebmafia.com/wp-content/uploads/2023/06/mia-khalifa-louis-vuitton-menswear-spring-summer-2024-show-in-paris-06-20-2023-0.jpg
2026-08-29 22:36:26,156 - INFO - downloader - image #19	https://static.jewishnews.co.uk/jewishnews/uploads/2023/07/Twitter.jpg
2026-08-29 22:36:26,680 - INFO - downloader - image #20	https://pbs.twimg.com/media/HFgyr2dbwAAZjWx.jpg
2026-08-29 22:36:26,731 - INFO - downloader - image #21	https://www.albawaba.net/sites/default/files/2021-05/4_0.jpg
2026-08-29 22:36:26,969 - INFO - downloader - image #22	https://images.news18.com/ibnkhabar/uploads/2015/09/Mia-Khalifa11.jpg
2026-08-29 22:36:27,502 - INFO - parser - no more page urls for thread parser-001 to parse
2026-08-29 22:36:27,503 - INFO - parser - thread parser-001 exit
2026-08-29 22:36:31,735 - INFO - downloader - no more download task for thread downloader-002
2026-08-29 22:36:31,736 - INFO - downloader - thread downloader-002 exit
2026-08-29 22:36:31,971 - INFO - downloader - no more download task for thread downloader-001
2026-08-29 22:36:31,972 - INFO - downloader - thread downloader-001 exit
2026-08-29 22:36:32,054 - INFO - icrawler.crawler - Crawling task done!
2026-08-29 22:36:33,071 - INFO - icrawler.crawler - start crawling...
2026-08-29 22:36:33,071 - INFO - icrawler.crawler - starting 1 feeder threads...
2026-08-29 22:36:33,072 - INFO - icrawler.crawler - starting 1 parser threads...
2026-08-29 22:36:33,072 - INFO - icrawler.crawler - starting 2 downloader threads...
2026-08-29 22:36:33,072 - INFO - feeder - thread feeder-001 exit
2026-08-29 22:36:33,530 - INFO - parser - parsing result page https://www.bing.com/images/async?q=site:newsweek.com mia khalifa&first=0
2026-08-29 22:36:33,987 - INFO - downloader - image #1	https://www.gluwee.com/wp-content/uploads/2022/10/Mia-Khalifa.jpg
2026-08-29 22:36:34,355 - ERROR - downloader - Response status code 403, file https://celebmafia.com/wp-content/uploads/2023/06/mia-khalifa-the-egonlab-menswear-spring-summer-2024-show-in-paris-06-21-2023-0.jpg
2026-08-29 22:36:34,843 - ERROR - downloader - Response status code 403, file https://celebmafia.com/wp-content/uploads/2023/06/mia-khalifa-louis-vuitton-menswear-spring-summer-2024-show-in-paris-06-20-2023-6.jpg
2026-08-29 22:36:35,758 - ERROR - downloader - Response status code 400, file https://media.gettyimages.com/id/2049217312/photo/fashion-france-women-mugler-front-row.jpg
2026-08-29 22:36:37,622 - INFO - downloader - image #2	https://www.bladna.nl/img/jpg/mia-khalifa-marokko.jpg
2026-08-29 22:36:38,931 - INFO - downloader - image #3	https://d.newsweek.com/en/full/2292361/mia-khalifa.jpg
2026-08-29 22:36:39,019 - ERROR - downloader - Response status code 403, file https://celebmafia.com/wp-content/uploads/2023/06/mia-khalifa-the-egonlab-menswear-spring-summer-2024-show-in-paris-06-21-2023-3.jpg
2026-08-29 22:36:39,393 - INFO - downloader - image #4	https://assets.newsweek.com/wp-content/uploads/2025/08/2329455-mia-khalifa.jpg
2026-08-29 22:36:39,403 - INFO - downloader - image #5	https://www.viapais.com.ar/resizer/v2/2KU3TWUVGFGTZFIVYM2XTYPLFU.jpg
2026-08-29 22:36:40,020 - ERROR - downloader - Response status code 400, file https://media.gettyimages.com/id/2049184329/photo/fashion-france-women-mugler-front-row.jpg
2026-08-29 22:36:40,234 - INFO - downloader - image #6	https://wallpapercave.com/wp/wp5543470.jpg
2026-08-29 22:36:40,410 - INFO - downloader - image #7	https://www.wikicelebs.com/wp-content/uploads/2023/06/Mia-Khalifa.jpg
2026-08-29 22:36:40,549 - INFO - downloader - image #8	https://viapais.com.ar/resizer/Q6qMbPSSJltZey8oLqdWHuLEgRs=/1023x1278/smart/cloudfront-us-east-1.images.arcpublishing.com/grupoclarin/S2LIPWR26FAEVMOY4NUPKQKFTI.jpg
2026-08-29 22:36:40,871 - INFO - downloader - image #9	https://variety.com/wp-content/uploads/2023/10/Mia-Khalifa-Playboy.jpg
2026-08-29 22:36:40,950 - INFO - downloader - image #10	https://images.catchnews.com/upload/2017/06/29/miakhalifa290617_87747_730x419.jpg
2026-08-29 22:36:41,135 - INFO - downloader - image #11	https://viapais.com.ar/resizer/EEmT95XTmgd08rpyymt6gcSsAsI=/1023x1278/smart/cloudfront-us-east-1.images.arcpublishing.com/grupoclarin/5GCOUYYS3JBBNIM7JXTPWU6PAI.jpg
2026-08-29 22:36:41,490 - ERROR - downloader - Response status code 400, file https://media.gettyimages.com/id/2041441188/photo/fashion-france-women-schiaparelli-arrivals.jpg
2026-08-29 22:36:41,516 - INFO - downloader - image #12	https://m.media-amazon.com/images/M/MV5BZjA0MDgyYmItNzkzMC00OTM2LThlYzktMWMxZWU3ZGNkNDI3XkEyXkFqcGc@._V1_FMjpg_UX1000_.jpg
2026-08-29 22:36:41,839 - ERROR - downloader - Response status code 403, file https://short-biography.com/wp-content/uploads/mia-khalifa/Mia-Callista.jpg
2026-08-29 22:36:42,096 - INFO - downloader - image #13	https://oldimg.emirates247.com/polopoly/images/2015/09/15/603631.jpg
2026-08-29 22:36:42,211 - INFO - downloader - image #14	https://www.wikicelebs.com/wp-content/uploads/2023/06/Mia-Khalifa-also-known-as-Sarah-Joe-Chamoun.jpg
2026-08-29 22:36:42,344 - INFO - downloader - image #15	https://www.gymbuddynow.com/storage/uploads/Mia-Khalifa_1670938163_1671104022.jpg
2026-08-29 22:36:42,597 - INFO - downloader - image #16	https://www.the961.com/wp-content/uploads/2025/01/Lebanon-Making-Videos-961.jpg
2026-08-29 22:36:42,804 - INFO - parser - parsing result page https://www.bing.com/images/async?q=site:newsweek.com mia khalifa&first=20
2026-08-29 22:36:43,062 - INFO - parser - parsing result page https://www.bing.com/images/async?q=site:newsweek.com mia khalifa&first=40
2026-08-29 22:36:43,321 - INFO - parser - parsing result page https://www.bing.com/images/async?q=site:newsweek.com mia khalifa&first=60
2026-08-29 22:36:43,582 - INFO - parser - parsing result page https://www.bing.com/images/async?q=site:newsweek.com mia khalifa&first=80
2026-08-29 22:36:43,666 - INFO - downloader - image #17	https://dcusoqhsuupgy.cloudfront.net/cover/WfEed000_cover_with_play_icon.jpg
2026-08-29 22:36:43,867 - INFO - parser - parsing result page https://www.bing.com/images/async?q=site:newsweek.com mia khalifa&first=100
2026-08-29 22:36:44,246 - ERROR - downloader - Response status code 403, file https://celebmafia.com/wp-content/uploads/2023/06/mia-khalifa-louis-vuitton-menswear-spring-summer-2024-show-in-paris-06-20-2023-0.jpg
2026-08-29 22:36:44,505 - INFO - downloader - image #18	https://static.jewishnews.co.uk/jewishnews/uploads/2023/07/Twitter.jpg
2026-08-29 22:36:44,836 - INFO - downloader - image #19	https://www.albawaba.net/sites/default/files/2021-05/4_0.jpg
2026-08-29 22:36:44,841 - INFO - downloader - image #20	https://pbs.twimg.com/media/HFgyr2dbwAAZjWx.jpg
2026-08-29 22:36:45,043 - INFO - downloader - image #21	https://images.news18.com/ibnkhabar/uploads/2015/09/Mia-Khalifa11.jpg
2026-08-29 22:36:45,892 - INFO - parser - no more page urls for thread parser-001 to parse
2026-08-29 22:36:45,892 - INFO - parser - thread parser-001 exit
2026-08-29 22:36:49,848 - INFO - downloader - no more download task for thread downloader-001
2026-08-29 22:36:49,850 - INFO - downloader - thread downloader-001 exit
2026-08-29 22:36:50,049 - INFO - downloader - no more download task for thread downloader-002
2026-08-29 22:36:50,050 - INFO - downloader - thread downloader-002 exit
2026-08-29 22:36:50,173 - INFO - icrawler.crawler - Crawling task done!
2026-08-29 22:36:51,203 - INFO - icrawler.crawler - start crawling...
2026-08-29 22:36:51,204 - INFO - icrawler.crawler - starting 1 feeder threads...
2026-08-29 22:36:51,204 - INFO - icrawler.crawler - starting 1 parser threads...
2026-08-29 22:36:51,205 - INFO - icrawler.crawler - starting 2 downloader threads...
2026-08-29 22:36:51,205 - INFO - feeder - thread feeder-001 exit
2026-08-29 22:36:51,599 - INFO - parser - parsing result page https://www.bing.com/images/async?q=site:vogue.in mia khalifa fashion&first=0
2026-08-29 22:36:52,052 - INFO - downloader - image #1	https://d.newsweek.com/en/full/2292361/mia-khalifa.jpg
2026-08-29 22:36:52,285 - INFO - downloader - image #2	https://d.newsweek.com/en/full/2296063/mia-khalifa.jpg
2026-08-29 22:36:54,633 - INFO - downloader - image #3	https://miami-airport-mia.com/wp-content/uploads/2022/10/terminal-map-mia-airport-scaled.jpg
2026-08-29 22:36:55,015 - INFO - downloader - image #4	https://miami-airport-mia.com/wp-content/uploads/2022/09/North-Terminal-map-mia.jpg
2026-08-29 22:36:55,655 - INFO - downloader - image #5	https://www.viapais.com.ar/resizer/v2/2KU3TWUVGFGTZFIVYM2XTYPLFU.jpg
2026-08-29 22:36:55,761 - INFO - downloader - image #6	https://d.newsweek.com/en/full/2329455/mia-khalifa.jpg
2026-08-29 22:36:56,110 - INFO - downloader - image #7	https://static.jewishnews.co.uk/jewishnews/uploads/2023/07/Twitter.jpg
2026-08-29 22:36:56,203 - INFO - downloader - image #8	https://wallpapercave.com/wp/wp5254996.jpg
2026-08-29 22:36:56,514 - INFO - downloader - image #9	https://images.squarespace-cdn.com/content/v1/6144d106ee0f834ae92b4f60/1687438541883-PMZ30KPXTNZHPEUJ6OZR/Mia+Khalifa+-+The+jaw-dropping+beauty+can+never+take+enough+selfies.jpg
2026-08-29 22:36:56,707 - INFO - downloader - image #10	https://wallpapers.com/images/hd/mia-khalifa-eyeglass-selfie-d7pfaqrvfcv8fz3s.jpg
2026-08-29 22:36:57,081 - INFO - downloader - image #11	https://facts.net/wp-content/uploads/2023/10/21-surprising-facts-about-mia-khalifa-1696581438.jpg
2026-08-29 22:36:57,961 - INFO - downloader - image #12	https://pisco.meaww.com/0385b334-e6b2-4509-9892-05ebdc0ae6de.jpg
2026-08-29 22:36:58,447 - INFO - downloader - image #13	https://m.media-amazon.com/images/I/91HFQJi73FL._RI_.jpg
2026-08-29 22:36:58,915 - INFO - downloader - image #14	https://abcgazetesi.com/d/tag/mia-khalifa-56746.jpg
2026-08-29 22:36:59,401 - INFO - downloader - image #15	https://wallpapercat.com/w/full/9/e/0/651870-3640x2048-desktop-hd-mia-and-me-the-hero-of-centopia-wallpaper-image.jpg
2026-08-29 22:36:59,695 - ERROR - downloader - Response status code 400, file https://upload.wikimedia.org/wikipedia/commons/thumb/5/5e/MIA_au_Zénith_de_Paris_2014_(18).jpg
2026-08-29 22:37:00,295 - ERROR - downloader - Response status code 400, file https://media.gettyimages.com/id/939612912/photo/rapper-m-i-a-attends-new-directors-new-films-opening-night-at-museum-of-modern-art-on-march-28.jpg
2026-08-29 22:37:00,606 - INFO - downloader - image #16	https://i.pinimg.com/originals/ae/8e/09/ae8e0959b75e66f2ed2c58e0953738cc.jpg
2026-08-29 22:37:00,943 - INFO - downloader - image #17	https://c8.alamy.com/comp/CAKC97/sep-14-2007-austin-tx-usa-rap-artist-mia-performs-live-at-the-2007-CAKC97.jpg
2026-08-29 22:37:01,286 - ERROR - downloader - Response status code 400, file https://media.gettyimages.com/id/939612926/photo/rapper-m-i-a-attends-new-directors-new-films-opening-night-at-museum-of-modern-art-on-march-28.jpg
2026-08-29 22:37:01,289 - INFO - downloader - image #18	https://d3nxoulyw7bc8u.cloudfront.net/images/artists/None/fe429c74-946c-4858-ac87-c344f52654e0.jpg
2026-08-29 22:37:01,380 - INFO - downloader - image #19	https://c8.alamy.com/comp/E85694/mia-performing-live-at-the-ultra-music-festival-featuring-miamathangi-E85694.jpg
2026-08-29 22:37:01,692 - ERROR - downloader - Response status code 403, file https://celebmafia.com/wp-content/uploads/2022/09/mia-goth-pearl-red-carpet-at-venice-film-festival-09-03-2022-7.jpg
2026-08-29 22:37:02,200 - INFO - parser - parsing result page https://www.bing.com/images/async?q=site:vogue.in mia khalifa fashion&first=20
2026-08-29 22:37:02,453 - INFO - downloader - image #20	https://www.pixelstalk.net/wp-content/uploads/2025/09/Mia-Rapper-performing-with-orange-outfit.jpg
2026-08-29 22:37:02,469 - INFO - parser - parsing result page https://www.bing.com/images/async?q=site:vogue.in mia khalifa fashion&first=40
2026-08-29 22:37:02,736 - INFO - parser - parsing result page https://www.bing.com/images/async?q=site:vogue.in mia khalifa fashion&first=60
2026-08-29 22:37:03,026 - INFO - parser - parsing result page https://www.bing.com/images/async?q=site:vogue.in mia khalifa fashion&first=80
2026-08-29 22:37:03,187 - INFO - downloader - image #21	https://www.indiewire.com/wp-content/uploads/2023/01/Mia-Goth-1.jpg
2026-08-29 22:37:03,278 - INFO - parser - parsing result page https://www.bing.com/images/async?q=site:vogue.in mia khalifa fashion&first=100
2026-08-29 22:37:03,448 - ERROR - downloader - Response status code 400, file https://media.gettyimages.com/id/939424986/photo/rapper-m-i-a-attends-new-directors-new-films-opening-night-at-museum-of-modern-art-on-march-28.jpg
2026-08-29 22:37:03,521 - INFO - downloader - image #22	https://c8.alamy.com/comp/E8569E/mia-performing-live-at-the-ultra-music-festival-featuring-miamathangi-E8569E.jpg
2026-08-29 22:37:03,654 - INFO - downloader - image #23	https://i.pinimg.com/originals/f4/56/4b/f4564bea4571aa31d3c97209b4e6e7c4.jpg
2026-08-29 22:37:03,912 - ERROR - downloader - Response status code 400, file https://media.gettyimages.com/id/138326664/photo/m-i-a-performs-during-the-bridgestone-super-bowl-xlvi-halftime-show-at-lucas-oil-stadium-on.jpg
2026-08-29 22:37:04,031 - INFO - downloader - image #24	https://quinlan.it/upload/images/2023/04/mia-2023-ivano-de-matteo-poster.jpg
2026-08-29 22:37:05,315 - INFO - parser - no more page urls for thread parser-001 to parse
2026-08-29 22:37:05,315 - INFO - parser - thread parser-001 exit
2026-08-29 22:37:08,914 - INFO - downloader - no more download task for thread downloader-001
2026-08-29 22:37:08,917 - INFO - downloader - thread downloader-001 exit
2026-08-29 22:37:09,038 - INFO - downloader - no more download task for thread downloader-002
2026-08-29 22:37:09,038 - INFO - downloader - thread downloader-002 exit
2026-08-29 22:37:09,273 - INFO - icrawler.crawler - Crawling task done!
2026-08-29 22:37:10,311 - INFO - icrawler.crawler - start crawling...
2026-08-29 22:37:10,312 - INFO - icrawler.crawler - starting 1 feeder threads...
2026-08-29 22:37:10,313 - INFO - icrawler.crawler - starting 1 parser threads...
2026-08-29 22:37:10,313 - INFO - icrawler.crawler - starting 2 downloader threads...
2026-08-29 22:37:10,313 - INFO - feeder - thread feeder-001 exit
2026-08-29 22:37:10,757 - INFO - parser - parsing result page https://www.bing.com/images/async?q=site:instagram.com miakhalifa&first=0
2026-08-29 22:37:11,095 - ERROR - downloader - Response status code 403, file https://celebmafia.com/wp-content/uploads/2023/06/mia-khalifa-louis-vuitton-menswear-spring-summer-2024-show-in-paris-06-20-2023-6.jpg
2026-08-29 22:37:11,254 - ERROR - downloader - Response status code 403, file https://celebmafia.com/wp-content/uploads/2023/06/mia-khalifa-the-egonlab-menswear-spring-summer-2024-show-in-paris-06-21-2023-3.jpg
2026-08-29 22:37:11,601 - ERROR - downloader - Response status code 403, file https://celebmafia.com/wp-content/uploads/2023/06/mia-khalifa-louis-vuitton-menswear-spring-summer-2024-show-in-paris-06-20-2023-2.jpg
2026-08-29 22:37:11,997 - ERROR - downloader - Response status code 403, file https://celebmafia.com/wp-content/uploads/2023/06/mia-khalifa-the-egonlab-menswear-spring-summer-2024-show-in-paris-06-21-2023-0.jpg
2026-08-29 22:37:12,693 - INFO - downloader - image #1	https://assets.newsweek.com/wp-content/uploads/2025/08/2329455-mia-khalifa.jpg
2026-08-29 22:37:13,421 - INFO - downloader - image #2	https://www.hawtcelebs.com/wp-content/uploads/2023/06/mia-khalifa-at-louis-vuitton-menswear-spring-summer-2024-show-in-paris-06-20-2023-5.jpg
2026-08-29 22:37:13,875 - ERROR - downloader - Response status code 403, file https://celebmafia.com/wp-content/uploads/2023/06/mia-khalifa-louis-vuitton-menswear-spring-summer-2024-show-in-paris-06-20-2023-0.jpg
2026-08-29 22:37:14,449 - INFO - downloader - image #3	https://www.hawtcelebs.com/wp-content/uploads/2023/02/mia-khalifa-at-gcds-fashion-show-at-milan-fashion-week-02-23-2023-1.jpg
2026-08-29 22:37:14,866 - INFO - downloader - image #4	https://d.newsweek.com/en/full/2296063/mia-khalifa.jpg
2026-08-29 22:37:15,307 - INFO - downloader - image #5	https://www.viapais.com.ar/resizer/v2/2KU3TWUVGFGTZFIVYM2XTYPLFU.jpg
2026-08-29 22:37:16,299 - INFO - downloader - image #6	https://image-cdn.hypb.st/https://hypebeast.com/image/2023/04/wiz-khalifa-mia-khalifa-collaboration-announcement-info-000.jpg
2026-08-29 22:37:16,941 - INFO - downloader - image #7	https://www.hawtcelebs.com/wp-content/uploads/2023/06/mia-khalifa-at-louis-vuitton-menswear-spring-summer-2024-show-in-paris-06-20-2023-4.jpg
2026-08-29 22:37:19,839 - INFO - downloader - image #8	https://wallpapercave.com/wp/wp5004219.jpg
2026-08-29 22:37:20,144 - INFO - downloader - image #9	https://c8.alamy.com/comp/2MB2GP8/paris-france-19th-jan-2023-mia-khalifa-attending-the-louis-vuitton-menswear-fall-winter-2023-2024-show-as-part-of-paris-fashion-week-in-paris-france-on-january-19-2023-photo-by-aurore-marechalabacapresscom-credit-abaca-pressalamy-live-news-2MB2GP8.jpg
2026-08-29 22:37:20,524 - ERROR - downloader - Response status code 400, file https://media.gettyimages.com/id/2049184329/photo/fashion-france-women-mugler-front-row.jpg
2026-08-29 22:37:21,082 - INFO - downloader - image #10	https://www.gluwee.com/wp-content/uploads/2022/10/Mia-Khalifa.jpg
2026-08-29 22:37:21,379 - ERROR - downloader - Response status code 400, file https://media.gettyimages.com/id/1468921616/photo/mia-khalifa-is-seen-on-the-front-row-of-the-moschino-fashion-show-during-the-milan-fashion.jpg
2026-08-29 22:37:21,767 - INFO - downloader - image #11	https://wallpapers.com/images/hd/mia-khalifa-wearing-a-suit-7eqmr734xd960yam.jpg
2026-08-29 22:37:21,947 - INFO - downloader - image #12	https://www.hawtcelebs.com/wp-content/uploads/2024/03/mia-khalifa-at-schiaparelli-show-at-paris-fashion-week-02-29-2024-4.jpg
2026-08-29 22:37:22,084 - INFO - downloader - image #13	https://wallpapers.com/images/hd/mia-khalifa-pictures-xi0tdysctgckkurx.jpg
2026-08-29 22:37:22,138 - INFO - downloader - image #14	https://m.media-amazon.com/images/M/MV5BZjA0MDgyYmItNzkzMC00OTM2LThlYzktMWMxZWU3ZGNkNDI3XkEyXkFqcGc@._V1_FMjpg_UX1000_.jpg
2026-08-29 22:37:22,383 - ERROR - downloader - Response status code 400, file https://media.gettyimages.com/id/2049217312/photo/fashion-france-women-mugler-front-row.jpg
2026-08-29 22:37:22,429 - INFO - downloader - image #15	https://static.jewishnews.co.uk/jewishnews/uploads/2023/07/Twitter.jpg
2026-08-29 22:37:22,465 - INFO - downloader - image #16	https://wallpapers.com/images/hd/mia-khalifa-pictures-cus96rliebyyqrnz.jpg
2026-08-29 22:37:22,925 - INFO - parser - parsing result page https://www.bing.com/images/async?q=site:instagram.com miakhalifa&first=20
2026-08-29 22:37:23,001 - INFO - downloader - image #17	https://d.newsweek.com/en/full/2292361/mia-khalifa.jpg
2026-08-29 22:37:23,169 - INFO - parser - parsing result page https://www.bing.com/images/async?q=site:instagram.com miakhalifa&first=40
2026-08-29 22:37:23,276 - INFO - downloader - image #18	https://wallpapers.com/images/hd/surprised-mia-khalifa-photo-mmr7u8j9t127d2f9.jpg
2026-08-29 22:37:23,415 - INFO - downloader - image #19	https://wallpapers.com/images/hd/mia-khalifa-pictures-xlgud8cdjecraily.jpg
2026-08-29 22:37:23,465 - INFO - parser - parsing result page https://www.bing.com/images/async?q=site:instagram.com miakhalifa&first=60
2026-08-29 22:37:23,587 - INFO - downloader - image #20	https://nollysearch.com.ng/wp-content/uploads/2026/06/mia-khalifa-scaled.jpg
2026-08-29 22:37:23,740 - INFO - parser - parsing result page https://www.bing.com/images/async?q=site:instagram.com miakhalifa&first=80
2026-08-29 22:37:23,938 - INFO - downloader - image #21	https://ichef.bbci.co.uk/images/ic/1200x675/p07lxgyv.jpg
2026-08-29 22:37:24,011 - INFO - parser - parsing result page https://www.bing.com/images/async?q=site:instagram.com miakhalifa&first=100
2026-08-29 22:37:26,043 - INFO - parser - no more page urls for thread parser-001 to parse
2026-08-29 22:37:26,043 - INFO - parser - thread parser-001 exit
2026-08-29 22:37:27,454 - INFO - downloader - image #22	https://www.hawtcelebs.com/wp-content/uploads/2023/06/mia-khalifa-at-ludovic-de-saint-sernin-menswear-spring-summer-2024-show-in-paris-06-25-2023-2.jpg
2026-08-29 22:37:28,941 - INFO - downloader - no more download task for thread downloader-001
2026-08-29 22:37:28,941 - INFO - downloader - thread downloader-001 exit
2026-08-29 22:37:32,460 - INFO - downloader - no more download task for thread downloader-002
2026-08-29 22:37:32,462 - INFO - downloader - thread downloader-002 exit
2026-08-29 22:37:33,400 - INFO - icrawler.crawler - Crawling task done!
2026-08-29 22:37:34,428 - INFO - icrawler.crawler - start crawling...
2026-08-29 22:37:34,428 - INFO - icrawler.crawler - starting 1 feeder threads...
2026-08-29 22:37:34,428 - INFO - icrawler.crawler - starting 1 parser threads...
2026-08-29 22:37:34,429 - INFO - icrawler.crawler - starting 2 downloader threads...
2026-08-29 22:37:34,429 - INFO - feeder - thread feeder-001 exit
2026-08-29 22:37:35,047 - INFO - parser - parsing result page https://www.bing.com/images/async?q=mia khalifa paris fashion week schiaparelli&first=0
2026-08-29 22:37:35,580 - INFO - downloader - image #1	https://c8.alamy.com/compde/2wn6w0g/paris-frankreich-februar-2024-mia-khalifa-besuchte-am-29-februar-2024-die-schiaparelli-womenswear-herbstwinter-2024-2025-show-im-rahmen-der-paris-fashion-week-in-paris-frankreich-foto-aurore-marechalabacapresscom-credit-abaca-pressalamy-live-news-2wn6w0g.jpg
2026-08-29 22:37:35,927 - ERROR - downloader - Response status code 403, file https://celebmafia.com/wp-content/uploads/2024/03/mia-khalifa-at-schiaparelli-show-during-paris-fashion-week-02-29-2024-2_thumbnail.jpg
2026-08-29 22:37:35,959 - ERROR - downloader - Response status code 403, file https://celebmafia.com/wp-content/uploads/2024/03/mia-khalifa-at-schiaparelli-show-during-paris-fashion-week-02-29-2024-0.jpg
2026-08-29 22:37:36,707 - INFO - downloader - image #2	https://c8.alamy.com/comp/2WNPP65/mia-khalifa-attending-the-mugler-womenswear-fallwinter-2024-2025-show-as-part-of-paris-fashion-week-in-paris-france-on-march-03-2024-photo-by-aurore-marechalabacapresscom-2WNPP65.jpg
2026-08-29 22:37:37,421 - INFO - downloader - image #3	https://c8.alamy.com/comp/2WNPD9M/paris-frankreich-03rd-mar-2024-mia-khalifa-attends-mugler-fallwinter-2024-runway-during-paris-fashion-week-on-february-2024-paris-france-03032024-credit-dpaalamy-live-news-2WNPD9M.jpg
2026-08-29 22:37:37,602 - INFO - downloader - image #4	https://assets.vogue.in/photos/658d62e2ae651dd9ebb2a4ce/master/w_1600%2Cc_limit/Mia_SOCIAL2.jpg
2026-08-29 22:37:37,857 - ERROR - downloader - Response status code 400, file https://media.gettyimages.com/id/2047881064/photo/paris-france-mia-khalifa-attends-the-off-white-womenswear-fall-winter-2024-2025-show-as-part.jpg
2026-08-29 22:37:37,915 - INFO - downloader - image #5	https://c8.alamy.com/compde/2wn65hw/mia-khalifa-arrives-for-the-schiaparelli-fallwinter-2024-2025-ready-to-wear-collection-presented-thursday-feb-29-2024-in-paris-photo-by-scott-a-garfittinvisionap-2wn65hw.jpg
2026-08-29 22:37:38,275 - ERROR - downloader - Response status code 403, file https://celebmafia.com/wp-content/uploads/2024/03/mia-khalifa-at-mugler-show-during-paris-fashion-week-03-03-2024-3.jpg
2026-08-29 22:37:38,576 - ERROR - downloader - Response status code 400, file https://media.gettyimages.com/id/2047881066/photo/paris-france-mia-khalifa-attends-the-off-white-womenswear-fall-winter-2024-2025-show-as-part.jpg
2026-08-29 22:37:38,876 - ERROR - downloader - Response status code 400, file https://media.gettyimages.com/id/2058532504/photo/paris-france-mia-khalifa-attends-the-mugler-womenswear-fall-winter-2024-2025-show-as-part-of.jpg
2026-08-29 22:37:39,653 - ERROR - downloader - Response status code 400, file https://media.gettyimages.com/id/1458037556/es/foto/paris-france-mia-khalifa-attends-the-kenzo-menswear-fall-winter-2023-2024-show-as-part-of.jpg
2026-08-29 22:37:40,003 - ERROR - downloader - Response status code 403, file https://celebmafia.com/wp-content/uploads/2024/03/mia-khalifa-at-schiaparelli-show-during-paris-fashion-week-02-29-2024-3.jpg
2026-08-29 22:37:40,322 - INFO - downloader - image #6	https://www.hawtcelebs.com/wp-content/uploads/2024/03/mia-khalifa-at-schiaparelli-show-at-paris-fashion-week-02-29-2024-5.jpg
2026-08-29 22:37:40,330 - ERROR - downloader - Response status code 403, file https://celebmafia.com/wp-content/uploads/2024/03/mia-khalifa-at-schiaparelli-show-during-paris-fashion-week-02-29-2024-4.jpg
2026-08-29 22:37:40,578 - ERROR - downloader - Response status code 400, file https://media.gettyimages.com/id/2041441188/photo/fashion-france-women-schiaparelli-arrivals.jpg
2026-08-29 22:37:40,704 - ERROR - downloader - Response status code 400, file https://media.gettyimages.com/id/2046173329/photo/paris-france-mia-khalifa-attends-the-acne-studios-womenswear-fall-winter-2024-2025-show-as.jpg
2026-08-29 22:37:40,877 - ERROR - downloader - Response status code 400, file https://media.gettyimages.com/id/2058532263/photo/paris-france-mia-khalifa-attends-the-mugler-womenswear-fall-winter-2024-2025-show-as-part-of.jpg
2026-08-29 22:37:41,005 - ERROR - downloader - Response status code 400, file https://media.gettyimages.com/id/2046802113/photo/paris-france-mia-khalifa-attends-the-acne-studios-womenswear-fall-winter-2024-2025-show-as.jpg
2026-08-29 22:37:41,140 - ERROR - downloader - Response status code 400, file https://media.gettyimages.com/id/1470603772/photo/mia-khalifa-attends-the-acne-studios-womenswear-fall-winter-2023-2024-show-as-part-of-paris.jpg
2026-08-29 22:37:43,713 - INFO - downloader - image #7	https://www.hawtcelebs.com/wp-content/uploads/2024/03/mia-khalifa-at-schiaparelli-show-at-paris-fashion-week-02-29-2024-3.jpg
2026-08-29 22:37:43,902 - ERROR - downloader - Response status code 403, file https://celebmafia.com/wp-content/uploads/2024/03/mia-khalifa-at-schiaparelli-show-during-paris-fashion-week-02-29-2024-2.jpg
2026-08-29 22:37:44,432 - ERROR - downloader - Response status code 400, file https://media.gettyimages.com/id/2047881069/ja/ストックフォト/paris-france-mia-khalifa-attends-the-off-white-womenswear-fall-winter-2024-2025-show-as.jpg
2026-08-29 22:37:44,685 - ERROR - downloader - Response status code 400, file https://media.gettyimages.com/id/1500380401/photo/mia-khalifa-and-heart-evangelista-attend-the-bluemarble-menswear-spring-summer-2024-show-as.jpg
2026-08-29 22:37:44,773 - INFO - downloader - image #8	https://c8.alamy.com/comp/2WNPDE9/paris-frankreich-03rd-mar-2024-mia-khalifa-attends-mugler-fallwinter-2024-runway-during-paris-fashion-week-on-february-2024-paris-france-03032024-credit-dpaalamy-live-news-2WNPDE9.jpg
2026-08-29 22:37:44,799 - INFO - downloader - image #9	https://www.parismatch.com/lmnr/r/343,514,000000,forcex,center-middle/img/var/pm/public/media/image/2024/03/01/12/sipa_01148171_000057.jpg
2026-08-29 22:37:45,087 - ERROR - downloader - Response status code 400, file https://media.gettyimages.com/id/2056353318/photo/paris-france-mia-khalifa-attends-the-mugler-womenswear-fall-winter-2024-2025-show-as-part-of.jpg
2026-08-29 22:37:45,237 - INFO - parser - parsing result page https://www.bing.com/images/async?q=mia khalifa paris fashion week schiaparelli&first=20
2026-08-29 22:37:45,563 - INFO - downloader - image #10	https://c8.alamy.com/comp/2WN66HD/mia-khalifa-arrives-for-the-schiaparelli-fallwinter-2024-2025-ready-to-wear-collection-presented-thursday-feb-29-2024-in-paris-photo-by-scott-a-garfittinvisionap-2WN66HD.jpg
2026-08-29 22:37:46,149 - INFO - downloader - image #11	https://c8.alamy.com/comp/2WN4W43/paris-france-29th-feb-2024-mia-khalifa-attends-the-off-white-womenswear-fallwinter-2024-2025-show-as-part-of-paris-fashion-week-on-february-29-2024-in-paris-france-photo-by-laurent-zabulonabacapresscom-credit-abaca-pressalamy-live-news-2WN4W43.jpg
2026-08-29 22:37:46,283 - INFO - downloader - image #12	https://static1.purepeople.com/articles/4/52/03/04/@/7644005-mia-khalifa-au-photocall-du-defile-acne-580x0-2.jpg
2026-08-29 22:37:46,454 - ERROR - downloader - Response status code 400, file https://media.gettyimages.com/id/1458037530/fr/photo/paris-france-mia-khalifa-attends-the-kenzo-menswear-fall-winter-2023-2024-show-as-part-of.jpg
2026-08-29 22:37:46,548 - INFO - downloader - image #13	https://c8.alamy.com/comp/2WNPD9K/paris-frankreich-03rd-mar-2024-mia-khalifa-attends-mugler-fallwinter-2024-runway-during-paris-fashion-week-on-february-2024-paris-france-03032024-credit-dpaalamy-live-news-2WNPD9K.jpg
2026-08-29 22:37:46,582 - ERROR - downloader - Response status code 400, file https://media.gettyimages.com/id/2046274301/photo/paris-france-mia-khalifa-attends-the-acne-studios-womenswear-fall-winter-2024-2025-show-as.jpg
2026-08-29 22:37:47,292 - INFO - downloader - image #14	https://c8.alamy.com/compde/2wn6tya/paris-frankreich-februar-2024-mia-khalifa-besuchte-am-29-februar-2024-die-schiaparelli-womenswear-herbstwinter-2024-2025-show-im-rahmen-der-paris-fashion-week-in-paris-frankreich-foto-aurore-marechalabacapresscom-credit-abaca-pressalamy-live-news-2wn6tya.jpg
2026-08-29 22:37:47,737 - INFO - downloader - image #15	https://c8.alamy.com/comp/2WN6W0B/paris-france-29th-feb-2024-mia-khalifa-attending-the-schiaparelli-womenswear-fallwinter-2024-2025-show-as-part-of-paris-fashion-week-in-paris-france-on-february-29-2024-photo-by-aurore-marechalabacapresscom-credit-abaca-pressalamy-live-news-2WN6W0B.jpg
2026-08-29 22:37:47,988 - ERROR - downloader - Response status code 400, file https://media.gettyimages.com/id/2041441188/photo/lebanese-us-influencer-mia-khalifa-arrives-for-the-presentation-of-creations-by-schiaparelli.jpg
2026-08-29 22:37:48,044 - INFO - downloader - image #16	https://c8.alamy.com/comp/2WNPDET/paris-frankreich-03rd-mar-2024-mia-khalifa-attends-mugler-fallwinter-2024-runway-during-paris-fashion-week-on-february-2024-paris-france-03032024-credit-dpaalamy-live-news-2WNPDET.jpg
2026-08-29 22:37:48,123 - INFO - downloader - image #17	https://c8.alamy.com/comp/2WN6W4K/paris-france-29th-feb-2024-mia-khalifa-attending-the-schiaparelli-womenswear-fallwinter-2024-2025-show-as-part-of-paris-fashion-week-in-paris-france-on-february-29-2024-photo-by-aurore-marechalabacapresscom-credit-abaca-pressalamy-live-news-2WN6W4K.jpg
2026-08-29 22:37:48,680 - INFO - downloader - image #18	https://image-cdn.hypb.st/https://hypebeast.com/wp-content/blogs.dir/6/files/2024/03/miakhalif0a.jpg
2026-08-29 22:37:49,020 - INFO - parser - parsing result page https://www.bing.com/images/async?q=mia khalifa paris fashion week schiaparelli&first=40
2026-08-29 22:37:50,822 - INFO - downloader - image #19	https://www.hawtcelebs.com/wp-content/uploads/2026/06/mia-khalifa-walks-runway-at-trashy-clothing-womenswear-fall-winter-2026-2027-presentation-at-paris-fashion-week-03-06-2026-9.jpg
2026-08-29 22:37:50,893 - INFO - downloader - image #20	https://celebsla.com/wp-content/uploads/2025/07/mia-khalifa-in-a-black-top-attends-the-willy-chavarria-runway-show-during-2025-paris-fashion-week-in-paris-06-27-2025-1.jpg
2026-08-29 22:37:51,072 - ERROR - downloader - Response status code 400, file https://media.gettyimages.com/id/1500438569/de/foto/paris-france-mia-khalifa-attends-the-egonlab-menswear-spring-summer-2024-show-as-part-of-paris.jpg
2026-08-29 22:37:51,748 - ERROR - downloader - Response status code 403, file https://celebmafia.com/wp-content/uploads/2024/03/mia-khalifa-at-schiaparelli-show-during-paris-fashion-week-02-29-2024-3_thumbnail.jpg
2026-08-29 22:37:51,842 - INFO - downloader - image #21	https://c8.alamy.com/comp/2WNPDDF/paris-frankreich-03rd-mar-2024-mia-khalifa-attends-mugler-fallwinter-2024-runway-during-paris-fashion-week-on-february-2024-paris-france-03032024-credit-dpaalamy-live-news-2WNPDDF.jpg
2026-08-29 22:37:52,149 - ERROR - downloader - Response status code 400, file https://media.gettyimages.com/id/1470603768/photo/paris-france-mia-khalifa-attends-the-acne-studios-womenswear-fall-winter-2023-2024-show-as.jpg
2026-08-29 22:37:52,407 - ERROR - downloader - Response status code 400, file https://media.gettyimages.com/id/1702723503/photo/paris-france-mia-khalifa-attends-the-saint-laurent-womenswear-spring-summer-2024-show-as-part.jpg
2026-08-29 22:37:52,724 - INFO - parser - parsing result page https://www.bing.com/images/async?q=mia khalifa paris fashion week schiaparelli&first=60
2026-08-29 22:37:53,911 - INFO - downloader - image #22	https://i2-prod.dailystar.co.uk/incoming/article30293785.ece/ALTERNATES/s810/1_Bluemarble-show-Front-Row-Spring-Summer-2024-Paris-Fashion-Week-Mens-France-21-Jun-2023.jpg
2026-08-29 22:37:54,245 - INFO - downloader - image #23	https://www.hawtcelebs.com/wp-content/uploads/2026/06/mia-khalifa-walks-runway-at-trashy-clothing-womenswear-fall-winter-2026-2027-presentation-at-paris-fashion-week-03-06-2026-12.jpg
2026-08-29 22:37:54,550 - ERROR - downloader - Response status code 403, file https://celebmafia.com/wp-content/uploads/2023/06/mia-khalifa-the-egonlab-menswear-spring-summer-2024-show-in-paris-06-21-2023-3.jpg
2026-08-29 22:37:54,661 - INFO - downloader - image #24	https://c8.alamy.com/comp/2WNPDB2/paris-frankreich-03rd-mar-2024-mia-khalifa-attends-mugler-fallwinter-2024-runway-during-paris-fashion-week-on-february-2024-paris-france-03032024-credit-dpaalamy-live-news-2WNPDB2.jpg
2026-08-29 22:37:54,844 - ERROR - downloader - Response status code 400, file https://media.gettyimages.com/id/1702930124/photo/photocall-paris-fashion-week-womenswear-spring-summer-2024.jpg
2026-08-29 22:37:54,959 - ERROR - downloader - Response status code 400, file https://media.gettyimages.com/id/2046274293/photo/paris-france-mia-khalifa-attends-the-acne-studios-womenswear-fall-winter-2024-2025-show-as.jpg
2026-08-29 22:37:55,140 - ERROR - downloader - Response status code 400, file https://media.gettyimages.com/id/2047881069/photo/paris-france-mia-khalifa-attends-the-off-white-womenswear-fall-winter-2024-2025-show-as-part.jpg
2026-08-29 22:37:55,213 - ERROR - downloader - Response status code 400, file https://media.gettyimages.com/id/2047881068/photo/paris-france-mia-khalifa-attends-the-off-white-womenswear-fall-winter-2024-2025-show-as-part.jpg
2026-08-29 22:37:55,463 - ERROR - downloader - Response status code 400, file https://media.gettyimages.com/id/1702930122/photo/photocall-paris-fashion-week-womenswear-spring-summer-2024.jpg
2026-08-29 22:37:55,712 - ERROR - downloader - Response status code 400, file https://media.gettyimages.com/id/2046172801/photo/paris-france-mia-khalifa-attends-the-acne-studios-womenswear-fall-winter-2024-2025-show-as.jpg
2026-08-29 22:37:56,018 - ERROR - downloader - Response status code 400, file https://media.gettyimages.com/id/1500125434/photo/paris-france-mia-khalifa-attends-the-louis-vuitton-menswear-spring-summer-2024-show-as-part.jpg
2026-08-29 22:37:56,294 - INFO - downloader - image #25	https://celebsla.com/wp-content/uploads/2025/07/mia-khalifa-in-a-black-top-attends-the-willy-chavarria-runway-show-during-2025-paris-fashion-week-in-paris-06-27-2025-2.jpg
2026-08-29 22:37:56,564 - ERROR - downloader - Response status code 400, file https://media.gettyimages.com/id/1457359185/photo/paris-france-mia-khalifa-attends-the-bluemarble-menswear-fall-winter-2023-2024-show-as-part.jpg
2026-08-29 22:37:56,796 - INFO - downloader - image #26	https://l450v.alamy.com/450vde/2wn6ynp/paris-frankreich-februar-2024-chloe-herbstwinter-2024-runway-wahrend-der-pariser-fashion-week-am-2024-februar-paris-frankreich-29022024-credit-dpaalamy-live-news-2wn6ynp.jpg
2026-08-29 22:37:56,863 - ERROR - downloader - Response status code 400, file https://media.gettyimages.com/id/1457187398/photo/paris-france-mia-khalifa-attends-the-egonlab-menswear-fall-winter-2023-2024-show-as-part-of.jpg
2026-08-29 22:37:57,104 - INFO - parser - parsing result page https://www.bing.com/images/async?q=mia khalifa paris fashion week schiaparelli&first=80
2026-08-29 22:37:57,156 - ERROR - downloader - Response status code 400, file https://media.gettyimages.com/id/2058532166/photo/paris-france-mia-khalifa-attends-the-mugler-womenswear-fall-winter-2024-2025-show-as-part-of.jpg
2026-08-29 22:37:57,303 - INFO - downloader - image #27	https://i2-prod.dailystar.co.uk/article28121353.ece/ALTERNATES/s1200e/0_Mia-Khalifa-stuns-crowds-with-extreme-close-up-in-near-see-through-dress-at-Paris-Fashion-Week.jpg
2026-08-29 22:37:58,146 - INFO - downloader - image #28	http://les-stars-nues.biz/allphotos/cms/photos-news/2023/12390/Mia_Khalifa_at_The_Egonlab._Menswear_Spring_Summer_2024_Show_in_Paris_06212023__3_.jpg
2026-08-29 22:37:58,414 - ERROR - downloader - Response status code 400, file https://media.gettyimages.com/id/1458037556/fr/photo/paris-france-mia-khalifa-attends-the-kenzo-menswear-fall-winter-2023-2024-show-as-part-of.jpg
2026-08-29 22:37:58,715 - ERROR - downloader - Response status code 400, file https://media.gettyimages.com/id/1470603769/fr/photo/paris-france-mia-khalifa-attends-the-acne-studios-womenswear-fall-winter-2023-2024-show-as.jpg
2026-08-29 22:37:58,883 - INFO - downloader - image #29	https://www.hawtcelebs.com/wp-content/uploads/2024/03/mia-khalifa-at-mugler-womenswear-fall-winter-2024-2025-show-at-paris-fashion-week-03-03-2024-1.jpg
2026-08-29 22:37:59,016 - ERROR - downloader - Response status code 400, file https://media.gettyimages.com/id/1457359214/photo/paris-france-mia-khalifa-attends-the-bluemarble-menswear-fall-winter-2023-2024-show-as-part.jpg
2026-08-29 22:37:59,268 - ERROR - downloader - Response status code 400, file https://media.gettyimages.com/id/2046172808/photo/paris-france-mia-khalifa-attends-the-acne-studios-womenswear-fall-winter-2024-2025-show-as.jpg
2026-08-29 22:37:59,711 - INFO - downloader - image #30	https://i2-prod.dailystar.co.uk/article30293787.ece/ALTERNATES/s1200e/0_Mia-Khalifa-felt-like-a-princess-as-she-puts-unibrow-on-display-during-Fashion-Week.jpg
2026-08-29 22:38:00,000 - ERROR - downloader - Response status code 400, file https://media.gettyimages.com/id/1457187394/photo/paris-france-mia-khalifa-attends-the-egonlab-menswear-fall-winter-2023-2024-show-as-part-of.jpg
2026-08-29 22:38:00,179 - ERROR - downloader - Response status code 502, file https://lacelebs.co/wp-content/uploads/2023/09/mia-khalifa-attends-the-saint-laurent-fashion-show-during-2023-paris-fashion-week-in-paris-09-26-2023-5-314x500.jpg
2026-08-29 22:38:00,294 - ERROR - downloader - Response status code 400, file https://media.gettyimages.com/id/2158793255/photo/paris-france-mia-khalifa-attends-the-adidas-originals-and-dazed-paris-fashion-week-dinner.jpg
2026-08-29 22:38:00,482 - ERROR - downloader - Response status code 400, file https://media.gettyimages.com/id/2222485753/photo/paris-france-mia-khalifa-attends-the-kenzo-menswear-spring-summer-2026-show-as-part-of-paris.jpg
2026-08-29 22:38:00,554 - ERROR - downloader - Response status code 400, file https://media.gettyimages.com/id/1470603822/fr/photo/paris-france-mia-khalifa-attends-the-acne-studios-womenswear-fall-winter-2023-2024-show-as.jpg
2026-08-29 22:38:00,742 - ERROR - downloader - Response status code 400, file https://media.gettyimages.com/id/1458037530/es/foto/paris-france-mia-khalifa-attends-the-kenzo-menswear-fall-winter-2023-2024-show-as-part-of.jpg
2026-08-29 22:38:00,758 - ERROR - downloader - Response status code 502, file https://lacelebs.co/wp-content/uploads/2023/03/mia-khalifa-attends-the-acne-studios-fashion-show-during-2023-paris-fashion-week-in-paris-03-01-2023-3.jpg
2026-08-29 22:38:00,995 - ERROR - downloader - Response status code 400, file https://media.gettyimages.com/id/1457729719/photo/paris-france-mia-khalifa-attends-the-louis-vuitton-menswear-fall-winter-2023-2024-show-as.jpg
2026-08-29 22:38:01,094 - INFO - parser - parsing result page https://www.bing.com/images/async?q=mia khalifa paris fashion week schiaparelli&first=100
2026-08-29 22:38:01,298 - ERROR - downloader - Response status code 400, file https://media.gettyimages.com/id/1500438550/photo/paris-france-mia-khalifa-attends-the-egonlab-menswear-spring-summer-2024-show-as-part-of.jpg
2026-08-29 22:38:03,532 - INFO - downloader - image #31	https://www.hawtcelebs.com/wp-content/uploads/2024/03/mia-khalifa-at-mugler-womenswear-fall-winter-2024-2025-show-at-paris-fashion-week-03-03-2024-0.jpg
2026-08-29 22:38:03,801 - ERROR - downloader - Response status code 400, file https://media.gettyimages.com/id/1457187397/photo/mia-khalifa-attends-the-egonlab-menswear-fall-winter-2023-2024-show-as-part-of-paris-fashion.jpg
2026-08-29 22:38:04,134 - ERROR - downloader - Response status code 400, file https://media.gettyimages.com/id/2046535462/photo/paris-france-mia-khalifa-attends-the-acne-studios-womenswear-fall-winter-2024-2025-show-as.jpg
2026-08-29 22:38:04,411 - INFO - downloader - image #32	https://i2-prod.dailystar.co.uk/article30293785.ece/ALTERNATES/s615/1_Bluemarble-show-Front-Row-Spring-Summer-2024-Paris-Fashion-Week-Mens-France-21-Jun-2023.jpg
2026-08-29 22:38:04,747 - ERROR - downloader - Response status code 400, file https://media.gettyimages.com/id/2040643194/photo/mia-khalifa-and-clara-berry-at-off-white-rtw-fall-2024-as-part-of-paris-ready-to-wear-fashion.jpg
2026-08-29 22:38:05,801 - INFO - downloader - image #33	https://www.hawtcelebs.com/wp-content/uploads/2024/03/mia-khalifa-at-off-white-fashion-show-in-paris-02-29-2024-0.jpg
2026-08-29 22:38:06,066 - ERROR - downloader - Response status code 400, file https://media.gettyimages.com/id/1470603771/photo/paris-france-mia-khalifa-attends-the-acne-studios-womenswear-fall-winter-2023-2024-show-as.jpg
2026-08-29 22:38:06,355 - INFO - downloader - image #34	https://static1.purepeople.com/articles/4/52/03/04/@/7644005-mia-khalifa-au-photocall-du-defile-acne-1200x0-2.jpg
2026-08-29 22:38:06,687 - ERROR - downloader - Response status code 400, file https://media.gettyimages.com/id/2058534616/photo/paris-france-mia-khalifa-attends-the-mugler-womenswear-fall-winter-2024-2025-show-as-part-of.jpg
2026-08-29 22:38:07,046 - INFO - downloader - image #35	https://www.hawtcelebs.com/wp-content/uploads/2024/03/mia-khalifa-at-off-white-fashion-show-in-paris-02-29-2024-1.jpg
2026-08-29 22:38:07,056 - INFO - downloader - image #36	https://static1.purepeople.com/articles/1/50/53/41/@/7368595-mia-khalifa-au-defile-de-mode-pret-a-por-1200x0-1.jpg
2026-08-29 22:38:07,304 - ERROR - downloader - Response status code 400, file https://media.gettyimages.com/id/1457729627/photo/paris-france-mia-khalifa-attends-the-louis-vuitton-menswear-fall-winter-2023-2024-show-as.jpg
2026-08-29 22:38:07,508 - ERROR - downloader - Response status code 502, file https://lacelebs.co/wp-content/uploads/2023/03/mia-khalifa-attends-the-acne-studios-fashion-show-during-2023-paris-fashion-week-in-paris-03-01-2023-1.jpg
2026-08-29 22:38:07,806 - INFO - downloader - image #37	https://i.ytimg.com/vi/T-BdqGnqDvk/maxresdefault.jpg
2026-08-29 22:38:08,290 - INFO - downloader - image #38	https://i.ytimg.com/vi/hIN74islK-E/oar2.jpg
2026-08-29 22:38:08,583 - ERROR - downloader - Response status code 400, file https://media.gettyimages.com/id/1702930124/photo/paris-france-mia-khalifa-attends-the-saint-laurent-womenswear-spring-summer-2024-show-as-part.jpg
2026-08-29 22:38:08,680 - INFO - downloader - image #39	https://c8.alamy.com/comp/2WNPD9A/paris-frankreich-03rd-mar-2024-mia-khalifa-attends-mugler-fallwinter-2024-runway-during-paris-fashion-week-on-february-2024-paris-france-03032024-credit-dpaalamy-live-news-2WNPD9A.jpg
2026-08-29 22:38:08,881 - INFO - downloader - image #40	https://i.ytimg.com/vi/dddh-WVAK28/maxresdefault.jpg
2026-08-29 22:38:09,309 - INFO - parser - no more page urls for thread parser-001 to parse
2026-08-29 22:38:09,309 - INFO - parser - thread parser-001 exit
2026-08-29 22:38:10,919 - INFO - downloader - image #41	https://www.hawtcelebs.com/wp-content/uploads/2026/06/mia-khalifa-at-yohji-yamamoto-womenswear-fall-winter-2026-2027-show-at-paris-fashion-week-03-06-2026-9_thumbnail.jpg
2026-08-29 22:38:13,888 - INFO - downloader - no more download task for thread downloader-002
2026-08-29 22:38:13,889 - INFO - downloader - thread downloader-002 exit
2026-08-29 22:38:15,926 - INFO - downloader - no more download task for thread downloader-001
2026-08-29 22:38:15,926 - INFO - downloader - thread downloader-001 exit
2026-08-29 22:38:16,582 - INFO - icrawler.crawler - Crawling task done!
2026-08-29 22:38:17,618 - INFO - icrawler.crawler - start crawling...
2026-08-29 22:38:17,618 - INFO - icrawler.crawler - starting 1 feeder threads...
2026-08-29 22:38:17,618 - INFO - icrawler.crawler - starting 1 parser threads...
2026-08-29 22:38:17,619 - INFO - icrawler.crawler - starting 2 downloader threads...
2026-08-29 22:38:17,619 - INFO - feeder - thread feeder-001 exit
2026-08-29 22:38:18,334 - INFO - parser - parsing result page https://www.bing.com/images/async?q=mia khalifa kenzo menswear show&first=0
2026-08-29 22:38:19,019 - ERROR - downloader - Response status code 400, file https://media.gettyimages.com/id/1458037530/photo/photocall-paris-fashion-week-menswear-fall-winter-2023-2024.jpg
2026-08-29 22:38:19,101 - INFO - downloader - image #1	https://c8.alamy.com/compit/2wp49jp/mia-khalifa-attends-the-off-white-fall-winter-2024-2025-ready-to-wear-collection-presented-thursday-feb-29-2024-in-paris-photo-by-vianney-le-caer-invision-ap-2wp49jp.jpg
2026-08-29 22:38:19,501 - INFO - downloader - image #2	https://www.hawtcelebs.com/wp-content/uploads/2023/06/mia-khalifa-at-ludovic-de-saint-sernin-menswear-spring-summer-2024-show-in-paris-06-25-2023-2.jpg
2026-08-29 22:38:19,663 - INFO - downloader - image #3	https://www.hawtcelebs.com/wp-content/uploads/2024/03/mia-khalifa-at-schiaparelli-show-at-paris-fashion-week-02-29-2024-5.jpg
2026-08-29 22:38:19,733 - INFO - downloader - image #4	https://www.hawtcelebs.com/wp-content/uploads/2024/03/mia-khalifa-at-schiaparelli-show-at-paris-fashion-week-02-29-2024-4.jpg
2026-08-29 22:38:19,980 - ERROR - downloader - Response status code 400, file https://media.gettyimages.com/id/1500137789/photo/paris-france-mia-khalifa-attends-the-louis-vuitton-menswear-spring-summer-2024-show-as-part.jpg
2026-08-29 22:38:20,068 - INFO - downloader - image #5	https://c8.alamy.com/comp/2WN66HD/mia-khalifa-arrives-for-the-schiaparelli-fallwinter-2024-2025-ready-to-wear-collection-presented-thursday-feb-29-2024-in-paris-photo-by-scott-a-garfittinvisionap-2WN66HD.jpg
2026-08-29 22:38:21,057 - INFO - downloader - image #6	https://www.viapais.com.ar/resizer/v2/F3PTVAOQPZB2JIFBU2P5ETBBDU.jpg
2026-08-29 22:38:21,303 - ERROR - downloader - Response status code 400, file https://media.gettyimages.com/id/1500145540/photo/mia-khalifa-wears-shorts-button-shirt-with-print-outside-louis-vuitton-during-the-menswear.jpg
2026-08-29 22:38:21,431 - INFO - downloader - image #7	https://www.hawtcelebs.com/wp-content/uploads/2024/03/mia-khalifa-at-mugler-womenswear-fall-winter-2024-2025-show-at-paris-fashion-week-03-03-2024-0.jpg
2026-08-29 22:38:21,556 - ERROR - downloader - Response status code 400, file https://media.gettyimages.com/id/1457187394/es/foto/mia-khalifa-attends-the-egonlab-menswear-fall-winter-2023-2024-show-as-part-of-paris-fashion.jpg
2026-08-29 22:38:21,680 - ERROR - downloader - Response status code 400, file https://media.gettyimages.com/id/1457729627/photo/mia-khalifa-attends-the-louis-vuitton-menswear-fall-winter-2023-2024-show-as-part-of-paris.jpg
2026-08-29 22:38:22,156 - ERROR - downloader - Response status code 400, file https://media.gettyimages.com/id/1458037572/pt/foto/paris-france-mia-khalifa-attends-the-kenzo-menswear-fall-winter-2023-2024-show-as-part-of.jpg
2026-08-29 22:38:22,392 - ERROR - downloader - Response status code 400, file https://media.gettyimages.com/id/2222485753/it/foto/paris-france-mia-khalifa-attends-the-kenzo-menswear-spring-summer-2026-show-as-part-of-paris.jpg
2026-08-29 22:38:22,688 - ERROR - downloader - Response status code 400, file https://media.gettyimages.com/id/1500380401/photo/front-row-paris-fashion-week-menswear-spring-summer-2024.jpg
2026-08-29 22:38:22,929 - ERROR - downloader - Response status code 400, file https://media.gettyimages.com/id/1500438569/de/foto/paris-france-mia-khalifa-attends-the-egonlab-menswear-spring-summer-2024-show-as-part-of-paris.jpg
2026-08-29 22:38:23,247 - INFO - downloader - image #8	https://www.hawtcelebs.com/wp-content/uploads/2023/06/mia-khalifa-at-the-egonlab.-menswear-spring-summer-2024-show-in-paris-06-21-2023-2.jpg
2026-08-29 22:38:23,440 - ERROR - downloader - Response status code 400, file https://media.gettyimages.com/id/2047881069/es/foto/paris-france-mia-khalifa-attends-the-off-white-womenswear-fall-winter-2024-2025-show-as-part.jpg
2026-08-29 22:38:23,498 - ERROR - downloader - Response status code 400, file https://media.gettyimages.com/id/1457359185/photo/mia-khalifa-attends-the-bluemarble-menswear-fall-winter-2023-2024-show-as-part-of-paris.jpg
2026-08-29 22:38:23,744 - ERROR - downloader - Response status code 400, file https://media.gettyimages.com/id/2221627561/photo/mia-khalifa-at-kenzo-paris-mens-spring-2026-front-row-at-maxims-de-paris-on-june-27-2025-in.jpg
2026-08-29 22:38:25,253 - INFO - downloader - image #9	https://www.hawtcelebs.com/wp-content/uploads/2023/09/mia-khalifa-at-mains-runway-show-in-london-09-16-2023-2.jpg
2026-08-29 22:38:26,804 - INFO - downloader - image #10	https://www.hawtcelebs.com/wp-content/uploads/2023/06/mia-khalifa-at-ludovic-de-saint-sernin-menswear-spring-summer-2024-show-in-paris-06-25-2023-3.jpg
2026-08-29 22:38:26,994 - INFO - downloader - image #11	https://www.hawtcelebs.com/wp-content/uploads/2024/03/mia-khalifa-at-off-white-fashion-show-in-paris-02-29-2024-3.jpg
2026-08-29 22:38:27,057 - ERROR - downloader - Response status code 400, file https://media.gettyimages.com/id/1457359214/es/foto/mia-khalifa-attends-the-bluemarble-menswear-fall-winter-2023-2024-show-as-part-of-paris.jpg
2026-08-29 22:38:27,250 - ERROR - downloader - Response status code 400, file https://media.gettyimages.com/id/864182652/es/foto/mia-khalifa-is-seen-on-october-20-2017-in-los-angeles-ca.jpg
2026-08-29 22:38:27,348 - ERROR - downloader - Response status code 400, file https://media.gettyimages.com/id/1500125456/photo/photocall-paris-fashion-week-menswear-spring-summer-2024.jpg
2026-08-29 22:38:27,814 - INFO - downloader - image #12	https://i.ytimg.com/vi/Tnks6SN9plE/hqdefault.jpg
2026-08-29 22:38:27,987 - INFO - downloader - image #13	https://l450v.alamy.com/450vde/3bmx0gm/paris-frankreich-juni-2025-kenzo-fruhjahrsommer-2026-laufsteg-wahrend-der-paris-fashion-week-herrenmode-am-2025-juni-paris-frankreich-27062025-credit-dpaalamy-live-news-3bmx0gm.jpg
2026-08-29 22:38:28,064 - ERROR - downloader - Response status code 400, file https://media.gettyimages.com/id/1457187397/photo/mia-khalifa-attends-the-egonlab-menswear-fall-winter-2023-2024-show-as-part-of-paris-fashion.jpg
2026-08-29 22:38:28,166 - INFO - parser - parsing result page https://www.bing.com/images/async?q=mia khalifa kenzo menswear show&first=20
2026-08-29 22:38:28,235 - ERROR - downloader - Response status code 400, file https://media.gettyimages.com/id/2046802113/es/foto/paris-france-mia-khalifa-attends-the-acne-studios-womenswear-fall-winter-2024-2025-show-as.jpg
2026-08-29 22:38:28,444 - ERROR - downloader - Response status code 400, file https://media.gettyimages.com/id/2221627821/photo/kenzo-paris-mens-spring-2026-front-row.jpg
2026-08-29 22:38:28,523 - ERROR - downloader - Response status code 400, file https://media.gettyimages.com/id/1458037572/photo/photocall-paris-fashion-week-menswear-fall-winter-2023-2024.jpg
2026-08-29 22:38:28,684 - ERROR - downloader - Response status code 400, file https://media.gettyimages.com/id/2222485754/photo/photocall-paris-fashion-week-menswear-spring-summer-2026.jpg
2026-08-29 22:38:28,766 - ERROR - downloader - Response status code 400, file https://media.gettyimages.com/id/1500438569/photo/mia-khalifa-attends-the-egonlab-menswear-spring-summer-2024-show-as-part-of-paris-fashion.jpg
2026-08-29 22:38:29,677 - INFO - downloader - image #14	https://cdn.imago-images.com/bild/st/0823535386/s.jpg
2026-08-29 22:38:29,928 - INFO - downloader - image #15	https://www.hawtcelebs.com/wp-content/uploads/2025/06/mia-khalifa-at-kenzo-menswear-spring-summer-2026-show-at-paris-fashion-week-06-27-2025-3_thumbnail.jpg
2026-08-29 22:38:30,431 - INFO - downloader - image #16	https://cdn.imago-images.com/bild/st/0823593615/s.jpg
2026-08-29 22:38:30,923 - INFO - downloader - image #17	https://cdn.imago-images.com/bild/st/0823593628/s.jpg
2026-08-29 22:38:31,250 - INFO - parser - parsing result page https://www.bing.com/images/async?q=mia khalifa kenzo menswear show&first=40
2026-08-29 22:38:31,269 - INFO - downloader - image #18	https://www.hawtcelebs.com/wp-content/uploads/2023/06/mia-khalifa-at-the-egonlab.-menswear-spring-summer-2024-show-in-paris-06-21-2023-3.jpg
2026-08-29 22:38:32,369 - INFO - downloader - image #19	https://www.hawtcelebs.com/wp-content/uploads/2025/06/mia-khalifa-at-dsquared2-f-w-25-26-runway-show-at-milan-fashion-week-02-25-2025-6_thumbnail.jpg
2026-08-29 22:38:32,930 - INFO - downloader - image #20	https://www.parismatch.com/lmnr/r/343,514,000000,forcex,center-middle/img/var/pm/public/media/image/2023/01/22/15/mia-khalifa-2.jpg
2026-08-29 22:38:33,180 - ERROR - downloader - Response status code 400, file https://media.gettyimages.com/id/1500125439/photo/paris-france-mia-khalifa-attends-the-louis-vuitton-menswear-spring-summer-2024-show-as-part.jpg
2026-08-29 22:38:33,217 - INFO - downloader - image #21	https://cdn.imago-images.com/bild/st/0823593618/s.jpg
2026-08-29 22:38:33,543 - ERROR - downloader - Response status code 403, file https://celebmafia.com/wp-content/uploads/2023/06/mia-khalifa-the-egonlab-menswear-spring-summer-2024-show-in-paris-06-21-2023-3.jpg
2026-08-29 22:38:33,588 - INFO - downloader - image #22	https://c8.alamy.com/comp/2MB2GP8/paris-france-19th-jan-2023-mia-khalifa-attending-the-louis-vuitton-menswear-fall-winter-2023-2024-show-as-part-of-paris-fashion-week-in-paris-france-on-january-19-2023-photo-by-aurore-marechalabacapresscom-credit-abaca-pressalamy-live-news-2MB2GP8.jpg
2026-08-29 22:38:33,837 - ERROR - downloader - Response status code 400, file https://media.gettyimages.com/id/2157897103/photo/milan-italy-mia-khalifa-attends-the-martine-rose-fashion-show-during-the-milan-fashion-week.jpg
2026-08-29 22:38:33,852 - INFO - downloader - image #23	https://www.hawtcelebs.com/wp-content/uploads/2025/06/mia-khalifa-at-willy-chavarria-spring-summer-2026-runway-show-at-paris-fashion-week-06-27-2025-0.jpg
2026-08-29 22:38:34,082 - ERROR - downloader - Response status code 400, file https://media.gettyimages.com/id/1457729719/photo/outside-arrivals-paris-fashion-week-menswear-fall-winter-2023-2024.jpg
2026-08-29 22:38:34,097 - ERROR - downloader - Response status code 400, file https://media.gettyimages.com/id/2222465672/photo/front-row-paris-fashion-week-menswear-spring-summer-2026.jpg
2026-08-29 22:38:34,378 - ERROR - downloader - Response status code 400, file https://media.gettyimages.com/id/2047881069/photo/paris-france-mia-khalifa-attends-the-off-white-womenswear-fall-winter-2024-2025-show-as-part.jpg
2026-08-29 22:38:34,387 - ERROR - downloader - Response status code 400, file https://media.gettyimages.com/id/1470603772/photo/mia-khalifa-attends-the-acne-studios-womenswear-fall-winter-2023-2024-show-as-part-of-paris.jpg
2026-08-29 22:38:34,771 - INFO - downloader - image #24	https://townsquare.media/site/812/files/2023/04/attachment-Wiz-Khalifa-Mia-Khalifa.jpg
2026-08-29 22:38:34,887 - ERROR - downloader - Response status code 403, file https://celebmafia.com/wp-content/uploads/2023/06/mia-khalifa-louis-vuitton-menswear-spring-summer-2024-show-in-paris-06-20-2023-5.jpg
2026-08-29 22:38:35,073 - ERROR - downloader - Response status code 400, file https://media.gettyimages.com/id/1457187398/photo/paris-france-mia-khalifa-attends-the-egonlab-menswear-fall-winter-2023-2024-show-as-part-of.jpg
2026-08-29 22:38:35,111 - INFO - parser - parsing result page https://www.bing.com/images/async?q=mia khalifa kenzo menswear show&first=60
2026-08-29 22:38:35,192 - ERROR - downloader - Response status code 400, file https://media.gettyimages.com/id/1500137792/es/foto/mia-khalifa-attends-the-louis-vuitton-menswear-spring-summer-2024-show-as-part-of-paris.jpg
2026-08-29 22:38:35,423 - ERROR - downloader - Response status code 403, file https://celebmafia.com/wp-content/uploads/2023/06/mia-khalifa-louis-vuitton-menswear-spring-summer-2024-show-in-paris-06-20-2023-2.jpg
2026-08-29 22:38:35,482 - ERROR - downloader - Response status code 400, file https://media.gettyimages.com/id/1501799367/fr/photo/paris-france-mia-khalifa-attends-the-ludovic-de-saint-sernin-menswear-spring-summer-2024-show.jpg
2026-08-29 22:38:35,562 - INFO - downloader - image #25	https://c8.alamy.com/comp/2MB2GN7/paris-france-19th-jan-2023-mia-khalifa-attending-the-louis-vuitton-menswear-fall-winter-2023-2024-show-as-part-of-paris-fashion-week-in-paris-france-on-january-19-2023-photo-by-aurore-marechalabacapresscom-credit-abaca-pressalamy-live-news-2MB2GN7.jpg
2026-08-29 22:38:35,669 - ERROR - downloader - Response status code 400, file https://media.gettyimages.com/id/1702930122/es/foto/paris-france-mia-khalifa-attends-the-saint-laurent-womenswear-spring-summer-2024-show-as-part.jpg
2026-08-29 22:38:35,865 - ERROR - downloader - Response status code 400, file https://media.gettyimages.com/id/2157944219/photo/milan-italy-mia-khalifa-is-seen-during-the-milan-fashion-week-menswear-spring-summer-2025-on.jpg
2026-08-29 22:38:35,908 - ERROR - downloader - Response status code 400, file https://media.gettyimages.com/id/1457768408/photo/street-style-paris-fashion-week-menswear-fall-winter-2023-2024-day-two.jpg
2026-08-29 22:38:37,360 - INFO - downloader - image #26	https://wwd.com/wp-content/uploads/2025/06/kenzo-men-spring-2026-r-gg0018.jpg
2026-08-29 22:38:37,610 - ERROR - downloader - Response status code 400, file https://media.gettyimages.com/id/2046172820/es/foto/paris-france-mia-khalifa-attends-the-acne-studios-womenswear-fall-winter-2024-2025-show-as.jpg
2026-08-29 22:38:37,898 - ERROR - downloader - Response status code 400, file https://media.gettyimages.com/id/2201372735/photo/london-england-mia-khalifa-attends-the-annies-ibiza-collection-london-fashion-week-runway.jpg
2026-08-29 22:38:38,163 - INFO - downloader - image #27	https://assets.vogue.com/photos/668d23ccc3b0769c2636ce00/master/w_1280%2Cc_limit/00001-kenzo-spring-2025-menswear-credit-gorunway.jpg
2026-08-29 22:38:39,489 - INFO - downloader - image #28	https://www.hawtcelebs.com/wp-content/uploads/2023/06/mia-khalifa-at-the-egonlab.-menswear-spring-summer-2024-show-in-paris-06-21-2023-3_thumbnail.jpg
2026-08-29 22:38:40,137 - INFO - downloader - image #29	http://les-stars-nues.biz/allphotos/cms/photos-news/2023/12390/thumbs/Mia_Khalifa_at_The_Egonlab._Menswear_Spring_Summer_2024_Show_in_Paris_06212023__2_.jpg
2026-08-29 22:38:40,242 - INFO - downloader - image #30	https://c8.alamy.com/comp/2MB2GP7/paris-france-19th-jan-2023-mia-khalifa-attending-the-louis-vuitton-menswear-fall-winter-2023-2024-show-as-part-of-paris-fashion-week-in-paris-france-on-january-19-2023-photo-by-aurore-marechalabacapresscom-credit-abaca-pressalamy-live-news-2MB2GP7.jpg
2026-08-29 22:38:40,423 - ERROR - downloader - Response status code 403, file https://celebmafia.com/wp-content/uploads/2023/06/mia-khalifa-louis-vuitton-menswear-spring-summer-2024-show-in-paris-06-20-2023-0.jpg
2026-08-29 22:38:40,478 - ERROR - downloader - Response status code 400, file https://media.gettyimages.com/id/1470603771/es/foto/mia-khalifa-attends-the-acne-studios-womenswear-fall-winter-2023-2024-show-as-part-of-paris.jpg
2026-08-29 22:38:40,529 - INFO - parser - parsing result page https://www.bing.com/images/async?q=mia khalifa kenzo menswear show&first=80
2026-08-29 22:38:40,723 - ERROR - downloader - Response status code 404, file https://i.ytimg.com/vi/TMn3QvheOKs/oardefault.jpg
2026-08-29 22:38:41,015 - ERROR - downloader - Response status code 400, file https://media.gettyimages.com/id/1470603768/photo/paris-france-mia-khalifa-attends-the-acne-studios-womenswear-fall-winter-2023-2024-show-as.jpg
2026-08-29 22:38:41,792 - ERROR - downloader - Response status code 502, file https://celebsla.com/wp-content/uploads/2023/06/mia-khalifa-arrives-at-2024-ludovic-de-saint-sernin-menswear-spring-summer-show-in-paris-06-25-2023-5.jpg
2026-08-29 22:38:42,087 - ERROR - downloader - Response status code 400, file https://media.gettyimages.com/id/2047881069/ja/ストックフォト/paris-france-mia-khalifa-attends-the-off-white-womenswear-fall-winter-2024-2025-show-as.jpg
2026-08-29 22:38:42,337 - ERROR - downloader - Response status code 400, file https://media.gettyimages.com/id/2157944204/es/foto/milan-italy-mia-khalifa-is-seen-during-the-milan-fashion-week-menswear-spring-summer-2025-on.jpg
2026-08-29 22:38:42,579 - ERROR - downloader - Response status code 400, file https://media.gettyimages.com/id/2157897110/photo/martine-rose-front-row-milan-fashion-week-menswear-spring-summer-2025.jpg
2026-08-29 22:38:42,868 - ERROR - downloader - Response status code 400, file https://media.gettyimages.com/id/2157897101/photo/milan-italy-mia-khalifa-attends-the-martine-rose-fashion-show-during-the-milan-fashion-week.jpg
2026-08-29 22:38:44,346 - ERROR - downloader - Response status code 403, file https://celebmafia.com/wp-content/uploads/2023/06/mia-khalifa-louis-vuitton-menswear-spring-summer-2024-show-in-paris-06-20-2023-4.jpg
2026-08-29 22:38:44,783 - INFO - downloader - image #31	https://www.hawtcelebs.com/wp-content/uploads/2023/06/mia-khalifa-at-louis-vuitton-menswear-spring-summer-2024-show-in-paris-06-20-2023-0.jpg
2026-08-29 22:38:45,033 - ERROR - downloader - Response status code 400, file https://media.gettyimages.com/id/2046173329/photo/paris-france-mia-khalifa-attends-the-acne-studios-womenswear-fall-winter-2024-2025-show-as.jpg
2026-08-29 22:38:45,214 - INFO - parser - parsing result page https://www.bing.com/images/async?q=mia khalifa kenzo menswear show&first=100
2026-08-29 22:38:45,276 - ERROR - downloader - Response status code 400, file https://media.gettyimages.com/id/1500380795/photo/paris-france-damian-liliard-didi-stone-heart-evangelista-and-mia-khalifa-attend-the.jpg
2026-08-29 22:38:45,586 - ERROR - downloader - Response status code 400, file https://media.gettyimages.com/id/1457729719/photo/paris-france-mia-khalifa-attends-the-louis-vuitton-menswear-fall-winter-2023-2024-show-as.jpg
2026-08-29 22:38:45,868 - ERROR - downloader - Response status code 400, file https://media.gettyimages.com/id/2201986380/photo/milan-italy-mia-khalifa-attends-the-photocall-ahead-of-the-dsquared2-f-w-2025-2026-runway.jpg
2026-08-29 22:38:45,905 - INFO - downloader - image #32	https://www.hawtcelebs.com/wp-content/uploads/2023/06/mia-khalifa-at-louis-vuitton-menswear-spring-summer-2024-show-in-paris-06-20-2023-1.jpg
2026-08-29 22:38:46,112 - ERROR - downloader - Response status code 400, file https://media.gettyimages.com/id/2157944213/photo/milan-italy-mia-khalifa-is-seen-during-the-milan-fashion-week-menswear-spring-summer-2025-on.jpg
2026-08-29 22:38:46,198 - ERROR - downloader - Response status code 400, file https://media.gettyimages.com/id/2047881066/photo/paris-france-mia-khalifa-attends-the-off-white-womenswear-fall-winter-2024-2025-show-as-part.jpg
2026-08-29 22:38:46,448 - ERROR - downloader - Response status code 400, file https://media.gettyimages.com/id/2056889258/video/paris-france-mia-khalifa-attends-the-mugler-womenswear-fall-winter-2024-2025-show-as-part-of.jpg
2026-08-29 22:38:46,754 - ERROR - downloader - Response status code 403, file https://celebmafia.com/wp-content/uploads/2023/06/mia-khalifa-louis-vuitton-menswear-spring-summer-2024-show-in-paris-06-20-2023-4_thumbnail.jpg
2026-08-29 22:38:47,007 - ERROR - downloader - Response status code 400, file https://media.gettyimages.com/id/1500145540/photo/street-style-paris-fashion-week-menswear-spring-summer-2024-day-one.jpg
2026-08-29 22:38:47,261 - ERROR - downloader - Response status code 400, file https://media.gettyimages.com/id/1501798825/nl/foto/paris-france-mia-khalifa-attends-the-ludovic-de-saint-sernin-menswear-spring-summer-2024-show.jpg
2026-08-29 22:38:48,026 - INFO - downloader - image #33	https://www.hawtcelebs.com/wp-content/uploads/2023/06/mia-khalifa-at-ludovic-de-saint-sernin-menswear-spring-summer-2024-show-in-paris-06-25-2023-0.jpg
2026-08-29 22:38:49,157 - INFO - downloader - image #34	http://pics.streetpeeper.com/sites/default/files/mia-kenzo.jpg
2026-08-29 22:38:49,454 - INFO - downloader - image #35	https://www.hotnewhiphop.com/imgprst/765x510-cover-81-auto/2023/11/MiaKhalifaOnlyFansArmyComparison.jpg
2026-08-29 22:38:49,460 - ERROR - downloader - Response status code 400, file https://media.gettyimages.com/id/2265133678/photo/paris-france-mia-khalifa-walks-the-runway-during-the-trashy-clothing-womenswear-fall-winter.jpg
2026-08-29 22:38:49,723 - ERROR - downloader - Response status code 400, file https://media.gettyimages.com/id/2157705329/photo/jordanluca-arrivals-milan-fashion-week-menswear-spring-summer-2025.jpg
2026-08-29 22:38:50,140 - ERROR - downloader - Response status code 403, file https://celebmafia.com/wp-content/uploads/2023/06/mia-khalifa-the-egonlab-menswear-spring-summer-2024-show-in-paris-06-21-2023-1_thumbnail.jpg
2026-08-29 22:38:50,443 - ERROR - downloader - Response status code 400, file https://media.gettyimages.com/id/2157944210/photo/milan-italy-mia-khalifa-is-seen-during-the-milan-fashion-week-menswear-spring-summer-2025-on.jpg
2026-08-29 22:38:50,581 - ERROR - downloader - Response status code 400, file https://media.gettyimages.com/id/2157897110/photo/milan-italy-mia-khalifa-attends-the-martine-rose-fashion-show-during-the-milan-fashion-week.jpg
2026-08-29 22:38:51,739 - INFO - downloader - image #36	https://wwd.com/wp-content/uploads/2025/01/kenzo-f25-r-men-rtw-gg-0020.jpg
2026-08-29 22:38:52,035 - INFO - parser - no more page urls for thread parser-001 to parse
2026-08-29 22:38:52,036 - INFO - parser - thread parser-001 exit
2026-08-29 22:38:55,586 - INFO - downloader - no more download task for thread downloader-001
2026-08-29 22:38:55,587 - INFO - downloader - thread downloader-001 exit
2026-08-29 22:38:56,743 - INFO - downloader - no more download task for thread downloader-002
2026-08-29 22:38:56,745 - INFO - downloader - thread downloader-002 exit
2026-08-29 22:38:57,744 - INFO - icrawler.crawler - Crawling task done!
2026-08-29 22:38:58,775 - INFO - icrawler.crawler - start crawling...
2026-08-29 22:38:58,775 - INFO - icrawler.crawler - starting 1 feeder threads...
2026-08-29 22:38:58,776 - INFO - icrawler.crawler - starting 1 parser threads...
2026-08-29 22:38:58,776 - INFO - icrawler.crawler - starting 2 downloader threads...
2026-08-29 22:38:58,777 - INFO - feeder - thread feeder-001 exit
2026-08-29 22:38:59,461 - INFO - parser - parsing result page https://www.bing.com/images/async?q=mia khalifa chanel milan fashion week&first=0
2026-08-29 22:38:59,814 - INFO - downloader - image #1	https://c8.alamy.com/comp/2NKNXAB/milan-italy-23022023-mia-khalifa-milan-fashion-week-women-fallwinter-23-24-gcds-fashion-show-backdrop-and-front-row-milan-italy-23rd-february-2023-sgpitalia-id-129082-001-not-exclusive-2NKNXAB.jpg
2026-08-29 22:38:59,955 - ERROR - downloader - Response status code 400, file https://media.gettyimages.com/id/1469002563/photo/gcds-backstage-milan-fashion-week-womenswear-fall-winter-2023-2024.jpg
2026-08-29 22:39:00,199 - ERROR - downloader - Response status code 400, file https://media.gettyimages.com/id/1468965145/photo/milan-italy-mia-khalifa-is-seen-on-the-front-row-of-the-gcds-fashion-show-during-the-milan.jpg
2026-08-29 22:39:00,312 - ERROR - downloader - Response status code 400, file https://media.gettyimages.com/id/1468965153/photo/gcds-front-row-milan-fashion-week-womenswear-fall-winter-2023-2024.jpg
2026-08-29 22:39:00,448 - ERROR - downloader - Response status code 400, file https://media.gettyimages.com/id/1468921316/photo/moschino-front-row-milan-fashion-week-womenswear-fall-winter-2023-2024.jpg
2026-08-29 22:39:00,564 - ERROR - downloader - Response status code 400, file https://media.gettyimages.com/id/1468565169/photo/diesel-milan-fashion-week-womenswear-fall-winter-2023-24-arrivals.jpg
2026-08-29 22:39:00,699 - ERROR - downloader - Response status code 400, file https://media.gettyimages.com/id/2157817764/photo/milan-italy-mia-khalifa-attends-the-martine-rose-fashion-show-during-the-milan-menswear.jpg
2026-08-29 22:39:00,823 - ERROR - downloader - Response status code 400, file https://media.gettyimages.com/id/1469001675/photo/milan-italy-mia-khalifa-in-the-gcdss-backstage-after-the-show-in-milan-during-the-milan.jpg
2026-08-29 22:39:00,834 - INFO - downloader - image #2	https://c8.alamy.com/comp/2RXCBDK/italy-21st-sep-2023-mia-khalifa-milan-fashion-week-women-ss-2024-off-white-and-ac-milan-football-club-imaginary-dinner-in-collaboration-with-vogue-italia-at-san-siro-stadium-backdrop-milan-italy-21st-september-2023-sgpitalia-id-130089-002-not-exclusive-credit-sipa-usalamy-live-news-2RXCBDK.jpg
2026-08-29 22:39:01,570 - INFO - downloader - image #3	https://c8.alamy.com/comp/2RXCBMD/italy-21st-sep-2023-mia-khalifa-milan-fashion-week-women-ss-2024-off-white-and-ac-milan-football-club-imaginary-dinner-in-collaboration-with-vogue-italia-at-san-siro-stadium-backdrop-milan-italy-21st-september-2023-sgpitalia-id-130089-002-not-exclusive-credit-sipa-usalamy-live-news-2RXCBMD.jpg
2026-08-29 22:39:01,587 - ERROR - downloader - Response status code 400, file https://media.gettyimages.com/id/2201986617/photo/milan-italy-mia-khalifa-attends-the-front-row-at-the-dsquared2-f-w-2025-2026-runway-during.jpg
2026-08-29 22:39:01,657 - INFO - downloader - image #4	https://c8.alamy.com/comp/2NKFT03/milano-italy-23rd-feb-2023-mia-khalifa-is-seen-during-the-arrivals-at-moschino-fashion-show-during-the-milan-fashion-week-womenswear-fallwinter-20232024-in-milano-credit-sopa-images-limitedalamy-live-news-2NKFT03.jpg
2026-08-29 22:39:01,893 - ERROR - downloader - Response status code 400, file https://media.gettyimages.com/id/1468933121/photo/mia-khalifa-is-seen-on-the-front-row-of-the-moschino-fashion-show-during-the-milan-fashion.jpg
2026-08-29 22:39:01,903 - ERROR - downloader - Response status code 400, file https://media.gettyimages.com/id/1469018499/fr/vidéo/milan-italy-mia-khalifa-arrives-at-the-moschino-fashion-show-during-the-milan-fashion-week.jpg
2026-08-29 22:39:02,200 - ERROR - downloader - Response status code 400, file https://media.gettyimages.com/id/1469001191/photo/gcds-backstage-milan-fashion-week-womenswear-fall-winter-2023-2024.jpg
2026-08-29 22:39:02,457 - ERROR - downloader - Response status code 400, file https://media.gettyimages.com/id/2157944204/pt/foto/milan-italy-mia-khalifa-is-seen-during-the-milan-fashion-week-menswear-spring-summer-2025-on.jpg
2026-08-29 22:39:03,215 - INFO - downloader - image #5	https://c8.alamy.com/compfr/2nkrxfj/milan-milan-fashion-week-femme-automne-hiver-2023-2024-moschino-defile-de-mode-dans-la-photo-mia-khalifa-2nkrxfj.jpg
2026-08-29 22:39:03,305 - INFO - downloader - image #6	https://c8.alamy.com/comp/2XC6K33/milan-italien-15th-june-2024-mia-khalifa-attends-dsquared2-springsummer-2025-runway-during-milan-fashion-week-menswear-on-june-2024-milan-italy-14062024-credit-dpaalamy-live-news-2XC6K33.jpg
2026-08-29 22:39:03,563 - ERROR - downloader - Response status code 400, file https://media.gettyimages.com/id/1468921616/photo/milan-italy-mia-khalifa-is-seen-on-the-front-row-of-the-moschino-fashion-show-during-the.jpg
2026-08-29 22:39:03,859 - ERROR - downloader - Response status code 400, file https://media.gettyimages.com/id/2157705329/photo/jordanluca-arrivals-milan-fashion-week-menswear-spring-summer-2025.jpg
2026-08-29 22:39:03,885 - INFO - downloader - image #7	https://static2.amica.it/wp-content/uploads/2023/07/GettyImages-1469208577.jpg
2026-08-29 22:39:04,187 - ERROR - downloader - Response status code 400, file https://media.gettyimages.com/id/1469002486/pt/foto/milan-italy-mia-khalifa-in-the-gcdss-backstage-after-the-show-in-milan-during-the-milan.jpg
2026-08-29 22:39:04,341 - INFO - downloader - image #8	https://www.hawtcelebs.com/wp-content/uploads/2023/02/mia-khalifa-at-gcds-fashion-show-at-milan-fashion-week-02-23-2023-1.jpg
2026-08-29 22:39:04,439 - ERROR - downloader - Response status code 400, file https://media.gettyimages.com/id/1468921034/photo/moschino-front-row-milan-fashion-week-womenswear-fall-winter-2023-2024.jpg
2026-08-29 22:39:05,102 - INFO - downloader - image #9	https://c8.alamy.com/comp/2XC6K51/milan-italien-15th-june-2024-mia-khalifa-attends-dsquared2-springsummer-2025-runway-during-milan-fashion-week-menswear-on-june-2024-milan-italy-14062024-credit-dpaalamy-live-news-2XC6K51.jpg
2026-08-29 22:39:05,392 - INFO - downloader - image #10	https://c8.alamy.com/comp/2XC9P24/milan-italy-15th-june-2024-mens-fashion-spring-summer-2025-jordanluca-arrivals-pictured-mia-khalifa-credit-independent-photo-agencyalamy-live-news-2XC9P24.jpg
2026-08-29 22:39:05,398 - ERROR - downloader - Response status code 400, file https://media.gettyimages.com/id/1468933116/photo/mia-khalifa-is-seen-on-the-front-row-of-the-moschino-fashion-show-during-the-milan-fashion.jpg
2026-08-29 22:39:05,655 - ERROR - downloader - Response status code 400, file https://media.gettyimages.com/id/1469001149/photo/milan-italy-mia-khalifa-in-the-gcdss-backstage-after-the-show-in-milan-during-the-milan.jpg
2026-08-29 22:39:05,691 - ERROR - downloader - Response status code 400, file https://media.gettyimages.com/id/1469001598/photo/gcds-backstage-milan-fashion-week-womenswear-fall-winter-2023-2024.jpg
2026-08-29 22:39:05,952 - ERROR - downloader - Response status code 400, file https://media.gettyimages.com/id/1469001540/photo/milan-italy-mia-khalifa-in-the-gcdss-backstage-after-the-show-in-milan-during-the-milan.jpg
2026-08-29 22:39:05,981 - ERROR - downloader - Response status code 400, file https://media.gettyimages.com/id/1469002807/photo/milan-italy-giuliano-calza-and-mia-khalifa-in-the-gcdss-backstage-after-the-show-in-milan.jpg
2026-08-29 22:39:06,036 - INFO - parser - parsing result page https://www.bing.com/images/async?q=mia khalifa chanel milan fashion week&first=20
2026-08-29 22:39:06,227 - ERROR - downloader - Response status code 400, file https://media.gettyimages.com/id/2157817902/photo/milan-italy-mia-khalifa-attends-the-martine-rose-fashion-show-during-the-milan-menswear.jpg
2026-08-29 22:39:06,246 - ERROR - downloader - Response status code 400, file https://media.gettyimages.com/id/2157979833/photo/street-style-day-3-milan-fashion-week-menswear-spring-summer-2025.jpg
2026-08-29 22:39:06,547 - ERROR - downloader - Response status code 400, file https://media.gettyimages.com/id/1468921435/photo/moschino-front-row-milan-fashion-week-womenswear-fall-winter-2023-2024.jpg
2026-08-29 22:39:06,979 - INFO - downloader - image #11	https://c8.alamy.com/compit/2nm2gp4/mia-khalifa-milano-fashion-week-donna-autunno-inverno-23-24-moschino-fashion-show-sfondo-e-prima-fila-milano-italia-23rd-febbraio-2023-sgpitalia-id-128897-003-004-not-exclusive-2nm2gp4.jpg
2026-08-29 22:39:06,994 - INFO - downloader - image #12	https://c8.alamy.com/comp/2NKP1MY/milan-italy-23022023-mia-khalifa-milan-fashion-week-women-fallwinter-23-24-gcds-fashion-show-backdrop-and-front-row-milan-italy-23rd-february-2023-sgpitalia-id-129082-001-not-exclusive-2NKP1MY.jpg
2026-08-29 22:39:07,238 - ERROR - downloader - Response status code 400, file https://media.gettyimages.com/id/1468965141/photo/milan-italy-mia-khalifa-is-seen-on-the-front-row-of-the-gcds-fashion-show-during-the-milan.jpg
2026-08-29 22:39:07,258 - ERROR - downloader - Response status code 403, file https://images.newyorkstyleguide.com/cdn-cgi/imagedelivery/iQi6oghKZnTnyD5BhCza-A/newyorkstyleguide.com/2026/03/639888738_18575510311048195_1143968698185025570_n.jpg
2026-08-29 22:39:07,546 - ERROR - downloader - Response status code 400, file https://media.gettyimages.com/id/1469001191/photo/milan-italy-mia-khalifa-in-the-gcdss-backstage-after-the-show-in-milan-during-the-milan.jpg
2026-08-29 22:39:07,854 - ERROR - downloader - Response status code 400, file https://media.gettyimages.com/id/2201987809/photo/milan-italy-mia-khalifa-attends-the-front-row-at-the-dsquared2-f-w-2025-2026-runway-during.jpg
2026-08-29 22:39:07,856 - ERROR - downloader - Response status code 400, file https://media.gettyimages.com/id/2157897101/photo/milan-italy-mia-khalifa-attends-the-martine-rose-fashion-show-during-the-milan-fashion-week.jpg
2026-08-29 22:39:08,103 - ERROR - downloader - Response status code 400, file https://media.gettyimages.com/id/1469002980/photo/gcds-backstage-milan-fashion-week-womenswear-fall-winter-2023-2024.jpg
2026-08-29 22:39:08,166 - ERROR - downloader - Response status code 400, file https://media.gettyimages.com/id/1468565211/photo/diesel-milan-fashion-week-womenswear-fall-winter-2023-24-arrivals.jpg
2026-08-29 22:39:08,350 - ERROR - downloader - Response status code 400, file https://media.gettyimages.com/id/1469002486/fr/photo/milan-italy-mia-khalifa-in-the-gcdss-backstage-after-the-show-in-milan-during-the-milan.jpg
2026-08-29 22:39:08,482 - ERROR - downloader - Response status code 400, file https://media.gettyimages.com/id/1468965018/photo/milan-italy-mia-khalifa-is-seen-on-the-front-row-of-the-gcds-fashion-show-during-the-milan.jpg
2026-08-29 22:39:08,782 - ERROR - downloader - Response status code 400, file https://media.gettyimages.com/id/1468965153/photo/milan-italy-mia-khalifa-is-seen-on-the-front-row-of-the-gcds-fashion-show-during-the-milan.jpg
2026-08-29 22:39:09,126 - INFO - downloader - image #13	https://c8.alamy.com/comp/2NKG2WT/milano-italy-23rd-feb-2023-mia-khalifa-is-seen-during-the-arrivals-at-moschino-fashion-show-during-the-milan-fashion-week-womenswear-fallwinter-20232024-in-milano-photo-by-mairo-cinquettisopa-imagessipa-usa-credit-sipa-usaalamy-live-news-2NKG2WT.jpg
2026-08-29 22:39:10,417 - INFO - downloader - image #14	https://www.hawtcelebs.com/wp-content/uploads/2025/06/mia-khalifa-at-dsquared2-f-w-25-26-runway-show-at-milan-fashion-week-02-25-2025-1.jpg
2026-08-29 22:39:11,178 - INFO - downloader - image #15	https://www.hawtcelebs.com/wp-content/uploads/2025/06/mia-khalifa-at-dsquared2-f-w-25-26-runway-show-at-milan-fashion-week-02-25-2025-0.jpg
2026-08-29 22:39:11,458 - INFO - parser - parsing result page https://www.bing.com/images/async?q=mia khalifa chanel milan fashion week&first=40
2026-08-29 22:39:11,474 - ERROR - downloader - Response status code 400, file https://media.gettyimages.com/id/1468965155/photo/milan-italy-mia-khalifa-is-seen-on-the-front-row-of-the-gcds-fashion-show-during-the-milan.jpg
2026-08-29 22:39:11,733 - ERROR - downloader - Response status code 400, file https://media.gettyimages.com/id/2157944240/photo/milan-italy-mia-khalifa-is-seen-during-the-milan-fashion-week-menswear-spring-summer-2025-on.jpg
2026-08-29 22:39:12,273 - INFO - downloader - image #16	https://www.hawtcelebs.com/wp-content/uploads/2025/06/mia-khalifa-at-dsquared2-f-w-25-26-runway-show-at-milan-fashion-week-02-25-2025-2.jpg
2026-08-29 22:39:12,534 - ERROR - downloader - Response status code 400, file https://media.gettyimages.com/id/1468921616/photo/mia-khalifa-is-seen-on-the-front-row-of-the-moschino-fashion-show-during-the-milan-fashion.jpg
2026-08-29 22:39:12,627 - INFO - downloader - image #17	https://c8.alamy.com/comp/2NKFRYM/milano-italy-23rd-feb-2023-mia-khalifa-is-seen-during-the-arrivals-at-moschino-fashion-show-during-the-milan-fashion-week-womenswear-fallwinter-20232024-in-milano-credit-sopa-images-limitedalamy-live-news-2NKFRYM.jpg
2026-08-29 22:39:12,947 - ERROR - downloader - Response status code 400, file https://media.gettyimages.com/id/2157944210/photo/milan-italy-mia-khalifa-is-seen-during-the-milan-fashion-week-menswear-spring-summer-2025-on.jpg
2026-08-29 22:39:13,469 - INFO - downloader - image #18	https://i.gawby.com/mjaynq/mti/mjq/mdc/mzi/m/i/m/mia-khalifa-shines-at-dsquared2-fw-2025-2026-show-during-milan-fashion-week-4151269298.jpg
2026-08-29 22:39:13,572 - ERROR - downloader - Response status code 400, file https://media.gettyimages.com/id/2157944204/es/foto/milan-italy-mia-khalifa-is-seen-during-the-milan-fashion-week-menswear-spring-summer-2025-on.jpg
2026-08-29 22:39:13,725 - ERROR - downloader - Response status code 400, file https://media.gettyimages.com/id/2157979833/photo/milan-italy-mia-khalifa-wears-sunglasses-a-brown-oversize-jacket-worn-as-a-mini-dress-with.jpg
2026-08-29 22:39:13,828 - ERROR - downloader - Response status code 400, file https://media.gettyimages.com/id/1468933121/photo/moschino-front-row-milan-fashion-week-womenswear-fall-winter-2023-2024.jpg
2026-08-29 22:39:14,127 - ERROR - downloader - Response status code 400, file https://media.gettyimages.com/id/1468921437/photo/milan-italy-mia-khalifa-is-seen-on-the-front-row-of-the-moschino-fashion-show-during-the.jpg
2026-08-29 22:39:14,204 - INFO - downloader - image #19	https://c8.alamy.com/comp/2XC6K4X/milan-italien-15th-june-2024-mia-khalifa-attends-dsquared2-springsummer-2025-runway-during-milan-fashion-week-menswear-on-june-2024-milan-italy-14062024-credit-dpaalamy-live-news-2XC6K4X.jpg
2026-08-29 22:39:14,367 - INFO - downloader - image #20	https://www.hawtcelebs.com/wp-content/uploads/2023/02/mia-khalifa-at-gcds-fashion-show-at-milan-fashion-week-02-23-2023-0.jpg
2026-08-29 22:39:14,670 - ERROR - downloader - Response status code 400, file https://media.gettyimages.com/id/1468933127/photo/milan-italy-mia-khalifa-is-seen-on-the-front-row-of-the-moschino-fashion-show-during-the.jpg
2026-08-29 22:39:14,935 - ERROR - downloader - Response status code 400, file https://media.gettyimages.com/id/1468565169/fr/photo/milan-italy-mia-khalifa-attends-the-diesel-fashion-show-during-milan-fashion-week-womenswear.jpg
2026-08-29 22:39:15,235 - ERROR - downloader - Response status code 400, file https://media.gettyimages.com/id/1469002945/photo/milan-italy-mia-khalifa-in-the-gcdss-backstage-after-the-show-in-milan-during-the-milan.jpg
2026-08-29 22:39:15,302 - ERROR - downloader - Response status code 400, file https://media.gettyimages.com/id/2157979817/photo/milan-italy-mia-khalifa-wears-sunglasses-a-brown-oversize-jacket-worn-as-a-mini-dress-with.jpg
2026-08-29 22:39:15,477 - ERROR - downloader - Response status code 400, file https://media.gettyimages.com/id/1469018499/video/milan-italy-mia-khalifa-arrives-at-the-moschino-fashion-show-during-the-milan-fashion-week.jpg
2026-08-29 22:39:15,604 - ERROR - downloader - Response status code 400, file https://media.gettyimages.com/id/2157897102/photo/milan-italy-mia-khalifa-attends-the-martine-rose-fashion-show-during-the-milan-fashion-week.jpg
2026-08-29 22:39:16,232 - ERROR - downloader - Response status code 400, file https://media.gettyimages.com/id/2157944213/photo/milan-italy-mia-khalifa-is-seen-during-the-milan-fashion-week-menswear-spring-summer-2025-on.jpg
2026-08-29 22:39:16,536 - ERROR - downloader - Response status code 400, file https://media.gettyimages.com/id/2157944214/photo/milan-italy-mia-khalifa-is-seen-during-the-milan-fashion-week-menswear-spring-summer-2025-on.jpg
2026-08-29 22:39:16,608 - INFO - parser - parsing result page https://www.bing.com/images/async?q=mia khalifa chanel milan fashion week&first=60
2026-08-29 22:39:16,782 - ERROR - downloader - Response status code 400, file https://media.gettyimages.com/id/1457769151/photo/paris-france-mia-khalifa-seen-wearing-an-oversized-white-and-red-striped-blouse-a-polka.jpg
2026-08-29 22:39:16,835 - ERROR - downloader - Response status code 400, file https://media.gettyimages.com/id/1468921316/fr/photo/milan-italy-mia-khalifa-is-seen-on-the-front-row-of-the-moschino-fashion-show-during-the.jpg
2026-08-29 22:39:17,078 - ERROR - downloader - Response status code 400, file https://media.gettyimages.com/id/1468921032/es/foto/milan-italy-mia-khalifa-is-seen-on-the-front-row-of-the-moschino-fashion-show-during-the-milan.jpg
2026-08-29 22:39:17,091 - ERROR - downloader - Response status code 400, file https://media.gettyimages.com/id/2157705321/ja/ストックフォト/milan-italy-mia-khalifa-attends-the-jordanluca-fashion-show-during-the-milan-menswear.jpg
2026-08-29 22:39:17,320 - ERROR - downloader - Response status code 400, file https://media.gettyimages.com/id/2157944219/zh/照片/milan-italy-mia-khalifa-is-seen-during-the-milan-fashion-week-menswear-spring-summer-2025-on.jpg
2026-08-29 22:39:17,343 - ERROR - downloader - Response status code 400, file https://media.gettyimages.com/id/1468933118/photo/mia-khalifa-is-seen-on-the-front-row-of-the-moschino-fashion-show-during-the-milan-fashion.jpg
2026-08-29 22:39:17,592 - ERROR - downloader - Response status code 400, file https://media.gettyimages.com/id/2157897110/photo/milan-italy-mia-khalifa-attends-the-martine-rose-fashion-show-during-the-milan-fashion-week.jpg
2026-08-29 22:39:17,778 - INFO - downloader - image #21	https://c8.alamy.com/comp/3CPK5YT/mia-khalifa-arrives-for-the-versace-intimate-fashion-event-in-milan-friday-sept-26-2025-ap-photoantonio-calanni-3CPK5YT.jpg
2026-08-29 22:39:17,851 - ERROR - downloader - Response status code 400, file https://media.gettyimages.com/id/1468565169/pt/foto/milan-italy-mia-khalifa-attends-the-diesel-fashion-show-during-milan-fashion-week-womenswear.jpg
2026-08-29 22:39:18,106 - ERROR - downloader - Response status code 400, file https://media.gettyimages.com/id/1469208577/photo/american-porn-actress-mia-khalifa-guest-at-the-moschino-fashion-show-at-milan-fashion-week.jpg
2026-08-29 22:39:18,368 - ERROR - downloader - Response status code 400, file https://media.gettyimages.com/id/1469002945/photo/gcds-backstage-milan-fashion-week-womenswear-fall-winter-2023-2024.jpg
2026-08-29 22:39:18,667 - ERROR - downloader - Response status code 400, file https://media.gettyimages.com/id/2157944262/photo/milan-italy-mia-khalifa-is-seen-during-the-milan-fashion-week-menswear-spring-summer-2025-on.jpg
2026-08-29 22:39:18,889 - ERROR - downloader - Response status code 400, file https://media.gettyimages.com/id/1468921614/photo/moschino-front-row-milan-fashion-week-womenswear-fall-winter-2023-2024.jpg
2026-08-29 22:39:18,925 - ERROR - downloader - Response status code 400, file https://media.gettyimages.com/id/1468933115/photo/milan-italy-mia-khalifa-is-seen-on-the-front-row-of-the-moschino-fashion-show-during-the.jpg
2026-08-29 22:39:19,227 - ERROR - downloader - Response status code 400, file https://media.gettyimages.com/id/2157817781/photo/milan-italy-mia-khalifa-attends-the-martine-rose-fashion-show-during-the-milan-menswear.jpg
2026-08-29 22:39:19,484 - ERROR - downloader - Response status code 400, file https://media.gettyimages.com/id/2157979825/photo/street-style-day-3-milan-fashion-week-menswear-spring-summer-2025.jpg
2026-08-29 22:39:19,552 - INFO - parser - parsing result page https://www.bing.com/images/async?q=mia khalifa chanel milan fashion week&first=80
2026-08-29 22:39:19,789 - ERROR - downloader - Response status code 400, file https://media.gettyimages.com/id/1468921032/fr/photo/mia-khalifa-is-seen-on-the-front-row-of-the-moschino-fashion-show-during-the-milan-fashion.jpg
2026-08-29 22:39:20,097 - ERROR - downloader - Response status code 400, file https://media.gettyimages.com/id/2157979824/photo/milan-italy-mia-khalifa-wears-sunglasses-a-brown-oversize-jacket-worn-as-a-mini-dress-with.jpg
2026-08-29 22:39:20,398 - ERROR - downloader - Response status code 400, file https://media.gettyimages.com/id/2157817873/photo/milan-italy-mia-khalifa-attends-the-martine-rose-fashion-show-during-the-milan-menswear.jpg
2026-08-29 22:39:20,763 - INFO - downloader - image #22	https://laopinion.com/wp-content/uploads/sites/3/2023/06/Mia-Khalifa-en-Italia.jpg
2026-08-29 22:39:21,023 - ERROR - downloader - Response status code 400, file https://media.gettyimages.com/id/1468921316/photo/mia-khalifa-is-seen-on-the-front-row-of-the-moschino-fashion-show-during-the-milan-fashion.jpg
2026-08-29 22:39:21,142 - INFO - downloader - image #23	https://c8.alamy.com/comp/2NKG28E/milano-italy-23rd-feb-2023-mia-khalifa-is-seen-during-the-arrivals-at-moschino-fashion-show-during-the-milan-fashion-week-womenswear-fallwinter-20232024-in-milano-photo-by-mairo-cinquettisopa-imagessipa-usa-credit-sipa-usaalamy-live-news-2NKG28E.jpg
2026-08-29 22:39:21,224 - INFO - downloader - image #24	https://c8.alamy.com/comp/2XC9P2R/milan-italy-15th-june-2024-mens-fashion-spring-summer-2025-jordanluca-arrivals-pictured-mia-khalifa-credit-independent-photo-agencyalamy-live-news-2XC9P2R.jpg
2026-08-29 22:39:21,278 - ERROR - downloader - Response status code 400, file https://media.gettyimages.com/id/1500496514/photo/paris-france-mia-khalifa-wears-orange-squared-sunglasses-gold-necklaces-a-multicolored-print.jpg
2026-08-29 22:39:21,513 - ERROR - downloader - Response status code 400, file https://media.gettyimages.com/id/1468933116/photo/milan-italy-mia-khalifa-is-seen-on-the-front-row-of-the-moschino-fashion-show-during-the.jpg
2026-08-29 22:39:21,589 - ERROR - downloader - Response status code 400, file https://media.gettyimages.com/id/2157944241/photo/milan-italy-mia-khalifa-is-seen-during-the-milan-fashion-week-menswear-spring-summer-2025-on.jpg
2026-08-29 22:39:21,801 - ERROR - downloader - Response status code 400, file https://media.gettyimages.com/id/2157818551/photo/milan-italy-mia-khalifa-attends-the-martine-rose-fashion-show-during-the-milan-menswear.jpg
2026-08-29 22:39:21,847 - ERROR - downloader - Response status code 400, file https://media.gettyimages.com/id/1468933118/photo/moschino-front-row-milan-fashion-week-womenswear-fall-winter-2023-2024.jpg
2026-08-29 22:39:23,074 - ERROR - downloader - Response status code 400, file https://media.gettyimages.com/id/2157944209/photo/milan-italy-mia-khalifa-is-seen-during-the-milan-fashion-week-menswear-spring-summer-2025-on.jpg
2026-08-29 22:39:23,158 - INFO - parser - parsing result page https://www.bing.com/images/async?q=mia khalifa chanel milan fashion week&first=100
2026-08-29 22:39:23,162 - INFO - downloader - image #25	https://c8.alamy.com/comp/2NKRXFJ/milan-milan-fashion-week-woman-fall-winter-20232024-moschino-fashion-show-in-the-photo-mia-khalifa-2NKRXFJ.jpg
2026-08-29 22:39:23,481 - ERROR - downloader - Response status code 403, file https://blacksportsonline.com/wp-content/uploads/2024/06/mia-khalifa-pictures-b2s64gdild6q68yl.jpg
2026-08-29 22:39:23,540 - INFO - downloader - image #26	https://i2-prod.dailystar.co.uk/article29304729.ece/ALTERNATES/s1200e/2_GCDS-Front-Row-Milan-Fashion-Week-Womenswear-FallWinter-20232024.jpg
2026-08-29 22:39:23,935 - ERROR - downloader - Response status code 400, file https://media.gettyimages.com/id/2157944210/photo/celebrity-sightings-day-3-milan-fashion-week-menswear-spring-summer-2025.jpg
2026-08-29 22:39:24,232 - ERROR - downloader - Response status code 400, file https://media.gettyimages.com/id/1468921436/photo/milan-italy-mia-khalifa-is-seen-on-the-front-row-of-the-moschino-fashion-show-during-the.jpg
2026-08-29 22:39:24,303 - ERROR - downloader - Response status code 404, file https://dwgyu36up6iuz.cloudfront.net/heru80fdn/image/upload/c_fill%2Cd_placeholder_image.jpg
2026-08-29 22:39:24,555 - ERROR - downloader - Response status code 400, file https://media.gettyimages.com/id/1468933115/photo/moschino-front-row-milan-fashion-week-womenswear-fall-winter-2023-2024.jpg
2026-08-29 22:39:25,017 - INFO - downloader - image #27	https://cdn.imago-images.com/bild/st/0581422178/s.jpg
2026-08-29 22:39:25,183 - ERROR - downloader - Response status code 400, file https://media.gettyimages.com/id/2201986380/photo/milan-italy-mia-khalifa-attends-the-photocall-ahead-of-the-dsquared2-f-w-2025-2026-runway.jpg
2026-08-29 22:39:25,262 - ERROR - downloader - Response status code 400, file https://media.gettyimages.com/id/1469002486/photo/gcds-backstage-milan-fashion-week-womenswear-fall-winter-2023-2024.jpg
2026-08-29 22:39:25,488 - ERROR - downloader - Response status code 400, file https://media.gettyimages.com/id/2157897143/photo/milan-italy-guest-and-mia-khalifa-attend-the-martine-rose-fashion-show-during-the-milan.jpg
2026-08-29 22:39:25,509 - ERROR - downloader - Response status code 400, file https://media.gettyimages.com/id/2157979825/photo/milan-italy-mia-khalifa-wears-sunglasses-a-brown-oversize-jacket-worn-as-a-mini-dress-with.jpg
2026-08-29 22:39:25,744 - ERROR - downloader - Response status code 400, file https://media.gettyimages.com/id/2201987794/photo/milan-italy-mia-khalifa-attends-the-front-row-at-the-dsquared2-f-w-2025-2026-runway-during.jpg
2026-08-29 22:39:25,999 - ERROR - downloader - Response status code 400, file https://media.gettyimages.com/id/1468965132/photo/gcds-front-row-milan-fashion-week-womenswear-fall-winter-2023-2024.jpg
2026-08-29 22:39:26,022 - INFO - downloader - image #28	https://cdn.imago-images.com/bild/st/0581427403/s.jpg
2026-08-29 22:39:26,083 - INFO - downloader - image #29	https://c8.alamy.com/comp/3CPK606/mia-khalifa-arrives-for-the-versace-intimate-fashion-event-in-milan-friday-sept-26-2025-ap-photoantonio-calanni-3CPK606.jpg
2026-08-29 22:39:27,189 - INFO - parser - no more page urls for thread parser-001 to parse
2026-08-29 22:39:27,190 - INFO - parser - thread parser-001 exit
2026-08-29 22:39:31,027 - INFO - downloader - no more download task for thread downloader-002
2026-08-29 22:39:31,028 - INFO - downloader - thread downloader-002 exit
2026-08-29 22:39:31,085 - INFO - downloader - no more download task for thread downloader-001
2026-08-29 22:39:31,086 - INFO - downloader - thread downloader-001 exit
2026-08-29 22:39:31,891 - INFO - icrawler.crawler - Crawling task done!
2026-08-29 22:39:32,921 - INFO - icrawler.crawler - start crawling...
2026-08-29 22:39:32,921 - INFO - icrawler.crawler - starting 1 feeder threads...
2026-08-29 22:39:32,922 - INFO - icrawler.crawler - starting 1 parser threads...
2026-08-29 22:39:32,922 - INFO - icrawler.crawler - starting 2 downloader threads...
2026-08-29 22:39:32,922 - INFO - feeder - thread feeder-001 exit
2026-08-29 22:39:33,600 - INFO - parser - parsing result page https://www.bing.com/images/async?q=mia khalifa espn podcast photo&first=0
2026-08-29 22:39:35,641 - INFO - downloader - image #1	https://miakalifa.live/assets/images/mia-2019-enhanced.jpg
2026-08-29 22:39:36,223 - INFO - downloader - image #2	https://i.ytimg.com/vi/44ubt1FGuLY/hqdefault.jpg
2026-08-29 22:39:36,271 - INFO - downloader - image #3	https://onlywikis.com/mia-khalifa/mia-khalifa-podcast.jpg
2026-08-29 22:39:36,312 - ERROR - downloader - Response status code 404, file https://i.ytimg.com/vi/SzypsfkWNXc/maxres2.jpg
2026-08-29 22:39:36,541 - INFO - downloader - image #4	https://i.ytimg.com/vi/DhMGAJfu5G8/maxres2.jpg
2026-08-29 22:39:36,713 - INFO - downloader - image #5	https://i.ytimg.com/vi/vojtTDptaQg/maxresdefault.jpg
2026-08-29 22:39:36,813 - INFO - downloader - image #6	https://m.media-amazon.com/images/M/MV5BMzhhYTY4ODctZWRlYS00MjkxLTllMDctMjNlMjIzNGQ3OTI1XkEyXkFqcGc@._V1_FMjpg_UX1000_.jpg
2026-08-29 22:39:38,019 - INFO - downloader - image #7	https://images.topindiannews.com/wp-content/uploads/2023/10/Mia-Khalifa.jpg
2026-08-29 22:39:38,380 - INFO - downloader - image #8	https://i.ytimg.com/vi/_40sNdI6A2E/maxres2.jpg
2026-08-29 22:39:38,760 - INFO - downloader - image #9	https://i.ytimg.com/vi/0C2i-wi1ZwE/maxresdefault.jpg
2026-08-29 22:39:38,919 - INFO - downloader - image #10	https://i.ytimg.com/vi/_40sNdI6A2E/oar2.jpg
2026-08-29 22:39:39,113 - INFO - downloader - image #11	https://i.ytimg.com/vi/VuxX7FoSxqI/maxresdefault.jpg
2026-08-29 22:39:40,787 - INFO - downloader - image #12	https://www.lapilulecast.com/content/images/size/w1200/2024/03/mia.jpg
2026-08-29 22:39:41,772 - ERROR - downloader - Exception caught when downloading file https://1a-1791.com/video/s8/1/l/q/t/q/lqtqn.eR4e-small-The-Bar-Room-Podcast-69-Bra.jpg, error: HTTPSConnectionPool(host='1a-1791.com', port=443): Max retries exceeded with url: /video/s8/1/l/q/t/q/lqtqn.eR4e-small-The-Bar-Room-Podcast-69-Bra.jpg (Caused by ConnectTimeoutError(<HTTPSConnection(host='1a-1791.com', port=443) at 0x17158f100>, 'Connection to 1a-1791.com timed out. (connect timeout=5)')), remaining retry times: 2
2026-08-29 22:39:42,102 - INFO - downloader - image #13	https://m.media-amazon.com/images/I/51SXWShkvyL._SL10_UR1600,800_CR200,50,1200,630_CLa|1200,630|51SXWShkvyL.jpg
2026-08-29 22:39:42,510 - INFO - downloader - image #14	https://i.ytimg.com/vi/PT6hDFqJaW8/maxresdefault.jpg
2026-08-29 22:39:42,915 - INFO - downloader - image #15	https://i.ytimg.com/vi/KBg-bc33BdM/oardefault.jpg
2026-08-29 22:39:44,074 - ERROR - downloader - Response status code 400, file https://is1-ssl.mzstatic.com/image/thumb/Podcasts123/v4/c4/86/b0/c486b0da-e0c2-788a-61f5-576ace04e6e0/mza_16560958679736499313.png/1200x1200ECA.PESS01-60.jpg
2026-08-29 22:39:44,474 - INFO - downloader - image #16	https://i.ytimg.com/vi/3OYNwxETGlM/oar2.jpg
2026-08-29 22:39:44,566 - INFO - downloader - image #17	https://i.ytimg.com/vi/DMbl71cHBMg/hq2.jpg
2026-08-29 22:39:44,921 - INFO - downloader - image #18	https://i.ytimg.com/vi/S8uSY8nIsbs/oar2.jpg
2026-08-29 22:39:45,010 - ERROR - downloader - Response status code 404, file https://i.ytimg.com/vi/2Y4nYZLbnbs/oardefault.jpg
2026-08-29 22:39:45,331 - INFO - parser - parsing result page https://www.bing.com/images/async?q=mia khalifa espn podcast photo&first=20
2026-08-29 22:39:45,334 - INFO - downloader - image #19	https://i.ytimg.com/vi/gCkG8jduCJs/maxres2.jpg
2026-08-29 22:39:45,445 - INFO - downloader - image #20	https://i.ytimg.com/vi/xhmOv195LTM/maxres2.jpg
2026-08-29 22:39:46,780 - ERROR - downloader - Exception caught when downloading file https://1a-1791.com/video/s8/1/l/q/t/q/lqtqn.eR4e-small-The-Bar-Room-Podcast-69-Bra.jpg, error: HTTPSConnectionPool(host='1a-1791.com', port=443): Max retries exceeded with url: /video/s8/1/l/q/t/q/lqtqn.eR4e-small-The-Bar-Room-Podcast-69-Bra.jpg (Caused by ConnectTimeoutError(<HTTPSConnection(host='1a-1791.com', port=443) at 0x17158f0d0>, 'Connection to 1a-1791.com timed out. (connect timeout=5)')), remaining retry times: 1
2026-08-29 22:39:46,904 - INFO - downloader - image #21	https://greekreporter.com/wp-content/uploads/2026/03/mia-khalifa-seen-in-a-video-podcast-credit-wikimedia-commons-cc-by-30-1392x979.jpg
2026-08-29 22:39:47,174 - INFO - downloader - image #22	https://i.ytimg.com/vi/bJvpbQC7UWw/hq2.jpg
2026-08-29 22:39:47,525 - INFO - downloader - image #23	https://i.ytimg.com/vi/NRalUEfHndo/maxresdefault.jpg
2026-08-29 22:39:47,872 - INFO - downloader - image #24	https://i.ytimg.com/vi/tg9VhADyNho/maxresdefault.jpg
2026-08-29 22:39:48,188 - INFO - downloader - image #25	https://i.ytimg.com/vi/QVKdcYewZQU/maxresdefault.jpg
2026-08-29 22:39:48,515 - INFO - downloader - image #26	https://i.ytimg.com/vi/CyoZOG0rs6U/maxres2.jpg
2026-08-29 22:39:48,841 - INFO - downloader - image #27	https://jswtv.tv/wp-content/uploads/2023/05/resize-648x320.jpg
2026-08-29 22:39:49,200 - INFO - parser - parsing result page https://www.bing.com/images/async?q=mia khalifa espn podcast photo&first=40
2026-08-29 22:39:49,803 - INFO - downloader - image #28	https://society-reviews.com/wp-content/uploads/2023/11/0adaa-060_raw_04172023rf_57180-8bd8ef6e995186a9c693dff1e0044c36.jpg
2026-08-29 22:39:50,091 - INFO - downloader - image #29	https://i.ytimg.com/vi/QH8r88Kn0Wg/maxres2.jpg
2026-08-29 22:39:50,692 - INFO - downloader - image #30	https://d.newsweek.com/en/full/2329455/mia-khalifa.jpg
2026-08-29 22:39:50,985 - INFO - downloader - image #31	https://i.ytimg.com/vi/kovElCoExgk/maxres2.jpg
2026-08-29 22:39:51,457 - INFO - downloader - image #32	https://pbs.twimg.com/media/DTUc9oXVMAAvsOL.jpg
2026-08-29 22:39:51,787 - ERROR - downloader - Exception caught when downloading file https://1a-1791.com/video/s8/1/l/q/t/q/lqtqn.eR4e-small-The-Bar-Room-Podcast-69-Bra.jpg, error: HTTPSConnectionPool(host='1a-1791.com', port=443): Max retries exceeded with url: /video/s8/1/l/q/t/q/lqtqn.eR4e-small-The-Bar-Room-Podcast-69-Bra.jpg (Caused by ConnectTimeoutError(<HTTPSConnection(host='1a-1791.com', port=443) at 0x1716c37f0>, 'Connection to 1a-1791.com timed out. (connect timeout=5)')), remaining retry times: 0
2026-08-29 22:39:52,774 - INFO - downloader - image #33	https://img.onmanorama.com/content/dam/mm/en/entertainment/entertainment-news/images/2023/10/10/mia-khalifa.jpg
2026-08-29 22:39:53,115 - INFO - downloader - image #34	https://i.ytimg.com/vi/o3AMUpYWD5s/maxres2.jpg
2026-08-29 22:39:53,119 - INFO - downloader - image #35	https://www.lascimmiapensa.com/wp-content/uploads/2024/09/mia-khalifa-696x392.jpg
2026-08-29 22:39:53,422 - INFO - downloader - image #36	https://i.ytimg.com/vi/DIhR8GRZ5k4/oar2.jpg
2026-08-29 22:39:53,712 - INFO - downloader - image #37	https://i.ytimg.com/vi/Z6i3PUPnlq4/maxresdefault.jpg
2026-08-29 22:39:53,832 - INFO - downloader - image #38	https://i.ytimg.com/vi/tYW38gWoQ6k/oardefault.jpg
2026-08-29 22:39:54,168 - INFO - downloader - image #39	https://m.media-amazon.com/images/M/MV5BZjA0MDgyYmItNzkzMC00OTM2LThlYzktMWMxZWU3ZGNkNDI3XkEyXkFqcGc@._V1_FMjpg_UX1000_.jpg
2026-08-29 22:39:54,413 - ERROR - downloader - Response status code 400, file https://www.narcity.com/media-library/mia-khalifa-on-emily-ratajkowski-s-podcast-right-emily-ratajkowski-on-her-podcast.jpg
2026-08-29 22:39:54,555 - INFO - downloader - image #40	https://wallpapers.com/images/hd/mia-khalifa-wearing-red-jacket-f4ysaz0llz17qi0s.jpg
2026-08-29 22:39:54,763 - INFO - downloader - image #41	https://i.ytimg.com/vi/Wx50NfqvKac/oar2.jpg
2026-08-29 22:39:55,089 - INFO - downloader - image #42	https://i.ytimg.com/vi/_5mBWK2E9bI/maxres2.jpg
2026-08-29 22:39:55,134 - INFO - downloader - image #43	https://images.timesnownews.com/photo/msid-104387260/104387260.jpg
2026-08-29 22:39:55,156 - INFO - parser - parsing result page https://www.bing.com/images/async?q=mia khalifa espn podcast photo&first=60
2026-08-29 22:39:55,311 - INFO - downloader - image #44	https://i.ytimg.com/vi/VUxSpXfkKwc/maxres2.jpg
2026-08-29 22:39:55,383 - INFO - downloader - image #45	https://i.ytimg.com/vi/x6lzthGpvBE/maxres2.jpg
2026-08-29 22:39:55,432 - INFO - downloader - image #46	https://m.media-amazon.com/images/I/61a0ZARVmSL._SL10_UR1600,800_CR200,50,1200,630_CLa|1200,630|61a0ZARVmSL.jpg
2026-08-29 22:39:55,710 - INFO - downloader - image #47	https://i.ytimg.com/vi/6B1Z_H6JZaE/oar2.jpg
2026-08-29 22:39:55,717 - INFO - downloader - image #48	https://i.ytimg.com/vi/MyILj4cZSM8/oardefault.jpg
2026-08-29 22:39:55,897 - INFO - downloader - image #49	https://i.ytimg.com/vi/xhmOv195LTM/oar2.jpg
2026-08-29 22:39:56,073 - INFO - downloader - image #50	https://i.ytimg.com/vi/E1ljDQwTezg/oardefault.jpg
2026-08-29 22:39:56,100 - INFO - downloader - image #51	https://i.ytimg.com/vi/e_Qxyy2ex10/oardefault.jpg
2026-08-29 22:39:56,269 - INFO - downloader - image #52	https://i.ytimg.com/vi/pCVwOh-Kb3Q/maxres2.jpg
2026-08-29 22:39:56,371 - INFO - downloader - image #53	https://i.ytimg.com/vi/DMbl71cHBMg/oar2.jpg
2026-08-29 22:39:56,495 - INFO - downloader - image #54	https://i.ytimg.com/vi/0siWEgo6aeQ/maxres2.jpg
2026-08-29 22:39:56,593 - INFO - parser - parsing result page https://www.bing.com/images/async?q=mia khalifa espn podcast photo&first=80
2026-08-29 22:39:56,676 - INFO - downloader - image #55	https://i.ytimg.com/vi/V9S2Z1DEHf8/hq2.jpg
2026-08-29 22:39:56,706 - INFO - downloader - image #56	https://i.ytimg.com/vi/dE8XDeg4FqA/maxresdefault.jpg
2026-08-29 22:39:56,831 - INFO - downloader - image #57	https://i.ytimg.com/vi/zP04Nb_lesI/maxresdefault.jpg
2026-08-29 22:39:56,968 - ERROR - downloader - Response status code 404, file https://i.ytimg.com/vi/A-mLJk-KCGQ/maxresdefault.jpg
2026-08-29 22:39:57,270 - INFO - downloader - image #58	https://i.ytimg.com/vi/eR3XEb_-94Y/maxresdefault.jpg
2026-08-29 22:39:57,389 - INFO - downloader - image #59	https://i.ytimg.com/vi/lr3XcnZOWrU/maxresdefault.jpg
2026-08-29 22:39:57,495 - ERROR - downloader - Response status code 404, file https://is1-ssl.mzstatic.com/image/thumb/Podcasts115/v4/20/1e/88/201e88e6-51e6-11b6-15a9-31fd6f35b509/mza_14652509359227671175.jpg
2026-08-29 22:39:57,649 - INFO - downloader - image #60	https://i.ytimg.com/vi/E1ljDQwTezg/hqdefault.jpg
2026-08-29 22:39:57,917 - INFO - downloader - image #61	https://i.ytimg.com/vi/---45TDKFQ8/oar2.jpg
2026-08-29 22:39:57,975 - INFO - downloader - image #62	https://images.financialexpressdigital.com/2023/10/mia-khalifa.jpg
2026-08-29 22:39:58,398 - INFO - downloader - image #63	https://assets.newsweek.com/wp-content/uploads/2025/08/2329455-mia-khalifa.jpg
2026-08-29 22:39:59,056 - INFO - downloader - image #64	https://ichef.bbci.co.uk/images/ic/1200x675/p07lq7pf.jpg
2026-08-29 22:39:59,372 - INFO - parser - parsing result page https://www.bing.com/images/async?q=mia khalifa espn podcast photo&first=100
2026-08-29 22:39:59,598 - ERROR - downloader - Response status code 400, file https://is1-ssl.mzstatic.com/image/thumb/Podcasts116/v4/d0/49/d6/d049d621-0a2f-0b8b-958f-5d72167c7a1a/mza_15961323916554915142.jpeg/1200x1200ECA.PESS01-60.jpg
2026-08-29 22:39:59,900 - INFO - downloader - image #65	https://onlylikefans.com/media/images/mia-khalifa-dropped-from-playboy-podcast.width-868.jpg
2026-08-29 22:39:59,952 - INFO - downloader - image #66	https://i.ytimg.com/vi/DwEQLmcaWdA/maxresdefault.jpg
2026-08-29 22:40:00,077 - INFO - downloader - image #67	https://i.ytimg.com/vi/o3AMUpYWD5s/oar2.jpg
2026-08-29 22:40:00,241 - INFO - downloader - image #68	https://i.ytimg.com/vi/DwEQLmcaWdA/oardefault.jpg
2026-08-29 22:40:00,485 - INFO - downloader - image #69	https://i.ytimg.com/vi/5Tke0RqknVo/maxres2.jpg
2026-08-29 22:40:01,520 - INFO - downloader - image #70	https://i2-prod.dailystar.co.uk/incoming/article19372140.ece/ALTERNATES/s615b/1_httpscdnimagesdailystarcoukdynamic122photos379000900x7381393379.jpg
2026-08-29 22:40:01,983 - INFO - downloader - image #71	https://d.newsweek.com/en/full/2292361/mia-khalifa.jpg
2026-08-29 22:40:02,119 - INFO - downloader - image #72	https://www.hiptoro.com/wp-content/uploads/2022/12/mia-k-podcast.jpg
2026-08-29 22:40:02,280 - INFO - downloader - image #73	https://i.ytimg.com/vi/5rctuBNLDtQ/oar2.jpg
2026-08-29 22:40:02,483 - INFO - downloader - image #74	https://static01.nyt.com/images/2024/10/19/autossell/TI-Mia-Onsite-Thumb/TI-Mia-Onsite-Thumb-videoSixteenByNine1050.jpg
2026-08-29 22:40:02,579 - INFO - downloader - image #75	https://i.ytimg.com/vi/xTA1jQMOzm4/oar2.jpg
2026-08-29 22:40:02,778 - INFO - downloader - image #76	https://i.ytimg.com/vi/w3E_75DGC8Q/maxresdefault.jpg
2026-08-29 22:40:02,835 - INFO - downloader - image #77	https://i.ytimg.com/vi/3j-H_kltKv0/maxres2.jpg
2026-08-29 22:40:02,977 - INFO - downloader - image #78	https://i.ytimg.com/vi/v7V-rww9Yso/maxresdefault.jpg
2026-08-29 22:40:03,533 - ERROR - downloader - Response status code 403, file https://videoypodcast.com/wp-content/uploads/mia-khalifa-y-lance-armstrong-1024x512.jpg
2026-08-29 22:40:03,683 - ERROR - downloader - Response status code 404, file https://i.ytimg.com/vi/VpgvnIafMDQ/maxresdefault.jpg
2026-08-29 22:40:03,758 - INFO - downloader - image #79	https://mmnews.tv/wp-content/uploads/2023/05/mia-khalifa.jpg
2026-08-29 22:40:03,923 - INFO - downloader - image #80	https://i.ytimg.com/vi/QeTLnaMgBqs/oar2.jpg
2026-08-29 22:40:04,050 - ERROR - downloader - Response status code 404, file https://is1-ssl.mzstatic.com/image/thumb/Podcasts126/v4/65/3c/0d/653c0d6b-732d-6364-55c6-37d379ac3de5/mza_12493282857417949550.jpg
2026-08-29 22:40:04,095 - INFO - downloader - image #81	https://i.ytimg.com/vi/Rrr6MSTP3dY/maxres2.jpg
2026-08-29 22:40:04,366 - ERROR - downloader - Response status code 404, file https://i.ytimg.com/vi/E6Q4f97uGqw/maxresdefault.jpg
2026-08-29 22:40:04,707 - INFO - downloader - image #82	https://timelinedaily.com/assets/2023/10/mia-khalifa-e1696946163326.jpg
2026-08-29 22:40:05,540 - INFO - parser - no more page urls for thread parser-001 to parse
2026-08-29 22:40:05,540 - INFO - parser - thread parser-001 exit
2026-08-29 22:40:09,371 - INFO - downloader - no more download task for thread downloader-001
2026-08-29 22:40:09,372 - INFO - downloader - thread downloader-001 exit
2026-08-29 22:40:09,713 - INFO - downloader - no more download task for thread downloader-002
2026-08-29 22:40:09,714 - INFO - downloader - thread downloader-002 exit
2026-08-29 22:40:10,048 - INFO - icrawler.crawler - Crawling task done!
2026-08-29 22:40:11,084 - INFO - icrawler.crawler - start crawling...
2026-08-29 22:40:11,084 - INFO - icrawler.crawler - starting 1 feeder threads...
2026-08-29 22:40:11,085 - INFO - icrawler.crawler - starting 1 parser threads...
2026-08-29 22:40:11,085 - INFO - icrawler.crawler - starting 2 downloader threads...
2026-08-29 22:40:11,085 - INFO - feeder - thread feeder-001 exit
2026-08-29 22:40:11,771 - INFO - parser - parsing result page https://www.bing.com/images/async?q=mia khalifa sheytan jewelry launch&first=0
2026-08-29 22:40:12,105 - ERROR - downloader - Response status code 404, file https://i.ytimg.com/vi/lOOw972miZg/maxresdefault.jpg
2026-08-29 22:40:12,571 - INFO - downloader - image #1	https://image-cdn.hypb.st/https://bae.hypebeast.com/files/2023/07/mia13.jpg
2026-08-29 22:40:12,796 - INFO - downloader - image #2	https://image-cdn.hypb.st/https://hypebeast.com/wp-content/blogs.dir/6/files/2023/07/mia6.jpg
2026-08-29 22:40:13,318 - INFO - downloader - image #3	https://hips.hearstapps.com/hmg-prod/images/mia-khalifa-moda-2023-gioielli-sheytan-foto-instagram-64b649cd575d7.jpg
2026-08-29 22:40:14,375 - INFO - downloader - image #4	https://www.soldoutservice.com/wp-content/uploads/2023/07/mia-khalifa-sheytan-brand-gioielli-10.jpg
2026-08-29 22:40:15,691 - INFO - downloader - image #5	https://www.vanityteen.com/wp-content/uploads/2023/07/Mia-Khalifa-Dives-into-the-Fashion-World-with-Personal-Accessory-Brand-Sheytan-2-380x570.jpg
2026-08-29 22:40:15,929 - INFO - downloader - image #6	https://i.ytimg.com/vi/R_VRb949pVY/oar2.jpg
2026-08-29 22:40:16,195 - INFO - downloader - image #7	https://i.ytimg.com/vi/vjr_YOpdzno/maxresdefault.jpg
2026-08-29 22:40:16,440 - INFO - downloader - image #8	https://i.ytimg.com/vi/gzz4i0i4Xfo/oar2.jpg
2026-08-29 22:40:16,819 - INFO - downloader - image #9	https://www.soldoutservice.com/wp-content/uploads/2023/07/mia-khalifa-sheytan-brand-gioielli-9.jpg
2026-08-29 22:40:16,932 - INFO - downloader - image #10	https://image-cdn.hypb.st/https://bae.hypebeast.com/files/2023/07/mia12.jpg
2026-08-29 22:40:17,162 - INFO - downloader - image #11	https://static01.nyt.com/images/2024/10/19/autossell/TI-Mia-Onsite-Thumb/TI-Mia-Onsite-Thumb-mediumSquareAt3X.jpg
2026-08-29 22:40:17,614 - ERROR - downloader - Response status code 404, file https://avidyu.com/wp-content/webp-express/webp-images/uploads/2022/12/mia-khalifa-1024x621.jpg
2026-08-29 22:40:17,887 - INFO - downloader - image #12	https://image-cdn.hypb.st/https://hk.hypebeast.com/files/2023/07/https-bae.hypebeast.com-files-2023-07-mia1.jpg
2026-08-29 22:40:18,313 - INFO - downloader - image #13	https://image-cdn.hypb.st/https://bae.hypebeast.com/files/2023/07/megan-thee-stallion-pynk-FI.jpg
2026-08-29 22:40:18,691 - INFO - downloader - image #14	https://image-cdn.hypb.st/https://bae.hypebeast.com/files/2023/07/dishoom00-1.jpg
2026-08-29 22:40:19,244 - ERROR - downloader - Response status code 403, file https://elfinanciero.com.mx/resizer/v2/PZB6CZBXTNEMNKVPPHPQFOWORQ.jpg
2026-08-29 22:40:19,616 - INFO - downloader - image #15	https://image-cdn.hypb.st/https://bae.hypebeast.com/files/2023/07/gucci-christies-digital-art-nft-auction-00.jpg
2026-08-29 22:40:19,675 - INFO - downloader - image #16	https://sheytan.world/cdn/shop/files/preview_images/0d4100a8d22c4b7d9edd2acca5d0d702.thumbnail.0000000000_2048x.jpg
2026-08-29 22:40:19,798 - INFO - downloader - image #17	https://i.ytimg.com/vi/ZzFOPDHKNEs/oar2.jpg
2026-08-29 22:40:20,089 - INFO - downloader - image #18	https://image-cdn.hypb.st/https://hypebeast.com/wp-content/blogs.dir/6/files/2024/09/24/mia-khalifa-0.jpg
2026-08-29 22:40:20,210 - INFO - parser - parsing result page https://www.bing.com/images/async?q=mia khalifa sheytan jewelry launch&first=20
2026-08-29 22:40:20,311 - INFO - downloader - image #19	https://static.spotboye.com/uploads/Mia_Khalifa_(1)_2023-8-21-14-44-34_thumbnail_2023-8-24-13-24-32_thumbnail.jpg
2026-08-29 22:40:20,669 - INFO - downloader - image #20	https://image-cdn.hypb.st/https://bae.hypebeast.com/files/2023/07/barbierental0.jpg
2026-08-29 22:40:20,786 - INFO - downloader - image #21	https://asset-2.tstatic.net/newsmaker/foto/bank/images/perhiasan-mia-khalifa.jpg
2026-08-29 22:40:21,272 - INFO - downloader - image #22	https://asset-2.tstatic.net/newsmaker/foto/bank/images/mia-khalifa-rilis-perhiasan.jpg
2026-08-29 22:40:21,602 - INFO - parser - parsing result page https://www.bing.com/images/async?q=mia khalifa sheytan jewelry launch&first=40
2026-08-29 22:40:21,688 - INFO - downloader - image #23	https://image-cdn.hypb.st/https://bae.hypebeast.com/files/2026/06/17/Single-Image-1299.jpg
2026-08-29 22:40:22,118 - INFO - downloader - image #24	https://image-cdn.hypb.st/https://bae.hypebeast.com/files/2026/02/28/gcds-milan-fashion-week-anniversary-ss26-giuliano-calza-mia-khalifa-interview-0.jpg
2026-08-29 22:40:22,535 - INFO - downloader - image #25	https://image-cdn.hypb.st/https://bae.hypebeast.com/files/2026/06/09/Single-Image-1221.jpg
2026-08-29 22:40:23,243 - INFO - downloader - image #26	https://image-cdn.hypb.st/https://bae.hypebeast.com/files/2023/08/mia4.jpg
2026-08-29 22:40:23,422 - INFO - downloader - image #27	https://www.soldoutservice.com/wp-content/uploads/2023/07/mia-khalifa-sheytan-brand-gioielli-4.jpg
2026-08-29 22:40:23,832 - INFO - downloader - image #28	https://image-cdn.hypb.st/https://bae.hypebeast.com/files/2026/01/16/emily-bader-mia-hamm-the-99ers-movie-womens-world-cup-netflix-release-date-ft.jpg
2026-08-29 22:40:24,417 - INFO - downloader - image #29	https://www.the-sun.com/wp-content/uploads/sites/6/2023/07/mia-khalifa-instagram-824907471.jpg
2026-08-29 22:40:24,898 - INFO - parser - parsing result page https://www.bing.com/images/async?q=mia khalifa sheytan jewelry launch&first=60
2026-08-29 22:40:25,895 - INFO - downloader - image #30	https://www.highsnobiety.com/static-assets/dato/1715465770-aleali-may-grwn-jewerly-brand-interview-0.jpg
2026-08-29 22:40:26,121 - INFO - downloader - image #31	https://www.masala.com/cloud/2023/09/14/377806898_284983754276000_3640119473786560905_n.jpg
2026-08-29 22:40:27,011 - INFO - downloader - image #32	https://www.highsnobiety.com/static-assets/dato/1748617054-nb_s125_abzorb_2000_offfigure_u2000pbb_6-2.jpg
2026-08-29 22:40:27,476 - INFO - downloader - image #33	https://whereisthebuzz.com/wp-content/uploads/2022/09/img_1083-scaled.jpg
2026-08-29 22:40:28,775 - INFO - downloader - image #34	https://www.albawaba.com/sites/default/files/styles/default/public/2023-12/https___bae.hypebeast.com_files_2023_07_mia13.jpg
2026-08-29 22:40:28,895 - INFO - downloader - image #35	https://www.vanityteen.com/wp-content/uploads/2025/03/024-3-683x1024.jpg
2026-08-29 22:40:29,294 - INFO - downloader - image #36	https://image-cdn.hypb.st/https://hypebeast.com/wp-content/blogs.dir/6/files/2024/04/22/mia00-1.jpg
2026-08-29 22:40:29,573 - INFO - downloader - image #37	https://www.the-sun.com/wp-content/uploads/sites/6/2023/07/mia-khalifa-teases-new-business-822951673.jpg
2026-08-29 22:40:29,846 - INFO - parser - parsing result page https://www.bing.com/images/async?q=mia khalifa sheytan jewelry launch&first=80
2026-08-29 22:40:30,109 - INFO - downloader - image #38	https://www.highsnobiety.com/static-assets/dato/1746615578-metgala_3x2-4.jpg
2026-08-29 22:40:30,819 - INFO - downloader - image #39	https://whereisthebuzz.com/wp-content/uploads/2021/05/img_4441.jpg
2026-08-29 22:40:31,363 - INFO - downloader - image #40	https://whereisthebuzz.com/wp-content/uploads/2020/11/img_2467-1.jpg
2026-08-29 22:40:31,511 - INFO - downloader - image #41	https://thumb.viva.id/intipseleb/665x374/2022/08/22/6302f2e45d362-mia-khalifa.jpg
2026-08-29 22:40:31,700 - INFO - downloader - image #42	https://www.the-sun.com/wp-content/uploads/sites/6/2023/07/www-instagram-com-p-cug9uiung9o-831003456.jpg
2026-08-29 22:40:31,840 - INFO - parser - parsing result page https://www.bing.com/images/async?q=mia khalifa sheytan jewelry launch&first=100
2026-08-29 22:40:31,872 - ERROR - downloader - Response status code 403, file https://statik.tempo.co/data/2023/07/14/id_1219734/1219734_720.jpg
2026-08-29 22:40:32,295 - INFO - downloader - image #43	https://image-cdn.hypb.st/https://bae.hypebeast.com/files/2023/07/kelly-latte-makeup-FI.jpg
2026-08-29 22:40:32,362 - INFO - downloader - image #44	https://www.mandatory.com/wp-content/uploads/sites/10/2026/04/Untitled-design-2026-04-16T154752.681.jpg
2026-08-29 22:40:32,623 - ERROR - downloader - Response status code 403, file https://images.newyorkstyleguide.com/cdn-cgi/imagedelivery/iQi6oghKZnTnyD5BhCza-A/newyorkstyleguide.com/2026/06/https___bae.hypebeast.com_files_2026_06_17_Portrait-Gallery-Images-1345.jpg
2026-08-29 22:40:32,896 - ERROR - downloader - Response status code 403, file https://images.newyorkstyleguide.com/cdn-cgi/imagedelivery/iQi6oghKZnTnyD5BhCza-A/newyorkstyleguide.com/2026/06/723085154_17978931966008016_2898823351833909686_n.jpg
2026-08-29 22:40:33,408 - INFO - downloader - image #45	https://asset-2.tstatic.net/tribunnews/foto/bank/images/mia-khalifa-sheytan-merek-perhiasan.jpg
2026-08-29 22:40:33,845 - INFO - downloader - image #46	https://www.highsnobiety.com/static-assets/dato/1770296501-thumbnail_3x2.jpg
2026-08-29 22:40:34,099 - ERROR - downloader - Response status code 403, file https://images.newyorkstyleguide.com/cdn-cgi/imagedelivery/iQi6oghKZnTnyD5BhCza-A/newyorkstyleguide.com/2026/06/https___bae.hypebeast.com_files_2026_06_17_Portrait-Gallery-Images-1346.jpg
2026-08-29 22:40:35,251 - INFO - downloader - image #47	https://highxtar.com/wp-content/uploads/2023/10/Thumb_Mia_Khalifa_2023_Web_Nueva-640x480.jpg
2026-08-29 22:40:35,415 - INFO - parser - no more page urls for thread parser-001 to parse
2026-08-29 22:40:35,416 - INFO - parser - thread parser-001 exit
2026-08-29 22:40:35,933 - INFO - downloader - image #48	https://sheytan.world/cdn/shop/files/SKUSHSCD02Detail1_43_8b1f9f4e-2768-4936-a7dd-75bfa7283799.jpg
2026-08-29 22:40:36,340 - ERROR - downloader - Response status code 403, file https://celebmafia.com/wp-content/uploads/2023/06/mia-khalifa-the-egonlab-menswear-spring-summer-2024-show-in-paris-06-21-2023-3.jpg
2026-08-29 22:40:36,379 - INFO - downloader - image #49	https://static.spotboye.com/uploads/Mia_Khalifa_2023-7-28-14-46-32_thumbnail_(1)_2023-8-25-6-3-2_thumbnail.jpg
2026-08-29 22:40:36,716 - INFO - downloader - image #50	https://image-cdn.hypb.st/https://bae.hypebeast.com/files/2026/05/14/Split-99.jpg
2026-08-29 22:40:41,388 - INFO - downloader - no more download task for thread downloader-002
2026-08-29 22:40:41,389 - INFO - downloader - thread downloader-002 exit
2026-08-29 22:40:41,724 - INFO - downloader - no more download task for thread downloader-001
2026-08-29 22:40:41,724 - INFO - downloader - thread downloader-001 exit
2026-08-29 22:40:42,214 - INFO - icrawler.crawler - Crawling task done!
2026-08-29 22:40:43,258 - INFO - icrawler.crawler - start crawling...
2026-08-29 22:40:43,258 - INFO - icrawler.crawler - starting 1 feeder threads...
2026-08-29 22:40:43,259 - INFO - icrawler.crawler - starting 1 parser threads...
2026-08-29 22:40:43,259 - INFO - icrawler.crawler - starting 2 downloader threads...
2026-08-29 22:40:43,259 - INFO - feeder - thread feeder-001 exit
2026-08-29 22:40:43,933 - INFO - parser - parsing result page https://www.bing.com/images/async?q=mia khalifa adidas party los angeles&first=0
2026-08-29 22:40:44,374 - ERROR - downloader - Response status code 400, file https://media.gettyimages.com/id/1482505508/photo/mia-khalifa-attends-the-marc-jacobs-i-d-the-pre-party-at-viking-villa-on-april-15-2023-in.jpg
2026-08-29 22:40:44,669 - ERROR - downloader - Response status code 400, file https://media.gettyimages.com/id/1500125456/photo/paris-france-mia-khalifa-attends-the-louis-vuitton-menswear-spring-summer-2024-show-as-part.jpg
2026-08-29 22:40:46,531 - INFO - downloader - image #1	https://s.hdnux.com/photos/01/15/47/14/20345637/4/1200x0.jpg
2026-08-29 22:40:46,813 - INFO - downloader - image #2	https://www.hawtcelebs.com/wp-content/uploads/2026/02/mia-khalifa-at-inside-adidas-x-entire-studios-launch-party-in-los-angeles-01-30-2026-3.jpg
2026-08-29 22:40:47,218 - INFO - downloader - image #3	https://www.hawtcelebs.com/wp-content/uploads/2026/02/mia-khalifa-at-inside-adidas-x-entire-studios-launch-party-in-los-angeles-01-30-2026-4.jpg
2026-08-29 22:40:47,469 - ERROR - downloader - Response status code 400, file https://media.gettyimages.com/id/864182714/es/foto/mia-khalifa-is-seen-on-october-20-2017-in-los-angeles-ca.jpg
2026-08-29 22:40:47,936 - ERROR - downloader - Response status code 403, file https://www.miamiamine.com/wp-content/uploads/2025/02/mia-mia-mine-adidas-samba-sneakers.jpg
2026-08-29 22:40:48,206 - INFO - downloader - image #4	https://s.24.hu/app/uploads/2024/06/mia-khalifa-1536x864.jpg
2026-08-29 22:40:49,098 - INFO - downloader - image #5	https://medias.spotern.com/spots/w360/125/125374-1532336916.jpg
2026-08-29 22:40:49,328 - INFO - downloader - image #6	https://i2-prod.dailystar.co.uk/incoming/article29490881.ece/ALTERNATES/s1200/3_Screenshot-2023-03-18-at-084533.jpg
2026-08-29 22:40:49,668 - INFO - downloader - image #7	https://www.newsweed.fr/wp-content/uploads/2023/04/mia-wiz-khalifa-768x416.jpg
2026-08-29 22:40:49,915 - ERROR - downloader - Response status code 400, file https://media.gettyimages.com/id/864182778/pt/foto/los-angeles-ca-mia-khalifa-is-seen-on-october-20-2017-in-los-angeles-ca.jpg
2026-08-29 22:40:50,000 - INFO - downloader - image #8	https://www.hawtcelebs.com/wp-content/uploads/2026/02/mia-khalifa-at-inside-adidas-x-entire-studios-launch-party-in-los-angeles-01-30-2026-1.jpg
2026-08-29 22:40:50,293 - INFO - downloader - image #9	https://viapais.com.ar/resizer/PkyeYzmCm1PcippTBxUkR8PoWjw=/1023x1278/smart/cloudfront-us-east-1.images.arcpublishing.com/grupoclarin/S2KMWQCKAVA7FD5BZ7T6U2G5WQ.jpg
2026-08-29 22:40:50,413 - ERROR - downloader - Response status code 403, file https://www.revistaclase.mx/resizer/v2/DU5JBLGOBFFM5K5VKJPAWQOTVQ.jpg
2026-08-29 22:40:50,538 - ERROR - downloader - Response status code 400, file https://media.gettyimages.com/id/2158793266/fr/photo/paris-france-mia-khalifa-attends-the-adidas-originals-and-dazed-paris-fashion-week-dinner.jpg
2026-08-29 22:40:50,957 - INFO - downloader - image #10	https://www.albawaba.com/sites/default/files/styles/default/public/2025-03/MixCollage-19-Mar-2025-06-04-AM-1505.jpg
2026-08-29 22:40:52,662 - INFO - downloader - image #11	https://numero.com/wp-content/uploads/2026/06/song-for-the-mute-adidas-original-basket-tendances-en-2026--768x909.jpg
2026-08-29 22:40:52,895 - INFO - downloader - image #12	https://www.hawtcelebs.com/wp-content/uploads/2026/02/mia-khalifa-at-inside-adidas-x-entire-studios-launch-party-in-los-angeles-01-30-2026-2.jpg
2026-08-29 22:40:53,143 - ERROR - downloader - Response status code 400, file https://media.gettyimages.com/id/1482505509/photo/mia-khalifa-attends-the-marc-jacobs-i-d-the-pre-party-at-viking-villa-on-april-15-2023-in.jpg
2026-08-29 22:40:53,452 - ERROR - downloader - Response status code 400, file https://media.gettyimages.com/id/865149256/video/mia-khalifa-shopping-in-beverly-hills-at-celebrity-sightings-in-los-angeles-on-october-20-2017.jpg
2026-08-29 22:40:53,531 - INFO - downloader - image #13	https://assets.juksy.com/files/articles/122533/64ad1e9322ce6.jpg
2026-08-29 22:40:53,784 - ERROR - downloader - Response status code 400, file https://media.gettyimages.com/id/864182660/fr/photo/mia-khalifa-is-seen-on-october-20-2017-in-los-angeles-ca.jpg
2026-08-29 22:40:53,946 - ERROR - downloader - Response status code 404, file https://i.ytimg.com/vi/oQCvV00gd34/maxres2.jpg
2026-08-29 22:40:54,245 - ERROR - downloader - Response status code 400, file https://media.gettyimages.com/id/864182790/es/foto/mia-khalifa-is-seen-on-october-20-2017-in-los-angeles-ca.jpg
2026-08-29 22:40:54,582 - INFO - parser - parsing result page https://www.bing.com/images/async?q=mia khalifa adidas party los angeles&first=20
2026-08-29 22:40:54,653 - INFO - downloader - image #14	https://www.highsnobiety.com/static-assets/dato/1739314746-adidas-superstar-2025-0.jpg
2026-08-29 22:40:54,867 - ERROR - downloader - Response status code 400, file https://media.gettyimages.com/id/864182652/es/foto/mia-khalifa-is-seen-on-october-20-2017-in-los-angeles-ca.jpg
2026-08-29 22:40:55,118 - ERROR - downloader - Response status code 400, file https://media.gettyimages.com/id/864182782/pt/foto/mia-khalifa-is-seen-on-october-20-2017-in-los-angeles-ca.jpg
2026-08-29 22:40:55,168 - ERROR - downloader - Response status code 403, file https://viapais.com.ar/_next/image/?url=https:%2F%2Fviapais.com.ar%2Fimages%2F2026%2F02%2F20%2F6xGZIhMebS_1080x1440__original.jpg
2026-08-29 22:40:55,190 - ERROR - downloader - Response status code 400, file https://media.gettyimages.com/id/2158793255/photo/adidas-originals-and-dazed-celebrate-the-dazed-summer24-issue-with-a-dinner-during-paris.jpg
2026-08-29 22:40:55,717 - INFO - downloader - image #15	https://d2eehagpk5cl65.cloudfront.net/img/q60/uploads/2023/10/zumaglobaltwelve748718-scaled.jpg
2026-08-29 22:40:56,028 - INFO - downloader - image #16	https://www.viapais.com.ar/resizer/v2/EJGI42UDAFB7BGSH22MB7UX6QU.jpg
2026-08-29 22:40:56,780 - INFO - downloader - image #17	https://medias.spotern.com/spots/w360/263/263835-1576150783.jpg
2026-08-29 22:40:57,624 - INFO - downloader - image #18	https://i.redd.it/l6myc8payqr91.jpg
2026-08-29 22:40:57,709 - INFO - downloader - image #19	https://i2-prod.dailystar.co.uk/incoming/article30183672.ece/ALTERNATES/s615/2_Mia-Khalifa.jpg
2026-08-29 22:40:57,753 - INFO - downloader - image #20	https://viapais.com.ar/resizer/D9W6KSn-JYmxgY2X6_a9DKcFDGc=/980x640/smart/filters:quality(75):format(webp)/cloudfront-us-east-1.images.arcpublishing.com/grupoclarin/77ASASKFWBAIBKPGJRKB45ZDE4.jpg
2026-08-29 22:40:59,542 - INFO - downloader - image #21	https://static2.amica.it/wp-content/uploads/2023/07/GettyImages-864182714.jpg
2026-08-29 22:40:59,950 - INFO - downloader - image #22	https://i2-prod.dailystar.co.uk/incoming/article29491292.ece/ALTERNATES/s615b/0_miakhalifa_328059928_1225668251668616_8461624409218753177_n.jpg
2026-08-29 22:41:00,145 - INFO - downloader - image #23	https://www.neo2.com/wp-content/uploads/2023/10/adidas-originals-party-madrid-4-683x1024.jpg
2026-08-29 22:41:00,403 - ERROR - downloader - Response status code 400, file https://media.gettyimages.com/id/864182790/photo/los-angeles-ca-mia-khalifa-is-seen-on-october-20-2017-in-los-angeles-ca.jpg
2026-08-29 22:41:00,453 - INFO - downloader - image #24	https://i.pinimg.com/736x/12/03/06/120306dd60663286b3ec15cceaa59cc8.jpg
2026-08-29 22:41:00,992 - INFO - downloader - image #25	https://patch.com/img/cdn20/ap/26244233/20231010/124554/styles/patch_image/public/ap23061630464003___10122927307.jpg
2026-08-29 22:41:01,442 - INFO - downloader - image #26	https://i2-prod.dailystar.co.uk/incoming/article29490880.ece/ALTERNATES/s615b/0_Screenshot-2023-03-18-at-084526.jpg
2026-08-29 22:41:02,154 - INFO - downloader - image #27	https://thumbs.dreamstime.com/b/stella-mccartney-adidas-party-los-angeles-feb-sophia-kianni-phoebe-gates-stella-mccartney-adidas-party-henson-268312476.jpg
2026-08-29 22:41:02,719 - INFO - parser - parsing result page https://www.bing.com/images/async?q=mia khalifa adidas party los angeles&first=40
2026-08-29 22:41:02,802 - INFO - downloader - image #28	https://i2-prod.dailystar.co.uk/article29729388.ece/ALTERNATES/s1200e/1_INSTA-Mia-Khalifa-goes-wild-at-pals-pool-party-with-twerking-contest-and-khalifa-kush-BANNER.jpg
2026-08-29 22:41:03,294 - INFO - downloader - image #29	https://s2-monet.glbimg.com/12MRa-igV9wAdW0wIBTKMeWmZys=/0x0:1080x1344/1000x0/smart/filters:strip_icc()/i.s3.glbimg.com/v1/AUTH_e7c91519bbbb4fadb4e509085746275d/internal_photos/bs/2023/y/A/SjYXobQ8A18PJL0rVY0g/snapinsta.app-1080-329184553-410664567933925-7227038427069417164-n.jpg
2026-08-29 22:41:03,531 - INFO - downloader - image #30	https://viapais.com.ar/resizer/5psEyXLZN0JsEnKhwATPtNvPHhg=/980x640/smart/filters:quality(75):format(webp)/cloudfront-us-east-1.images.arcpublishing.com/grupoclarin/5AQXKEPXCFGWFJU62ICUUW5T54.jpg
2026-08-29 22:41:03,577 - ERROR - downloader - Response status code 400, file https://media.gettyimages.com/id/1482505492/photo/marc-jacobs-i-d-the-pre-party-in-palm-springs.jpg
2026-08-29 22:41:03,848 - INFO - downloader - image #31	https://i2-prod.dailystar.co.uk/incoming/article28298425.ece/ALTERNATES/s615b/2_Mia-Khalifia-wows-fans-flashing-her-knickers-and-twerking-to-Arctic-Monkeys.jpg
2026-08-29 22:41:04,565 - ERROR - downloader - Response status code 403, file https://celebmafia.com/wp-content/uploads/2023/06/mia-khalifa-the-egonlab-menswear-spring-summer-2024-show-in-paris-06-21-2023-3.jpg
2026-08-29 22:41:05,007 - INFO - downloader - image #32	https://images.squarespace-cdn.com/content/v1/62c87a028de61452ec3fdda5/e8f89c88-7d08-4f62-9344-bb50c0d97c0d/adidas+Futbol+society+Los+Angeles+Lounge+Overall.jpg
2026-08-29 22:41:05,146 - INFO - downloader - image #33	https://image-cdn.hypb.st/https://hypebeast.com/image/2025/02/17/adidas-all-star-weekend-2025-feat.jpg
2026-08-29 22:41:05,570 - ERROR - downloader - Response status code 403, file https://celebmafia.com/wp-content/uploads/2025/06/mia-khalifa-debuts-edgy-front-row-look-in-paris-3_thumbnail.jpg
2026-08-29 22:41:05,963 - ERROR - downloader - Response status code 403, file https://celebmafia.com/wp-content/uploads/2023/06/mia-khalifa-the-egonlab-menswear-spring-summer-2024-show-in-paris-06-21-2023-0.jpg
2026-08-29 22:41:05,991 - INFO - downloader - image #34	https://laopinion.com/wp-content/uploads/sites/3/2023/06/Mia-Khalifa-e1686014167331.jpg
2026-08-29 22:41:06,081 - INFO - downloader - image #35	https://image-cdn.hypb.st/https://hypebeast.com/image/2023/04/wiz-khalifa-mia-khalifa-collaboration-announcement-info-000.jpg
2026-08-29 22:41:06,104 - INFO - downloader - image #36	https://viapais.com.ar/resizer/-sXLWlOSo-oPOWisqh99uV9Yc84=/980x640/smart/filters:quality(75):format(webp)/cloudfront-us-east-1.images.arcpublishing.com/grupoclarin/O4SQS7X42JEXHBJ25ZK6XAGFBQ.jpg
2026-08-29 22:41:06,525 - ERROR - downloader - Response status code 400, file https://www.narcity.com/media-library/mia-khalifa-on-tiktok-right-mia-khalifa-at-a-bachelorette-party-in-2016.jpg
2026-08-29 22:41:07,391 - INFO - downloader - image #37	https://images.squarespace-cdn.com/content/v1/5464e1f1e4b0960715e59be9/1485179233399-WMVYT7YWWMV93G7B4JXS/adidaseqt_day02_0000h_00823.jpg
2026-08-29 22:41:08,993 - INFO - downloader - image #38	https://www.parlons-basket.com/wp-content/uploads/2023/01/NBA-Mia-Khalifa-All-Star-Bulls.jpg
2026-08-29 22:41:09,040 - INFO - downloader - image #39	https://highxtar.com/wp-content/uploads/2023/05/highxtar-mia-khalifa-1.jpg
2026-08-29 22:41:09,921 - INFO - parser - parsing result page https://www.bing.com/images/async?q=mia khalifa adidas party los angeles&first=60
2026-08-29 22:41:10,102 - ERROR - downloader - Response status code 404, file https://sun1-29.userapi.com/s/v1/ig1/_RvoMSyLCrlKX_enATEWO25ApneZ599cINVSYUgt6VYn5pDFYIIsF_Y20em1prwErjG0cUHV.jpg
2026-08-29 22:41:10,805 - INFO - downloader - image #40	https://www.highsnobiety.com/static-assets/dato/1740946988-clot-adidas-gazele-crepe-sole-0.jpg
2026-08-29 22:41:11,133 - INFO - downloader - image #41	https://www.highsnobiety.com/static-assets/dato/1748623209-adidas-superstar-vintage.jpg
2026-08-29 22:41:11,247 - ERROR - downloader - Response status code 400, file https://media.gettyimages.com/id/1457359214/photo/paris-france-mia-khalifa-attends-the-bluemarble-menswear-fall-winter-2023-2024-show-as-part.jpg
2026-08-29 22:41:11,591 - INFO - downloader - image #42	https://c8.alamy.com/comp/2WNNXFD/paris-france-03rd-mar-2024-mia-khalifa-attending-the-mugler-show-during-pfw-in-paris-france-on-march-3-2024-photo-by-julien-reynaudaps-mediasabacapresscom-credit-abaca-pressalamy-live-news-2WNNXFD.jpg
2026-08-29 22:41:12,244 - INFO - downloader - image #43	https://i2-prod.dailystar.co.uk/article29729393.ece/ALTERNATES/s1023/1_INSTA-Mia-Khalifa-goes-wild-at-pals-pool-party-with-twerking-contest-and-khalifa-kush-BANNER.jpg
2026-08-29 22:41:12,366 - INFO - downloader - image #44	https://c8.alamy.com/comp/2MXKPJH/los-angeles-feb-2-paris-jackson-at-the-stella-mccartney-x-adidas-party-at-the-henson-recording-studio-on-february-2-2023-in-los-angeles-ca-2MXKPJH.jpg
2026-08-29 22:41:12,740 - INFO - downloader - image #45	https://www.albawaba.com/sites/default/files/styles/d06_standard/public/2025-03/MixCollage-19-Mar-2025-06-04-AM-1505.jpg
2026-08-29 22:41:13,118 - ERROR - downloader - Response status code 400, file https://media.gettyimages.com/id/1469002945/photo/milan-italy-mia-khalifa-in-the-gcdss-backstage-after-the-show-in-milan-during-the-milan.jpg
2026-08-29 22:41:15,433 - INFO - parser - parsing result page https://www.bing.com/images/async?q=mia khalifa adidas party los angeles&first=80
2026-08-29 22:41:15,580 - INFO - downloader - image #46	https://data2.nssmag.com/images/galleries/31821/cover-block-party(1).jpg
2026-08-29 22:41:16,262 - INFO - downloader - image #47	https://www.highsnobiety.com/static-assets/dato/1748979866-adidas-goukana-0.jpg
2026-08-29 22:41:16,602 - INFO - downloader - image #48	https://phantom-marca-mx.unidadeditorial.es/49c3039a8f4f37f75f84b9d444b345f5/resize/1200/f/jpg/mx/assets/multimedia/imagenes/2023/04/12/16813061189732.jpg
2026-08-29 22:41:16,980 - INFO - downloader - image #49	https://www.viapais.com.ar/resizer/v2/BAOF4SO3Z5CDPO774YPFZLH5IA.jpg
2026-08-29 22:41:17,540 - INFO - downloader - image #50	https://www.highsnobiety.com/static-assets/dato/1741531749-clot-adidas-stan-smith-espadrille.jpg
2026-08-29 22:41:17,761 - INFO - downloader - image #51	https://static.spotboye.com/uploads/Mia_(15)_2022-12-15-12-6-25_thumbnail.jpg
2026-08-29 22:41:18,230 - INFO - downloader - image #52	https://www.highsnobiety.com/static-assets/dato/1752166850-adidas-samba-wtr-shoe-1.jpg
2026-08-29 22:41:18,544 - INFO - downloader - image #53	https://static.jewishnews.co.uk/jewishnews/uploads/2023/07/Twitter.jpg
2026-08-29 22:41:18,780 - ERROR - downloader - Response status code 403, file https://celebmafia.com/wp-content/uploads/2023/06/mia-khalifa-louis-vuitton-menswear-spring-summer-2024-show-in-paris-06-20-2023-6.jpg
2026-08-29 22:41:18,854 - ERROR - downloader - Response status code 403, file https://celebmafia.com/wp-content/uploads/2023/06/mia-khalifa-louis-vuitton-menswear-spring-summer-2024-show-in-paris-06-20-2023-2.jpg
2026-08-29 22:41:19,205 - ERROR - downloader - Response status code 403, file https://celebmafia.com/wp-content/uploads/2023/06/mia-khalifa-louis-vuitton-menswear-spring-summer-2024-show-in-paris-06-20-2023-0.jpg
2026-08-29 22:41:19,851 - INFO - downloader - image #54	https://cdn.sanity.io/images/c1chvb1i/production/51d2a05f20ebfc332be2c9dcce872120c141c3e4-646x430.jpg
2026-08-29 22:41:21,089 - INFO - downloader - image #55	https://i2-prod.dailystar.co.uk/article29729391.ece/ALTERNATES/s1200e/2_INSTA-Mia-Khalifa-goes-wild-at-pals-pool-party-with-twerking-contest-and-khalifa-kush-BANNER.jpg
2026-08-29 22:41:21,150 - INFO - downloader - image #56	https://highxtar.com/wp-content/uploads/2023/07/Thumb_MiaKhalifa_2023_Web_Nueva-973x730.jpg
2026-08-29 22:41:21,651 - INFO - downloader - image #57	https://wallpapercave.com/wp/wp2158286.jpg
2026-08-29 22:41:21,663 - INFO - downloader - image #58	https://image-cdn.hypb.st/https://hypebeast.com/wp-content/blogs.dir/6/files/2023/07/miaTW.jpg
2026-08-29 22:41:22,131 - ERROR - downloader - Response status code 400, file https://media.gettyimages.com/id/101653447/photo/manchester-england-audience-attends-adidas-host-the-street-party-at-coronation-street-itv.jpg
2026-08-29 22:41:22,295 - INFO - downloader - image #59	https://images.ra.co/074eedc909f4993aa3bf78fbc754457178846850.jpg
2026-08-29 22:41:22,424 - INFO - parser - parsing result page https://www.bing.com/images/async?q=mia khalifa adidas party los angeles&first=100
2026-08-29 22:41:23,194 - INFO - downloader - image #60	https://viapais.com.ar/resizer/pi7U-WAJSwnp54KD431rqlSMU1o=/1023x1278/smart/cloudfront-us-east-1.images.arcpublishing.com/grupoclarin/7B2XSODC7VHLJKOQFW3PWAGRIY.jpg
2026-08-29 22:41:23,244 - INFO - downloader - image #61	https://c8.alamy.com/comp/2MXKPWY/los-angeles-feb-2-demi-lovato-at-the-stella-mccartney-x-adidas-party-at-the-henson-recording-studio-on-february-2-2023-in-los-angeles-ca-2MXKPWY.jpg
2026-08-29 22:41:23,628 - INFO - downloader - image #62	https://d.newsweek.com/en/full/2296063/mia-khalifa.jpg
2026-08-29 22:41:23,825 - ERROR - downloader - Response status code 403, file https://www.miamiamine.com/wp-content/uploads/2024/08/fashion-blogger-adidas-samba-sneaker-outfit.jpg
2026-08-29 22:41:24,365 - INFO - downloader - image #63	https://i.pinimg.com/736x/6a/c6/e3/6ac6e3d46df3e59b91cf7bd3d33d0ee9.jpg
2026-08-29 22:41:24,634 - INFO - downloader - image #64	https://cdn2.mediotiempo.com/uploads/media/2023/10/12/mia-khalifa-ha-brillado-en.jpg
2026-08-29 22:41:25,021 - INFO - downloader - image #65	https://static.spotboye.com/uploads/Mia_Khalifa_2022-1-19-9-26-53_thumbnail_2022-2-8-13-42-35_thumbnail_2022-2-18-10-13-48_thumbnail_2022-2-23-13-44-45_thumbnail_2022-3-1-12-0-28_thumbnail_2022-4-11-14-47-50_thumbnail.jpg
2026-08-29 22:41:25,062 - INFO - downloader - image #66	https://wallpapers.com/images/hd/mia-khalifa-pictures-wlbmtdpvqmkdionm.jpg
2026-08-29 22:41:26,411 - INFO - downloader - image #67	https://highxtar.com/wp-content/uploads/2023/04/highxtar-wiz-mia-khalifa.jpg
2026-08-29 22:41:26,780 - INFO - downloader - image #68	https://www.vanityteen.com/wp-content/uploads/2023/07/Mia-Khalifa-Dives-into-the-Fashion-World-with-Personal-Accessory-Brand-Sheytan-3-682x1024.jpg
2026-08-29 22:41:26,893 - INFO - downloader - image #69	https://i.pinimg.com/736x/a3/e9/10/a3e910a8c97ecdf1e41ab521fd1cc1c4.jpg
2026-08-29 22:41:27,492 - INFO - downloader - image #70	https://cdn.stayhappening.com/events5/banners/02e28bf872d2efc5eeafae1de94198fa3c3d930c79342cc3463e654e5547c3ba-rimg-w960-h960-gmir.jpg
2026-08-29 22:41:27,592 - INFO - downloader - image #71	https://d.newsweek.com/en/full/2329455/mia-khalifa.jpg
2026-08-29 22:41:27,676 - INFO - downloader - image #72	https://www.highsnobiety.com/static-assets/dato/1769879889-adidas-japan-sneakers-0.jpg
2026-08-29 22:41:28,439 - INFO - downloader - image #73	https://elhabanero.news/wp-content/uploads/2023/02/Mia-Khalifa-enciende-el-fuego-en-las-redes-con-tremendo-escote-1170x658.jpg
2026-08-29 22:41:29,076 - INFO - parser - no more page urls for thread parser-001 to parse
2026-08-29 22:41:29,076 - INFO - parser - thread parser-001 exit
2026-08-29 22:41:32,679 - INFO - downloader - no more download task for thread downloader-001
2026-08-29 22:41:32,679 - INFO - downloader - thread downloader-001 exit
2026-08-29 22:41:33,445 - INFO - downloader - no more download task for thread downloader-002
2026-08-29 22:41:33,445 - INFO - downloader - thread downloader-002 exit
2026-08-29 22:41:33,460 - INFO - icrawler.crawler - Crawling task done!
2026-08-29 22:41:34,497 - INFO - icrawler.crawler - start crawling...
2026-08-29 22:41:34,498 - INFO - icrawler.crawler - starting 1 feeder threads...
2026-08-29 22:41:34,499 - INFO - icrawler.crawler - starting 1 parser threads...
2026-08-29 22:41:34,499 - INFO - icrawler.crawler - starting 2 downloader threads...
2026-08-29 22:41:34,499 - INFO - feeder - thread feeder-001 exit
2026-08-29 22:41:35,282 - INFO - parser - parsing result page https://www.bing.com/images/async?q=mia khalifa hawtcelebs photocall&first=0
2026-08-29 22:41:35,865 - ERROR - downloader - Response status code 400, file https://media.gettyimages.com/id/2157709908/photo/dsquared2-s-s-2025-arrivals-photocall.jpg
2026-08-29 22:41:36,450 - INFO - downloader - image #1	https://www.hawtcelebs.com/wp-content/uploads/2024/03/mia-khalifa-at-schiaparelli-show-at-paris-fashion-week-02-29-2024-3.jpg
2026-08-29 22:41:36,905 - INFO - downloader - image #2	https://www.hawtcelebs.com/wp-content/uploads/2026/02/mia-khalifa-at-inside-adidas-x-entire-studios-launch-party-in-los-angeles-01-30-2026-3.jpg
2026-08-29 22:41:38,245 - INFO - downloader - image #3	https://www.hawtcelebs.com/wp-content/uploads/2026/03/mia-khalifa-instagram-photos-02-28-2026-25.jpg
2026-08-29 22:41:38,884 - INFO - downloader - image #4	https://www.hawtcelebs.com/wp-content/uploads/2026/03/mia-khalifa-instagram-photos-03-25-2026-1.jpg
2026-08-29 22:41:40,044 - INFO - downloader - image #5	https://www.hawtcelebs.com/wp-content/uploads/2026/03/mia-khalifa-instagram-photos-02-28-2026-31.jpg
2026-08-29 22:41:40,305 - ERROR - downloader - Response status code 400, file https://media.gettyimages.com/id/2201987839/photo/milan-italy-mia-khalifa-attends-the-photocall-ahead-of-the-dsquared2-f-w-2025-2026-runway.jpg
2026-08-29 22:41:40,548 - INFO - downloader - image #6	https://www.hawtcelebs.com/wp-content/uploads/2024/03/mia-khalifa-at-schiaparelli-show-at-paris-fashion-week-02-29-2024-5.jpg
2026-08-29 22:41:40,799 - INFO - downloader - image #7	https://www.hawtcelebs.com/wp-content/uploads/2026/06/mia-khalifa-instagram-photos-06-08-2026-3.jpg
2026-08-29 22:41:41,876 - INFO - downloader - image #8	https://www.hawtcelebs.com/wp-content/uploads/2023/09/mia-khalifa-at-saint-laurent-womenswear-spring-summer-2024-show-in-paris-09-26-2023-6_thumbnail.jpg
2026-08-29 22:41:42,402 - INFO - downloader - image #9	https://www.hawtcelebs.com/wp-content/uploads/2026/04/mia-khalifa-instagram-photos-03-31-2026-8.jpg
2026-08-29 22:41:42,697 - ERROR - downloader - Response status code 400, file https://media.gettyimages.com/id/2201986717/photo/milan-italy-mia-khalifa-attends-the-photocall-ahead-of-the-dsquared2-f-w-2025-2026-runway.jpg
2026-08-29 22:41:42,867 - INFO - downloader - image #10	https://www.hawtcelebs.com/wp-content/uploads/2023/02/mia-khalifa-at-gcds-fashion-show-at-milan-fashion-week-02-23-2023-1_thumbnail.jpg
2026-08-29 22:41:43,088 - INFO - downloader - image #11	https://www.hawtcelebs.com/wp-content/uploads/2023/09/mia-khalifa-at-mains-runway-show-in-london-09-16-2023-2.jpg
2026-08-29 22:41:43,337 - INFO - downloader - image #12	https://www.hawtcelebs.com/wp-content/uploads/2026/03/mia-khalifa-instagram-photos-02-28-2026-28.jpg
2026-08-29 22:41:43,389 - INFO - downloader - image #13	https://www.hawtcelebs.com/wp-content/uploads/2026/03/mia-khalifa-instagram-photos-02-28-2026-2.jpg
2026-08-29 22:41:43,513 - INFO - downloader - image #14	https://www.hawtcelebs.com/wp-content/uploads/2026/02/mia-khalifa-at-inside-adidas-x-entire-studios-launch-party-in-los-angeles-01-30-2026-1.jpg
2026-08-29 22:41:43,541 - INFO - downloader - image #15	https://www.hawtcelebs.com/wp-content/uploads/2025/06/mia-khalifa-at-dsquared2-f-w-25-26-runway-show-at-milan-fashion-week-02-25-2025-2.jpg
2026-08-29 22:41:43,686 - INFO - downloader - image #16	https://www.hawtcelebs.com/wp-content/uploads/2026/04/mia-khalifa-instagram-photos-04-05-2026-1.jpg
2026-08-29 22:41:43,866 - INFO - downloader - image #17	https://www.hawtcelebs.com/wp-content/uploads/2026/02/mia-khalifa-at-inside-adidas-x-entire-studios-launch-party-in-los-angeles-01-30-2026-2.jpg
2026-08-29 22:41:45,270 - INFO - downloader - image #18	https://www.hawtcelebs.com/wp-content/uploads/2023/09/mia-khalifa-at-mains-runway-show-in-london-09-16-2023-3.jpg
2026-08-29 22:41:45,679 - INFO - downloader - image #19	https://www.hawtcelebs.com/wp-content/uploads/2025/06/mia-khalifa-at-dsquared2-f-w-25-26-runway-show-at-milan-fashion-week-02-25-2025-5.jpg
2026-08-29 22:41:45,831 - INFO - downloader - image #20	https://www.hawtcelebs.com/wp-content/uploads/2026/02/mia-khalifa-at-inside-adidas-x-entire-studios-launch-party-in-los-angeles-01-30-2026-4.jpg
2026-08-29 22:41:46,452 - INFO - downloader - image #21	https://www.hawtcelebs.com/wp-content/uploads/2026/05/mia-khalifa-instagram-photos-05-19-2026-4.jpg
2026-08-29 22:41:47,000 - INFO - downloader - image #22	https://www.hawtcelebs.com/wp-content/uploads/2026/06/mia-khalifa-at-yohji-yamamoto-womenswear-fall-winter-2026-2027-show-at-paris-fashion-week-03-06-2026-2.jpg
2026-08-29 22:41:47,289 - ERROR - downloader - Response status code 400, file https://media.gettyimages.com/id/2201986379/nl/foto/milan-italy-mia-khalifa-attends-the-photocall-ahead-of-the-dsquared2-f-w-2025-2026-runway.jpg
2026-08-29 22:41:47,435 - INFO - downloader - image #23	https://www.hawtcelebs.com/wp-content/uploads/2024/03/mia-khalifa-at-off-white-fashion-show-in-paris-02-29-2024-1.jpg
2026-08-29 22:41:47,441 - INFO - parser - parsing result page https://www.bing.com/images/async?q=mia khalifa hawtcelebs photocall&first=20
2026-08-29 22:41:47,589 - INFO - downloader - image #24	https://www.hawtcelebs.com/wp-content/uploads/2024/03/mia-khalifa-at-schiaparelli-show-at-paris-fashion-week-02-29-2024-4.jpg
2026-08-29 22:41:49,336 - INFO - downloader - image #25	https://www.hawtcelebs.com/wp-content/uploads/2026/01/mia-khalifa-out-for-lunch-in-west-hollywood-01-29-2026-1.jpg
2026-08-29 22:41:51,048 - INFO - downloader - image #26	https://www.hawtcelebs.com/wp-content/uploads/2026/06/mia-khalifa-instagram-photos-06-22-2026-1.jpg
2026-08-29 22:41:51,337 - ERROR - downloader - Response status code 400, file https://media.gettyimages.com/id/2201987844/photo/dsquared2-f-w-2025-2026-arrivals-photocall.jpg
2026-08-29 22:41:51,479 - INFO - downloader - image #27	https://www.hawtcelebs.com/wp-content/uploads/2023/09/mia-khalifa-at-mains-runway-show-in-london-09-16-2023-3_thumbnail.jpg
2026-08-29 22:41:51,628 - INFO - downloader - image #28	https://www.hawtcelebs.com/wp-content/uploads/2023/09/mia-khalifa-at-saint-laurent-womenswear-spring-summer-2024-show-in-paris-09-26-2023-5.jpg
2026-08-29 22:41:51,815 - INFO - downloader - image #29	https://www.hawtcelebs.com/wp-content/uploads/2026/01/mia-khalifa-out-for-lunch-in-west-hollywood-01-29-2026-2.jpg
2026-08-29 22:41:53,644 - INFO - downloader - image #30	https://www.hawtcelebs.com/wp-content/uploads/2023/09/mia-khalifa-at-mains-runway-show-in-london-09-16-2023-1.jpg
2026-08-29 22:41:55,445 - INFO - downloader - image #31	https://www.hawtcelebs.com/wp-content/uploads/2026/02/mia-khalifa-at-inside-adidas-x-entire-studios-launch-party-in-los-angeles-01-30-2026-6.jpg
2026-08-29 22:41:56,192 - INFO - downloader - image #32	https://www.hawtcelebs.com/wp-content/uploads/2026/03/mia-khalifa-instagram-photos-02-28-2026-16.jpg
2026-08-29 22:41:56,564 - INFO - downloader - image #33	https://www.hawtcelebs.com/wp-content/uploads/2024/03/mia-khalifa-for-vogue-india-december-2023-11_thumbnail.jpg
2026-08-29 22:41:58,283 - INFO - downloader - image #34	https://www.hawtcelebs.com/wp-content/uploads/2023/03/mia-khalifa-at-acne-studios-fashion-show-in-paris-03-01-2023-4.jpg
2026-08-29 22:41:58,340 - INFO - downloader - image #35	https://www.hawtcelebs.com/wp-content/uploads/2026/03/mia-khalifa-instagram-photos-03-06-2026-1.jpg
2026-08-29 22:41:58,502 - INFO - downloader - image #36	https://www.hawtcelebs.com/wp-content/uploads/2026/04/mia-khalifa-instagram-photos-03-31-2026-11.jpg
2026-08-29 22:41:58,979 - INFO - parser - parsing result page https://www.bing.com/images/async?q=mia khalifa hawtcelebs photocall&first=40
2026-08-29 22:42:00,042 - INFO - downloader - image #37	https://www.hawtcelebs.com/wp-content/uploads/2026/04/mia-khalifa-instagram-photos-03-31-2026-7.jpg
2026-08-29 22:42:00,325 - INFO - downloader - image #38	https://www.hawtcelebs.com/wp-content/uploads/2026/04/mia-khalifa-instagram-photos-04-05-2026-4.jpg
2026-08-29 22:42:00,473 - INFO - downloader - image #39	https://www.hawtcelebs.com/wp-content/uploads/2025/06/mia-khalifa-at-dsquared2-f-w-25-26-runway-show-at-milan-fashion-week-02-25-2025-0.jpg
2026-08-29 22:42:01,620 - INFO - downloader - image #40	https://www.hawtcelebs.com/wp-content/uploads/2026/04/mia-khalifa-instagram-photos-03-31-2026-6.jpg
2026-08-29 22:42:03,015 - INFO - downloader - image #41	https://www.hawtcelebs.com/wp-content/uploads/2026/01/mia-khalifa-out-for-lunch-in-west-hollywood-01-29-2026-2_thumbnail.jpg
2026-08-29 22:42:03,583 - INFO - downloader - image #42	https://www.hawtcelebs.com/wp-content/uploads/2023/03/mia-khalifa-at-acne-studios-fashion-show-in-paris-03-01-2023-6_thumbnail.jpg
2026-08-29 22:42:04,621 - INFO - downloader - image #43	https://www.hawtcelebs.com/wp-content/uploads/2024/11/mia-khalifa-in-highxtar.-magazine-2024-23.jpg
2026-08-29 22:42:05,161 - INFO - downloader - image #44	https://www.hawtcelebs.com/wp-content/uploads/2023/03/mia-khalifa-at-acne-studios-fashion-show-in-paris-03-01-2023-5.jpg
2026-08-29 22:42:05,219 - INFO - downloader - image #45	https://www.hawtcelebs.com/wp-content/uploads/2024/03/mia-khalifa-for-vogue-india-december-2023-2.jpg
2026-08-29 22:42:05,463 - ERROR - downloader - Response status code 400, file https://media.gettyimages.com/id/2157709908/photo/milan-italy-mia-khalifa-attends-the-photocall-ahead-of-the-dsquared2-s-s-2025-runway-during.jpg
2026-08-29 22:42:06,443 - INFO - parser - parsing result page https://www.bing.com/images/async?q=mia khalifa hawtcelebs photocall&first=60
2026-08-29 22:42:07,618 - INFO - downloader - image #46	https://www.hawtcelebs.com/wp-content/uploads/2026/03/mia-khalifa-instagram-photos-02-28-2026-34.jpg
2026-08-29 22:42:08,431 - INFO - downloader - image #47	https://www.hawtcelebs.com/wp-content/uploads/2026/06/mia-khalifa-instagram-photos-06-19-2026-1.jpg
2026-08-29 22:42:09,122 - INFO - downloader - image #48	https://www.hawtcelebs.com/wp-content/uploads/2026/03/mia-khalifa-instagram-photos-03-11-2026-2.jpg
2026-08-29 22:42:10,901 - INFO - downloader - image #49	https://www.hawtcelebs.com/wp-content/uploads/2026/04/mia-khalifa-instagram-photos-04-05-2026-7.jpg
2026-08-29 22:42:11,368 - INFO - downloader - image #50	https://www.hawtcelebs.com/wp-content/uploads/2024/11/mia-khalifa-in-highxtar.-magazine-2024-6.jpg
2026-08-29 22:42:12,624 - INFO - downloader - image #51	https://www.hawtcelebs.com/wp-content/uploads/2026/06/mia-khalifa-at-yohji-yamamoto-womenswear-fall-winter-2026-2027-show-at-paris-fashion-week-03-06-2026-5.jpg
2026-08-29 22:42:15,121 - INFO - downloader - image #52	https://www.hawtcelebs.com/wp-content/uploads/2024/04/mia-khalifa-in-bikini-at-a-beach-in-miami-04-16-2024-2.jpg
2026-08-29 22:42:15,196 - INFO - downloader - image #53	https://www.hawtcelebs.com/wp-content/uploads/2026/03/mia-khalifa-instagram-photos-02-28-2026-27.jpg
2026-08-29 22:42:16,242 - INFO - downloader - image #54	https://www.hawtcelebs.com/wp-content/uploads/2026/04/mia-khalifa-instagram-photos-04-13-2026-4.jpg
2026-08-29 22:42:16,935 - INFO - downloader - image #55	https://www.hawtcelebs.com/wp-content/uploads/2024/11/mia-khalifa-in-highxtar.-magazine-2024-4.jpg
2026-08-29 22:42:18,061 - INFO - downloader - image #56	https://www.hawtcelebs.com/wp-content/uploads/2026/03/mia-khalifa-instagram-photos-03-30-2026-2.jpg
2026-08-29 22:42:19,293 - INFO - parser - parsing result page https://www.bing.com/images/async?q=mia khalifa hawtcelebs photocall&first=80
2026-08-29 22:42:19,884 - INFO - downloader - image #57	https://www.hawtcelebs.com/wp-content/uploads/2022/04/mia-khalifa-at-2022-latin-american-music-awards-in-las-vegas-04-21-2022-3.jpg
2026-08-29 22:42:20,858 - INFO - downloader - image #58	https://www.hawtcelebs.com/wp-content/uploads/2023/09/mia-khalifa-in-evening-standard-magazine-september-2023-4_thumbnail.jpg
2026-08-29 22:42:21,245 - ERROR - downloader - Response status code 403, file https://celebmafia.com/wp-content/uploads/2023/06/mia-khalifa-the-egonlab-menswear-spring-summer-2024-show-in-paris-06-21-2023-3.jpg
2026-08-29 22:42:21,594 - INFO - downloader - image #59	https://www.hawtcelebs.com/wp-content/uploads/2024/03/mia-khalifa-at-schiaparelli-show-at-paris-fashion-week-02-29-2024-2.jpg
2026-08-29 22:42:22,982 - INFO - downloader - image #60	https://www.hawtcelebs.com/wp-content/uploads/2026/03/mia-khalifa-instagram-photos-02-28-2026-36_thumbnail.jpg
2026-08-29 22:42:23,353 - INFO - downloader - image #61	https://www.hawtcelebs.com/wp-content/uploads/2026/03/mia-khalifa-instagram-photos-03-11-2026-1.jpg
2026-08-29 22:42:23,654 - ERROR - downloader - Response status code 400, file https://media.gettyimages.com/id/2201986666/photo/milan-italy-mia-khalifa-attends-the-photocall-ahead-of-the-dsquared2-f-w-2025-2026-runway.jpg
2026-08-29 22:42:24,357 - INFO - downloader - image #62	https://www.hawtcelebs.com/wp-content/uploads/2024/03/mia-khalifa-for-vogue-india-december-2023-3.jpg
2026-08-29 22:42:25,382 - INFO - downloader - image #63	https://www.hawtcelebs.com/wp-content/uploads/2023/03/mia-khalifa-at-acne-studios-fashion-show-in-paris-03-01-2023-6.jpg
2026-08-29 22:42:26,857 - INFO - downloader - image #64	https://www.hawtcelebs.com/wp-content/uploads/2026/04/mia-khalifa-instagram-photos-04-03-2026-3.jpg
2026-08-29 22:42:27,031 - INFO - downloader - image #65	https://www.hawtcelebs.com/wp-content/uploads/2026/04/mia-khalifa-instagram-photos-04-03-2026-1.jpg
2026-08-29 22:42:27,329 - INFO - downloader - image #66	https://www.hawtcelebs.com/wp-content/uploads/2026/03/mia-khalifa-instagram-photos-03-03-2026-2.jpg
2026-08-29 22:42:27,428 - INFO - downloader - image #67	https://www.hawtcelebs.com/wp-content/uploads/2026/03/mia-khalifa-instagram-photos-03-25-2026-3.jpg
2026-08-29 22:42:27,763 - INFO - downloader - image #68	https://www.hawtcelebs.com/wp-content/uploads/2024/03/mia-khalifa-at-off-white-fashion-show-in-paris-02-29-2024-3.jpg
2026-08-29 22:42:27,912 - INFO - downloader - image #69	https://www.hawtcelebs.com/wp-content/uploads/2026/03/mia-khalifa-instagram-photos-03-04-2026-6_thumbnail.jpg
2026-08-29 22:42:28,251 - INFO - parser - parsing result page https://www.bing.com/images/async?q=mia khalifa hawtcelebs photocall&first=100
2026-08-29 22:42:28,293 - INFO - downloader - image #70	https://www.hawtcelebs.com/wp-content/uploads/2026/04/mia-khalifa-instagram-photos-03-31-2026-4.jpg
2026-08-29 22:42:29,227 - INFO - downloader - image #71	https://www.hawtcelebs.com/wp-content/uploads/2026/06/mia-khalifa-instagram-photos-06-05-2026-1.jpg
2026-08-29 22:42:29,411 - INFO - downloader - image #72	https://www.hawtcelebs.com/wp-content/uploads/2026/06/mia-khalifa-at-yohji-yamamoto-womenswear-fall-winter-2026-2027-show-at-paris-fashion-week-03-06-2026-9_thumbnail.jpg
2026-08-29 22:42:30,131 - INFO - downloader - image #73	https://www.hawtcelebs.com/wp-content/uploads/2023/09/mia-khalifa-at-mains-runway-show-in-london-09-16-2023-0.jpg
2026-08-29 22:42:30,478 - INFO - downloader - image #74	https://www.hawtcelebs.com/wp-content/uploads/2026/03/mia-khalifa-instagram-photos-02-28-2026-30.jpg
2026-08-29 22:42:30,721 - ERROR - downloader - Response status code 400, file https://media.gettyimages.com/id/1392876891/photo/las-vegas-nevada-mia-khalifa-arrives-at-the-2022-latin-american-music-awards-at-michelob.jpg
2026-08-29 22:42:31,532 - INFO - downloader - image #75	https://www.hawtcelebs.com/wp-content/uploads/2026/03/mia-khalifa-instagram-photos-03-30-2026-1.jpg
2026-08-29 22:42:31,653 - INFO - downloader - image #76	https://cdn.imago-images.com/bild/st/0418410384/s.jpg
2026-08-29 22:42:32,185 - INFO - downloader - image #77	https://cdn.imago-images.com/bild/st/0418413975/s.jpg
2026-08-29 22:42:32,267 - INFO - downloader - image #78	https://cdn.imago-images.com/bild/st/0823593628/s.jpg
2026-08-29 22:42:32,523 - INFO - downloader - image #79	https://c8.alamy.com/comp/2XC6K4X/milan-italien-15th-june-2024-mia-khalifa-attends-dsquared2-springsummer-2025-runway-during-milan-fashion-week-menswear-on-june-2024-milan-italy-14062024-credit-dpaalamy-live-news-2XC6K4X.jpg
2026-08-29 22:42:32,690 - INFO - downloader - image #80	https://wallpapers.com/images/hd/mia-khalifa-pictures-4phzdxvmtpkx8n2l.jpg
2026-08-29 22:42:34,377 - INFO - downloader - image #81	https://www.hawtcelebs.com/wp-content/uploads/2024/03/mia-khalifa-at-schiaparelli-show-at-paris-fashion-week-02-29-2024-1.jpg
2026-08-29 22:42:34,668 - INFO - downloader - image #82	https://numero.com/wp-content/uploads/2024/06/GettyImages-1685293715.jpg
2026-08-29 22:42:34,733 - INFO - downloader - image #83	https://d.newsweek.com/en/full/2292361/mia-khalifa.jpg
2026-08-29 22:42:35,177 - INFO - downloader - image #84	https://cdn.imago-images.com/bild/st/0418413970/s.jpg
2026-08-29 22:42:35,310 - ERROR - downloader - Response status code 403, file https://celebmafia.com/wp-content/uploads/2023/06/mia-khalifa-the-egonlab-menswear-spring-summer-2024-show-in-paris-06-21-2023-0.jpg
2026-08-29 22:42:35,383 - INFO - downloader - image #85	https://c8.alamy.com/comp/2WNPDDF/paris-frankreich-03rd-mar-2024-mia-khalifa-attends-mugler-fallwinter-2024-runway-during-paris-fashion-week-on-february-2024-paris-france-03032024-credit-dpaalamy-live-news-2WNPDDF.jpg
2026-08-29 22:42:35,492 - INFO - downloader - image #86	https://d.newsweek.com/en/full/2296063/mia-khalifa.jpg
2026-08-29 22:42:35,773 - INFO - downloader - image #87	https://assets.newsweek.com/wp-content/uploads/2025/08/2329455-mia-khalifa.jpg
2026-08-29 22:42:35,978 - INFO - downloader - image #88	https://static1.purepeople.com/articles/4/51/44/94/@/7534712-mia-khalifa-photocall-du-defile-saint-580x0-2.jpg
2026-08-29 22:42:36,229 - ERROR - downloader - Response status code 403, file https://celebmafia.com/wp-content/uploads/2023/06/mia-khalifa-louis-vuitton-menswear-spring-summer-2024-show-in-paris-06-20-2023-6.jpg
2026-08-29 22:42:37,183 - INFO - parser - no more page urls for thread parser-001 to parse
2026-08-29 22:42:37,184 - INFO - parser - thread parser-001 exit
2026-08-29 22:42:41,238 - INFO - downloader - no more download task for thread downloader-001
2026-08-29 22:42:41,239 - INFO - downloader - thread downloader-001 exit
2026-08-29 22:42:41,247 - INFO - downloader - no more download task for thread downloader-002
2026-08-29 22:42:41,247 - INFO - downloader - thread downloader-002 exit
2026-08-29 22:42:41,739 - INFO - icrawler.crawler - Crawling task done!
2026-08-29 22:42:42,775 - INFO - icrawler.crawler - start crawling...
2026-08-29 22:42:42,775 - INFO - icrawler.crawler - starting 1 feeder threads...
2026-08-29 22:42:42,776 - INFO - icrawler.crawler - starting 1 parser threads...
2026-08-29 22:42:42,776 - INFO - icrawler.crawler - starting 2 downloader threads...
2026-08-29 22:42:42,776 - INFO - feeder - thread feeder-001 exit
2026-08-29 22:42:43,532 - INFO - parser - parsing result page https://www.bing.com/images/async?q=mia khalifa purepeople france&first=0
2026-08-29 22:42:43,813 - INFO - downloader - image #1	https://c8.alamy.com/comp/2WN14WA/paris-france-28th-feb-2024-mia-khalifa-attending-the-acne-studios-show-during-pfw-in-paris-france-on-february-28-2024-photo-by-julien-reynaudaps-mediasabacapresscom-credit-abaca-pressalamy-live-news-2WN14WA.jpg
2026-08-29 22:42:44,183 - ERROR - downloader - Response status code 400, file https://media.gettyimages.com/id/1500438568/photo/paris-france-mia-khalifa-attends-the-egonlab-menswear-spring-summer-2024-show-as-part-of.jpg
2026-08-29 22:42:44,486 - INFO - downloader - image #2	https://c8.alamy.com/comp/3BMNFFK/paris-frankreich-27th-june-2025-mia-khalifa-attends-willy-chavarria-spring-summer-2026-runway-during-paris-fashion-week-menswear-on-june-2025-paris-france-27062025-credit-dpaalamy-live-news-3BMNFFK.jpg
2026-08-29 22:42:44,854 - ERROR - downloader - Response status code 400, file https://media.gettyimages.com/id/1500438550/photo/paris-france-mia-khalifa-attends-the-egonlab-menswear-spring-summer-2024-show-as-part-of.jpg
2026-08-29 22:42:45,103 - ERROR - downloader - Response status code 400, file https://media.gettyimages.com/id/2222485754/photo/paris-france-mia-khalifa-attends-the-kenzo-menswear-spring-summer-2026-show-as-part-of-paris.jpg
2026-08-29 22:42:45,273 - ERROR - downloader - Response status code 400, file https://media.gettyimages.com/id/1457729719/photo/paris-france-mia-khalifa-attends-the-louis-vuitton-menswear-fall-winter-2023-2024-show-as.jpg
2026-08-29 22:42:45,378 - INFO - downloader - image #3	https://c8.alamy.com/comp/3BMNFC7/paris-frankreich-27th-june-2025-mia-khalifa-attends-willy-chavarria-spring-summer-2026-runway-during-paris-fashion-week-menswear-on-june-2025-paris-france-27062025-credit-dpaalamy-live-news-3BMNFC7.jpg
2026-08-29 22:42:45,474 - INFO - downloader - image #4	https://c8.alamy.com/comp/2WNPP65/mia-khalifa-attending-the-mugler-womenswear-fallwinter-2024-2025-show-as-part-of-paris-fashion-week-in-paris-france-on-march-03-2024-photo-by-aurore-marechalabacapresscom-2WNPP65.jpg
2026-08-29 22:42:45,722 - ERROR - downloader - Response status code 400, file https://media.gettyimages.com/id/2222465692/photo/paris-france-mia-khalifa-attends-the-willy-chavarria-menswear-spring-summer-2026-show-as-part.jpg
2026-08-29 22:42:45,755 - ERROR - downloader - Response status code 400, file https://media.gettyimages.com/id/2047881064/photo/paris-france-mia-khalifa-attends-the-off-white-womenswear-fall-winter-2024-2025-show-as-part.jpg
2026-08-29 22:42:46,006 - ERROR - downloader - Response status code 400, file https://media.gettyimages.com/id/2046274293/es/foto/paris-france-mia-khalifa-attends-the-acne-studios-womenswear-fall-winter-2024-2025-show-as.jpg
2026-08-29 22:42:46,269 - ERROR - downloader - Response status code 400, file https://media.gettyimages.com/id/2058532504/photo/paris-france-mia-khalifa-attends-the-mugler-womenswear-fall-winter-2024-2025-show-as-part-of.jpg
2026-08-29 22:42:46,381 - ERROR - downloader - Response status code 400, file https://media.gettyimages.com/id/2047881069/photo/paris-france-mia-khalifa-attends-the-off-white-womenswear-fall-winter-2024-2025-show-as-part.jpg
2026-08-29 22:42:46,515 - ERROR - downloader - Response status code 400, file https://media.gettyimages.com/id/1500125434/photo/paris-france-mia-khalifa-attends-the-louis-vuitton-menswear-spring-summer-2024-show-as-part.jpg
2026-08-29 22:42:46,679 - ERROR - downloader - Response status code 400, file https://media.gettyimages.com/id/2056353318/es/foto/paris-france-mia-khalifa-attends-the-mugler-womenswear-fall-winter-2024-2025-show-as-part-of.jpg
2026-08-29 22:42:46,768 - ERROR - downloader - Response status code 400, file https://media.gettyimages.com/id/2222485752/es/foto/paris-france-mia-khalifa-attends-the-kenzo-menswear-spring-summer-2026-show-as-part-of-paris.jpg
2026-08-29 22:42:46,939 - ERROR - downloader - Response status code 400, file https://media.gettyimages.com/id/2058532263/photo/paris-france-mia-khalifa-attends-the-mugler-womenswear-fall-winter-2024-2025-show-as-part-of.jpg
2026-08-29 22:42:47,279 - ERROR - downloader - Response status code 400, file https://media.gettyimages.com/id/1702768346/photo/paris-france-mia-khalifa-attends-the-saint-laurent-womenswear-spring-summer-2024-show-as-part.jpg
2026-08-29 22:42:47,512 - INFO - downloader - image #5	https://c8.alamy.com/comp/2WNPDEA/mia-khalifa-attends-mugler-fallwinter-2024-runway-during-paris-fashion-week-on-february-2024-paris-france-03032024-2WNPDEA.jpg
2026-08-29 22:42:47,536 - ERROR - downloader - Response status code 400, file https://media.gettyimages.com/id/1500125456/photo/paris-france-mia-khalifa-attends-the-louis-vuitton-menswear-spring-summer-2024-show-as-part.jpg
2026-08-29 22:42:47,774 - ERROR - downloader - Response status code 400, file https://media.gettyimages.com/id/2058534616/fr/photo/paris-france-mia-khalifa-attends-the-mugler-womenswear-fall-winter-2024-2025-show-as-part-of.jpg
2026-08-29 22:42:47,824 - ERROR - downloader - Response status code 400, file https://media.gettyimages.com/id/1702930122/es/foto/paris-france-mia-khalifa-attends-the-saint-laurent-womenswear-spring-summer-2024-show-as-part.jpg
2026-08-29 22:42:47,910 - INFO - downloader - image #6	https://c8.alamy.com/compfr/2wn14wk/paris-france-28-fevrier-2024-mia-khalifa-assiste-au-salon-acne-studios-pendant-pfw-a-paris-france-le-28-fevrier-2024-photo-de-julien-reynaud-aps-medias-abacapress-com-credit-abaca-press-alamy-live-news-2wn14wk.jpg
2026-08-29 22:42:48,070 - ERROR - downloader - Response status code 400, file https://media.gettyimages.com/id/1500438569/es/foto/paris-france-mia-khalifa-attends-the-egonlab-menswear-spring-summer-2024-show-as-part-of-paris.jpg
2026-08-29 22:42:48,338 - ERROR - downloader - Response status code 400, file https://media.gettyimages.com/id/1470603772/photo/paris-france-mia-khalifa-attends-the-acne-studios-womenswear-fall-winter-2023-2024-show-as.jpg
2026-08-29 22:42:48,451 - INFO - downloader - image #7	https://c8.alamy.com/compfr/2wn14tn/paris-france-28-fevrier-2024-mia-khalifa-assiste-au-salon-acne-studios-pendant-pfw-a-paris-france-le-28-fevrier-2024-photo-de-julien-reynaud-aps-medias-abacapress-com-credit-abaca-press-alamy-live-news-2wn14tn.jpg
2026-08-29 22:42:48,598 - ERROR - downloader - Response status code 400, file https://media.gettyimages.com/id/2238536591/pt/foto/paris-france-mia-khalifa-and-wisdom-kaye-attend-the-casablanca-womenswear-spring-summer-2026.jpg
2026-08-29 22:42:48,673 - INFO - downloader - image #8	https://c8.alamy.com/comp/2WNNXFD/paris-france-03rd-mar-2024-mia-khalifa-attending-the-mugler-show-during-pfw-in-paris-france-on-march-3-2024-photo-by-julien-reynaudaps-mediasabacapresscom-credit-abaca-pressalamy-live-news-2WNNXFD.jpg
2026-08-29 22:42:48,771 - ERROR - downloader - Response status code 400, file https://media.gettyimages.com/id/2046172820/es/foto/paris-france-mia-khalifa-attends-the-acne-studios-womenswear-fall-winter-2024-2025-show-as.jpg
2026-08-29 22:42:48,854 - INFO - downloader - image #9	https://c8.alamy.com/comp/2WNPDET/mia-khalifa-attends-mugler-fallwinter-2024-runway-during-paris-fashion-week-on-february-2024-paris-france-03032024-2WNPDET.jpg
2026-08-29 22:42:48,905 - INFO - downloader - image #10	https://static1.purepeople.com/articles/4/52/03/04/@/7644005-mia-khalifa-au-photocall-du-defile-acne-1200x0-2.jpg
2026-08-29 22:42:49,080 - INFO - parser - parsing result page https://www.bing.com/images/async?q=mia khalifa purepeople france&first=20
2026-08-29 22:42:49,149 - ERROR - downloader - Response status code 400, file https://media.gettyimages.com/id/2046274301/es/foto/paris-france-mia-khalifa-attends-the-acne-studios-womenswear-fall-winter-2024-2025-show-as.jpg
2026-08-29 22:42:49,165 - ERROR - downloader - Response status code 400, file https://media.gettyimages.com/id/1500438567/es/foto/paris-france-mia-khalifa-attends-the-egonlab-menswear-spring-summer-2024-show-as-part-of-paris.jpg
2026-08-29 22:42:49,403 - ERROR - downloader - Response status code 400, file https://media.gettyimages.com/id/1458037530/fr/photo/paris-france-mia-khalifa-attends-the-kenzo-menswear-fall-winter-2023-2024-show-as-part-of.jpg
2026-08-29 22:42:49,463 - ERROR - downloader - Response status code 400, file https://media.gettyimages.com/id/2046115778/pt/vídeo/paris-france-mia-khalifa-attends-the-acne-studios-womenswear-fall-winter-2024-2025-show-as.jpg
2026-08-29 22:42:49,708 - ERROR - downloader - Response status code 400, file https://media.gettyimages.com/id/2222465672/photo/paris-france-mia-khalifa-attends-the-willy-chavarria-menswear-spring-summer-2026-show-as-part.jpg
2026-08-29 22:42:49,799 - ERROR - downloader - Response status code 400, file https://media.gettyimages.com/id/1500125439/fr/photo/paris-france-mia-khalifa-attends-the-louis-vuitton-menswear-spring-summer-2024-show-as-part.jpg
2026-08-29 22:42:49,957 - ERROR - downloader - Response status code 400, file https://media.gettyimages.com/id/1470603768/photo/paris-france-mia-khalifa-attends-the-acne-studios-womenswear-fall-winter-2023-2024-show-as.jpg
2026-08-29 22:42:50,255 - ERROR - downloader - Response status code 400, file https://media.gettyimages.com/id/1457729627/photo/paris-france-mia-khalifa-attends-the-louis-vuitton-menswear-fall-winter-2023-2024-show-as.jpg
2026-08-29 22:42:50,481 - INFO - downloader - image #11	https://l450v.alamy.com/450v/2wnpddf/paris-frankreich-03rd-mar-2024-mia-khalifa-attends-mugler-fallwinter-2024-runway-during-paris-fashion-week-on-february-2024-paris-france-03032024-credit-dpaalamy-live-news-2wnpddf.jpg
2026-08-29 22:42:50,507 - ERROR - downloader - Response status code 400, file https://media.gettyimages.com/id/1500137789/es/foto/paris-france-mia-khalifa-attends-the-louis-vuitton-menswear-spring-summer-2024-show-as-part-of.jpg
2026-08-29 22:42:50,542 - INFO - downloader - image #12	https://static1.purepeople.com/articles/4/51/44/94/@/7534712-mia-khalifa-photocall-du-defile-saint-580x0-2.jpg
2026-08-29 22:42:51,154 - ERROR - downloader - Response status code 400, file https://media.gettyimages.com/id/1458037556/fr/photo/paris-france-mia-khalifa-attends-the-kenzo-menswear-fall-winter-2023-2024-show-as-part-of.jpg
2026-08-29 22:42:51,407 - ERROR - downloader - Response status code 400, file https://media.gettyimages.com/id/2047881066/photo/paris-france-mia-khalifa-attends-the-off-white-womenswear-fall-winter-2024-2025-show-as-part.jpg
2026-08-29 22:42:51,569 - INFO - downloader - image #13	https://i2-prod.dailystar.co.uk/incoming/article30293785.ece/ALTERNATES/s810/1_Bluemarble-show-Front-Row-Spring-Summer-2024-Paris-Fashion-Week-Mens-France-21-Jun-2023.jpg
2026-08-29 22:42:51,665 - ERROR - downloader - Response status code 400, file https://media.gettyimages.com/id/2046274301/nl/foto/paris-france-mia-khalifa-attends-the-acne-studios-womenswear-fall-winter-2024-2025-show-as.jpg
2026-08-29 22:42:51,867 - ERROR - downloader - Response status code 400, file https://media.gettyimages.com/id/1702930125/photo/paris-france-mia-khalifa-attends-the-saint-laurent-womenswear-spring-summer-2024-show-as-part.jpg
2026-08-29 22:42:52,029 - INFO - parser - parsing result page https://www.bing.com/images/async?q=mia khalifa purepeople france&first=40
2026-08-29 22:42:52,176 - ERROR - downloader - Response status code 400, file https://media.gettyimages.com/id/1500137792/fr/photo/paris-france-mia-khalifa-attends-the-louis-vuitton-menswear-spring-summer-2024-show-as-part.jpg
2026-08-29 22:42:52,418 - INFO - downloader - image #14	https://c8.alamy.com/comp/2WNPP3X/mia-khalifa-attending-the-mugler-womenswear-fallwinter-2024-2025-show-as-part-of-paris-fashion-week-in-paris-france-on-march-03-2024-photo-by-aurore-marechalabacapresscom-2WNPP3X.jpg
2026-08-29 22:42:52,430 - ERROR - downloader - Response status code 400, file https://media.gettyimages.com/id/1702930122/fr/photo/paris-france-mia-khalifa-attends-the-saint-laurent-womenswear-spring-summer-2024-show-as-part.jpg
2026-08-29 22:42:52,763 - ERROR - downloader - Response status code 400, file https://media.gettyimages.com/id/2047881065/photo/paris-france-mia-khalifa-attends-the-off-white-womenswear-fall-winter-2024-2025-show-as-part.jpg
2026-08-29 22:42:52,820 - ERROR - downloader - Response status code 400, file https://media.gettyimages.com/id/1500436334/video/paris-france-mia-khalifa-is-seen-outside-bluemarble-during-the-menswear-spring-summer-2024-as.jpg
2026-08-29 22:42:53,064 - ERROR - downloader - Response status code 400, file https://media.gettyimages.com/id/1457359214/photo/paris-france-mia-khalifa-attends-the-bluemarble-menswear-fall-winter-2023-2024-show-as-part.jpg
2026-08-29 22:42:53,494 - INFO - downloader - image #15	https://cdn.imago-images.com/bild/st/0418413975/s.jpg
2026-08-29 22:42:53,773 - INFO - downloader - image #16	https://cdn.imago-images.com/bild/st/0419269203/s.jpg
2026-08-29 22:42:53,793 - ERROR - downloader - Response status code 400, file https://media.gettyimages.com/id/1457768982/photo/paris-france-mia-khalifa-seen-wearing-an-oversized-white-and-red-striped-blouse-and-white.jpg
2026-08-29 22:42:53,849 - INFO - downloader - image #17	https://c8.alamy.com/comp/2MB2GP8/paris-france-19th-jan-2023-mia-khalifa-attending-the-louis-vuitton-menswear-fall-winter-2023-2024-show-as-part-of-paris-fashion-week-in-paris-france-on-january-19-2023-photo-by-aurore-marechalabacapresscom-credit-abaca-pressalamy-live-news-2MB2GP8.jpg
2026-08-29 22:42:54,037 - ERROR - downloader - Response status code 400, file https://media.gettyimages.com/id/1500496519/fr/photo/paris-france-mia-khalifa-wears-orange-squared-sunglasses-gold-necklaces-a-multicolored-print.jpg
2026-08-29 22:42:54,145 - ERROR - downloader - Response status code 400, file https://media.gettyimages.com/id/1500496545/fr/photo/paris-france-mia-khalifa-wears-orange-squared-sunglasses-gold-necklaces-a-multicolored-print.jpg
2026-08-29 22:42:54,448 - ERROR - downloader - Response status code 400, file https://media.gettyimages.com/id/1501798825/es/foto/paris-france-mia-khalifa-attends-the-ludovic-de-saint-sernin-menswear-spring-summer-2024-show.jpg
2026-08-29 22:42:55,192 - INFO - downloader - image #18	https://c8.alamy.com/compfr/2wn14tg/paris-france-28-fevrier-2024-mia-khalifa-assiste-au-salon-acne-studios-pendant-pfw-a-paris-france-le-28-fevrier-2024-photo-de-julien-reynaud-aps-medias-abacapress-com-credit-abaca-press-alamy-live-news-2wn14tg.jpg
2026-08-29 22:42:55,442 - ERROR - downloader - Response status code 400, file https://media.gettyimages.com/id/1500137790/fr/photo/paris-france-mia-khalifa-attends-the-louis-vuitton-menswear-spring-summer-2024-show-as-part.jpg
2026-08-29 22:42:55,563 - INFO - parser - parsing result page https://www.bing.com/images/async?q=mia khalifa purepeople france&first=60
2026-08-29 22:42:56,452 - INFO - downloader - image #19	https://static1.purepeople.com.br/articles/1/38/27/31/@/4397905-mia-khalifa-criticou-anitta-nas-redes-so-1200x0-2.jpg
2026-08-29 22:42:56,828 - ERROR - downloader - Response status code 400, file https://media.gettyimages.com/id/2056890662/video/paris-france-mia-khalifa-attends-the-mugler-womenswear-fall-winter-2024-2025-show-as-part-of.jpg
2026-08-29 22:42:57,139 - ERROR - downloader - Response status code 400, file https://media.gettyimages.com/id/2238533167/es/foto/paris-france-mia-khalifa-attends-the-casablanca-womenswear-spring-summer-2026-show-as-part-of.jpg
2026-08-29 22:42:57,805 - ERROR - downloader - Response status code 400, file https://media.gettyimages.com/id/1470603769/fr/photo/paris-france-mia-khalifa-attends-the-acne-studios-womenswear-fall-winter-2023-2024-show-as.jpg
2026-08-29 22:42:58,307 - INFO - downloader - image #20	https://actulome.com/wp-content/uploads/2024/12/af6a9669-cb6e-40e2-8618-bceea1465799.jpg
2026-08-29 22:42:58,596 - INFO - downloader - image #21	https://c8.alamy.com/compfr/2wn14x3/paris-france-28-fevrier-2024-mia-khalifa-assiste-au-salon-acne-studios-pendant-pfw-a-paris-france-le-28-fevrier-2024-photo-de-julien-reynaud-aps-medias-abacapress-com-credit-abaca-press-alamy-live-news-2wn14x3.jpg
2026-08-29 22:42:58,612 - ERROR - downloader - Response status code 400, file https://media.gettyimages.com/id/2238533169/nl/foto/paris-france-mia-khalifa-attends-the-casablanca-womenswear-spring-summer-2026-show-as-part-of.jpg
2026-08-29 22:42:58,848 - ERROR - downloader - Response status code 400, file https://media.gettyimages.com/id/1702930124/photo/paris-france-mia-khalifa-attends-the-saint-laurent-womenswear-spring-summer-2024-show-as-part.jpg
2026-08-29 22:42:58,905 - ERROR - downloader - Response status code 400, file https://media.gettyimages.com/id/2046115768/video/paris-france-mia-khalifa-attends-the-acne-studios-womenswear-fall-winter-2024-2025-show-as.jpg
2026-08-29 22:42:59,150 - ERROR - downloader - Response status code 400, file https://media.gettyimages.com/id/2058532166/photo/paris-france-mia-khalifa-attends-the-mugler-womenswear-fall-winter-2024-2025-show-as-part-of.jpg
2026-08-29 22:42:59,398 - ERROR - downloader - Response status code 400, file https://media.gettyimages.com/id/1500496515/fr/photo/paris-france-mia-khalifa-wears-orange-squared-sunglasses-gold-necklaces-a-multicolored-print.jpg
2026-08-29 22:42:59,515 - ERROR - downloader - Response status code 400, file https://media.gettyimages.com/id/2047881068/photo/paris-france-mia-khalifa-attends-the-off-white-womenswear-fall-winter-2024-2025-show-as-part.jpg
2026-08-29 22:42:59,658 - ERROR - downloader - Response status code 400, file https://media.gettyimages.com/id/2221627821/photo/mia-khalifa-at-kenzo-paris-mens-spring-2026-front-row-at-maxims-de-paris-on-june-27-2025-in.jpg
2026-08-29 22:42:59,736 - INFO - downloader - image #22	https://static1.purepeople.com/articles/1/50/53/41/@/7368595-mia-khalifa-au-defile-de-mode-pret-a-por-1200x0-1.jpg
2026-08-29 22:42:59,768 - ERROR - downloader - Response status code 400, file https://media.gettyimages.com/id/2047881069/fr/photo/paris-france-mia-khalifa-attends-the-off-white-womenswear-fall-winter-2024-2025-show-as-part.jpg
2026-08-29 22:43:00,033 - ERROR - downloader - Response status code 400, file https://media.gettyimages.com/id/1500125456/fr/photo/paris-france-mia-khalifa-attends-the-louis-vuitton-menswear-spring-summer-2024-show-as-part.jpg
2026-08-29 22:43:00,079 - ERROR - downloader - Response status code 400, file https://media.gettyimages.com/id/2046285991/photo/paris-france-mia-khalifa-attends-the-acne-studios-womenswear-fall-winter-2024-2025-show-as.jpg
2026-08-29 22:43:00,438 - INFO - parser - parsing result page https://www.bing.com/images/async?q=mia khalifa purepeople france&first=80
2026-08-29 22:43:00,740 - ERROR - downloader - Response status code 400, file https://media.gettyimages.com/id/1457359185/photo/paris-france-mia-khalifa-attends-the-bluemarble-menswear-fall-winter-2023-2024-show-as-part.jpg
2026-08-29 22:43:00,803 - ERROR - downloader - Response status code 400, file https://media.gettyimages.com/id/1457768408/photo/paris-france-mia-khalifa-seen-wearing-an-oversized-white-and-red-striped-blouse-and-white.jpg
2026-08-29 22:43:01,040 - ERROR - downloader - Response status code 400, file https://media.gettyimages.com/id/1501799367/photo/paris-france-mia-khalifa-attends-the-ludovic-de-saint-sernin-menswear-spring-summer-2024-show.jpg
2026-08-29 22:43:01,052 - ERROR - downloader - Response status code 400, file https://media.gettyimages.com/id/2046173329/photo/paris-france-mia-khalifa-attends-the-acne-studios-womenswear-fall-winter-2024-2025-show-as.jpg
2026-08-29 22:43:01,355 - ERROR - downloader - Response status code 400, file https://media.gettyimages.com/id/2046274095/photo/paris-france-mia-khalifa-attends-the-acne-studios-womenswear-fall-winter-2024-2025-show-as.jpg
2026-08-29 22:43:01,699 - ERROR - downloader - Response status code 400, file https://media.gettyimages.com/id/2222485753/photo/paris-france-mia-khalifa-attends-the-kenzo-menswear-spring-summer-2026-show-as-part-of-paris.jpg
2026-08-29 22:43:01,903 - ERROR - downloader - Response status code 400, file https://media.gettyimages.com/id/1457187394/photo/paris-france-mia-khalifa-attends-the-egonlab-menswear-fall-winter-2023-2024-show-as-part-of.jpg
2026-08-29 22:43:01,989 - ERROR - downloader - Response status code 400, file https://media.gettyimages.com/id/2046115256/video/paris-france-mia-khalifa-attends-the-acne-studios-womenswear-fall-winter-2024-2025-show-as.jpg
2026-08-29 22:43:02,201 - ERROR - downloader - Response status code 400, file https://media.gettyimages.com/id/2265180691/fr/photo/paris-france-mia-khalifa-attends-the-yohji-yamamoto-womenswear-fall-winter-2026-2027-show-as.jpg
2026-08-29 22:43:02,248 - ERROR - downloader - Response status code 400, file https://media.gettyimages.com/id/2238535151/es/foto/paris-france-mia-khalifa-attends-the-casablanca-womenswear-spring-summer-2026-show-as-part-of.jpg
2026-08-29 22:43:02,545 - ERROR - downloader - Response status code 400, file https://media.gettyimages.com/id/1470603770/photo/paris-france-mia-khalifa-attends-the-acne-studios-womenswear-fall-winter-2023-2024-show-as.jpg
2026-08-29 22:43:02,842 - ERROR - downloader - Response status code 400, file https://media.gettyimages.com/id/1501930711/video/paris-france-mia-khalifa-poses-outside-the-ludovic-de-saint-sernin-menswear-spring-summer.jpg
2026-08-29 22:43:02,974 - INFO - downloader - image #23	https://c8.alamy.com/compfr/2wn6tyt/paris-france-29-fevrier-2024-mia-khalifa-assiste-au-salon-schiaparelli-automne-hiver-2024-2025-dans-le-cadre-de-la-fashion-week-a-paris-france-le-29-fevrier-2024-photo-par-aurore-marechal-abacapress-com-credit-abaca-press-alamy-live-news-2wn6tyt.jpg
2026-08-29 22:43:03,313 - ERROR - downloader - Response status code 400, file https://media.gettyimages.com/id/1702768346/fr/photo/paris-france-mia-khalifa-attends-the-saint-laurent-womenswear-spring-summer-2024-show-as-part.jpg
2026-08-29 22:43:03,684 - ERROR - downloader - Response status code 400, file https://media.gettyimages.com/id/1501798300/es/foto/paris-france-mia-khalifa-attends-the-ludovic-de-saint-sernin-menswear-spring-summer-2024-show.jpg
2026-08-29 22:43:03,685 - ERROR - downloader - Response status code 400, file https://media.gettyimages.com/id/1500496516/photo/paris-france-mia-khalifa-wears-orange-squared-sunglasses-gold-necklaces-a-multicolored-print.jpg
2026-08-29 22:43:03,997 - ERROR - downloader - Response status code 400, file https://media.gettyimages.com/id/2265129145/es/foto/paris-france-mia-khalifa-attends-the-yohji-yamamoto-womenswear-fall-winter-2026-2027-show-as.jpg
2026-08-29 22:43:04,119 - INFO - downloader - image #24	https://i2-prod.dailystar.co.uk/article30633502.ece/ALTERNATES/s615b/0_EGONlab-Eighth-Collection-Show-Elyse-Montmartre-Paris-Franc-le-de-France-France-21-Jun-2023.jpg
2026-08-29 22:43:04,251 - ERROR - downloader - Response status code 400, file https://media.gettyimages.com/id/2056889258/video/paris-france-mia-khalifa-attends-the-mugler-womenswear-fall-winter-2024-2025-show-as-part-of.jpg
2026-08-29 22:43:04,424 - ERROR - downloader - Response status code 400, file https://media.gettyimages.com/id/1500496514/photo/paris-france-mia-khalifa-wears-orange-squared-sunglasses-gold-necklaces-a-multicolored-print.jpg
2026-08-29 22:43:04,472 - INFO - parser - parsing result page https://www.bing.com/images/async?q=mia khalifa purepeople france&first=100
2026-08-29 22:43:04,582 - INFO - downloader - image #25	https://static1.purepeople.com/articles/8/39/44/78/@/5670545-mia-khalifa-sur-instagram-la-jeune-infl-580x326-1.jpg
2026-08-29 22:43:04,685 - ERROR - downloader - Response status code 400, file https://media.gettyimages.com/id/2047940662/fr/vidéo/paris-france-mia-khalifa-attends-the-off-white-womenswear-fall-winter-2024-2025-show-as-part.jpg
2026-08-29 22:43:04,885 - ERROR - downloader - Response status code 400, file https://media.gettyimages.com/id/2265131897/photo/paris-france-mia-khalifa-and-jid-attend-the-yohji-yamamoto-womenswear-fall-winter-2026-2027.jpg
2026-08-29 22:43:04,981 - ERROR - downloader - Response status code 400, file https://media.gettyimages.com/id/1470603771/fr/photo/paris-france-mia-khalifa-attends-the-acne-studios-womenswear-fall-winter-2023-2024-show-as.jpg
2026-08-29 22:43:05,232 - ERROR - downloader - Response status code 403, file https://celebmafia.com/wp-content/uploads/2023/06/mia-khalifa-the-egonlab-menswear-spring-summer-2024-show-in-paris-06-21-2023-3.jpg
2026-08-29 22:43:05,233 - ERROR - downloader - Response status code 400, file https://media.gettyimages.com/id/2238536591/es/foto/paris-france-mia-khalifa-and-wisdom-kaye-attend-the-casablanca-womenswear-spring-summer-2026.jpg
2026-08-29 22:43:05,535 - ERROR - downloader - Response status code 400, file https://media.gettyimages.com/id/1470603768/nl/foto/paris-france-mia-khalifa-attends-the-acne-studios-womenswear-fall-winter-2023-2024-show-as.jpg
2026-08-29 22:43:05,549 - ERROR - downloader - Response status code 400, file https://media.gettyimages.com/id/2046117370/video/paris-france-mia-khalifa-attends-the-acne-studios-womenswear-fall-winter-2024-2025-show-as.jpg
2026-08-29 22:43:05,790 - ERROR - downloader - Response status code 400, file https://media.gettyimages.com/id/1501930737/video/paris-france-mia-khalifa-poses-outside-the-ludovic-de-saint-sernin-menswear-spring-summer.jpg
2026-08-29 22:43:06,130 - ERROR - downloader - Response status code 400, file https://media.gettyimages.com/id/1500496518/es/foto/paris-france-mia-khalifa-wears-orange-squared-sunglasses-gold-necklaces-a-multicolored-print.jpg
2026-08-29 22:43:06,179 - INFO - downloader - image #26	https://static1.purepeople.com/articles/3/52/04/13/@/7646369-julia-fox-etait-presente-pour-assister-a-1200x0-3.jpg
2026-08-29 22:43:06,508 - ERROR - downloader - Response status code 403, file https://celebmafia.com/wp-content/uploads/2023/06/mia-khalifa-the-egonlab-menswear-spring-summer-2024-show-in-paris-06-21-2023-0.jpg
2026-08-29 22:43:06,700 - INFO - downloader - image #27	https://cdn.imago-images.com/bild/st/0835986931/s.jpg
2026-08-29 22:43:06,757 - ERROR - downloader - Response status code 400, file https://media.gettyimages.com/id/2046802113/photo/paris-france-mia-khalifa-attends-the-acne-studios-womenswear-fall-winter-2024-2025-show-as.jpg
2026-08-29 22:43:06,963 - ERROR - downloader - Response status code 400, file https://media.gettyimages.com/id/2046172808/photo/paris-france-mia-khalifa-attends-the-acne-studios-womenswear-fall-winter-2024-2025-show-as.jpg
2026-08-29 22:43:07,016 - ERROR - downloader - Response status code 400, file https://media.gettyimages.com/id/1501798298/photo/paris-france-mia-khalifa-attends-the-ludovic-de-saint-sernin-menswear-spring-summer-2024-show.jpg
2026-08-29 22:43:07,213 - ERROR - downloader - Response status code 400, file https://media.gettyimages.com/id/1470603821/fr/photo/paris-france-mia-khalifa-attends-the-acne-studios-womenswear-fall-winter-2023-2024-show-as.jpg
2026-08-29 22:43:07,704 - INFO - downloader - image #28	https://cdn.imago-images.com/bild/st/0418558685/s.jpg
2026-08-29 22:43:08,007 - ERROR - downloader - Response status code 400, file https://media.gettyimages.com/id/2238533167/ja/ストックフォト/paris-france-mia-khalifa-attends-the-casablanca-womenswear-spring-summer-2026-show-as-part.jpg
2026-08-29 22:43:08,703 - INFO - parser - no more page urls for thread parser-001 to parse
2026-08-29 22:43:08,703 - INFO - parser - thread parser-001 exit
2026-08-29 22:43:09,444 - INFO - downloader - image #29	https://www.parlons-basket.com/wp-content/uploads/2023/01/mia-khalifa-france-e1674294077843.jpg
2026-08-29 22:43:13,008 - INFO - downloader - no more download task for thread downloader-001
2026-08-29 22:43:13,009 - INFO - downloader - thread downloader-001 exit
2026-08-29 22:43:14,446 - INFO - downloader - no more download task for thread downloader-002
2026-08-29 22:43:14,446 - INFO - downloader - thread downloader-002 exit
2026-08-29 22:43:14,890 - INFO - icrawler.crawler - Crawling task done!
2026-08-29 22:43:15,915 - INFO - icrawler.crawler - start crawling...
2026-08-29 22:43:15,915 - INFO - icrawler.crawler - starting 1 feeder threads...
2026-08-29 22:43:15,915 - INFO - icrawler.crawler - starting 1 parser threads...
2026-08-29 22:43:15,916 - INFO - icrawler.crawler - starting 2 downloader threads...
2026-08-29 22:43:15,916 - INFO - feeder - thread feeder-001 exit
2026-08-29 22:43:16,424 - INFO - parser - parsing result page https://www.bing.com/images/async?q=site:imdb.com mia khalifa&first=0
2026-08-29 22:43:16,907 - ERROR - downloader - Response status code 403, file https://celebmafia.com/wp-content/uploads/2023/06/mia-khalifa-the-egonlab-menswear-spring-summer-2024-show-in-paris-06-21-2023-3.jpg
2026-08-29 22:43:17,032 - INFO - downloader - image #1	https://www.gluwee.com/wp-content/uploads/2022/10/Mia-Khalifa.jpg
2026-08-29 22:43:17,351 - ERROR - downloader - Response status code 403, file https://celebmafia.com/wp-content/uploads/2023/06/mia-khalifa-louis-vuitton-menswear-spring-summer-2024-show-in-paris-06-20-2023-6.jpg
2026-08-29 22:43:18,130 - ERROR - downloader - Response status code 400, file https://media.gettyimages.com/id/2049217312/photo/fashion-france-women-mugler-front-row.jpg
2026-08-29 22:43:20,235 - INFO - downloader - image #2	https://www.bladna.nl/img/jpg/mia-khalifa-marokko.jpg
2026-08-29 22:43:20,639 - INFO - downloader - image #3	https://d.newsweek.com/en/full/2292361/mia-khalifa.jpg
2026-08-29 22:43:21,056 - INFO - downloader - image #4	https://assets.newsweek.com/wp-content/uploads/2025/08/2329455-mia-khalifa.jpg
2026-08-29 22:43:21,620 - INFO - downloader - image #5	https://www.viapais.com.ar/resizer/v2/2KU3TWUVGFGTZFIVYM2XTYPLFU.jpg
2026-08-29 22:43:22,273 - ERROR - downloader - Response status code 400, file https://media.gettyimages.com/id/2049184329/photo/fashion-france-women-mugler-front-row.jpg
2026-08-29 22:43:22,695 - INFO - downloader - image #6	https://wallpapercave.com/wp/wp5543470.jpg
2026-08-29 22:43:23,146 - INFO - downloader - image #7	https://www.wikicelebs.com/wp-content/uploads/2023/06/Mia-Khalifa.jpg
2026-08-29 22:43:23,341 - ERROR - downloader - Exception caught when downloading file https://celebmafia.com/wp-content/uploads/2023/06/mia-khalifa-the-egonlab-menswear-spring-summer-2024-show-in-paris-06-21-2023-0.jpg, error: HTTPSConnectionPool(host='celebmafia.com', port=443): Read timed out. (read timeout=5), remaining retry times: 2
2026-08-29 22:43:23,703 - ERROR - downloader - Response status code 403, file https://celebmafia.com/wp-content/uploads/2023/06/mia-khalifa-the-egonlab-menswear-spring-summer-2024-show-in-paris-06-21-2023-0.jpg
2026-08-29 22:43:23,825 - INFO - downloader - image #8	https://variety.com/wp-content/uploads/2023/10/Mia-Khalifa-Playboy.jpg
2026-08-29 22:43:23,881 - INFO - downloader - image #9	https://viapais.com.ar/resizer/Q6qMbPSSJltZey8oLqdWHuLEgRs=/1023x1278/smart/cloudfront-us-east-1.images.arcpublishing.com/grupoclarin/S2LIPWR26FAEVMOY4NUPKQKFTI.jpg
2026-08-29 22:43:24,304 - INFO - downloader - image #10	https://images.catchnews.com/upload/2017/06/29/miakhalifa290617_87747_730x419.jpg
2026-08-29 22:43:24,431 - INFO - downloader - image #11	https://viapais.com.ar/resizer/EEmT95XTmgd08rpyymt6gcSsAsI=/1023x1278/smart/cloudfront-us-east-1.images.arcpublishing.com/grupoclarin/5GCOUYYS3JBBNIM7JXTPWU6PAI.jpg
2026-08-29 22:43:24,538 - ERROR - downloader - Response status code 400, file https://media.gettyimages.com/id/2041441188/photo/fashion-france-women-schiaparelli-arrivals.jpg
2026-08-29 22:43:24,851 - INFO - downloader - image #12	https://m.media-amazon.com/images/M/MV5BZjA0MDgyYmItNzkzMC00OTM2LThlYzktMWMxZWU3ZGNkNDI3XkEyXkFqcGc@._V1_FMjpg_UX1000_.jpg
2026-08-29 22:43:25,037 - ERROR - downloader - Response status code 403, file https://short-biography.com/wp-content/uploads/mia-khalifa/Mia-Callista.jpg
2026-08-29 22:43:25,403 - INFO - downloader - image #13	https://oldimg.emirates247.com/polopoly/images/2015/09/15/603631.jpg
2026-08-29 22:43:25,428 - INFO - downloader - image #14	https://www.gymbuddynow.com/storage/uploads/Mia-Khalifa_1670938163_1671104022.jpg
2026-08-29 22:43:25,519 - INFO - downloader - image #15	https://www.wikicelebs.com/wp-content/uploads/2023/06/Mia-Khalifa-also-known-as-Sarah-Joe-Chamoun.jpg
2026-08-29 22:43:25,810 - INFO - downloader - image #16	https://www.the961.com/wp-content/uploads/2025/01/Lebanon-Making-Videos-961.jpg
2026-08-29 22:43:25,962 - INFO - parser - parsing result page https://www.bing.com/images/async?q=site:imdb.com mia khalifa&first=20
2026-08-29 22:43:26,241 - INFO - parser - parsing result page https://www.bing.com/images/async?q=site:imdb.com mia khalifa&first=40
2026-08-29 22:43:26,488 - INFO - parser - parsing result page https://www.bing.com/images/async?q=site:imdb.com mia khalifa&first=60
2026-08-29 22:43:26,772 - INFO - parser - parsing result page https://www.bing.com/images/async?q=site:imdb.com mia khalifa&first=80
2026-08-29 22:43:27,037 - INFO - parser - parsing result page https://www.bing.com/images/async?q=site:imdb.com mia khalifa&first=100
2026-08-29 22:43:27,076 - INFO - downloader - image #17	https://dcusoqhsuupgy.cloudfront.net/cover/WfEed000_cover_with_play_icon.jpg
2026-08-29 22:43:28,147 - INFO - downloader - image #18	https://www.albawaba.net/sites/default/files/2021-05/4_0.jpg
2026-08-29 22:43:28,541 - INFO - downloader - image #19	https://static.jewishnews.co.uk/jewishnews/uploads/2023/07/Twitter.jpg
2026-08-29 22:43:29,066 - INFO - parser - no more page urls for thread parser-001 to parse
2026-08-29 22:43:29,067 - INFO - parser - thread parser-001 exit
2026-08-29 22:43:29,134 - ERROR - downloader - Response status code 403, file https://celebmafia.com/wp-content/uploads/2023/06/mia-khalifa-louis-vuitton-menswear-spring-summer-2024-show-in-paris-06-20-2023-0.jpg
2026-08-29 22:43:29,600 - INFO - downloader - image #20	https://pbs.twimg.com/media/HFgyr2dbwAAZjWx.jpg
2026-08-29 22:43:29,603 - INFO - downloader - image #21	https://images.news18.com/ibnkhabar/uploads/2015/09/Mia-Khalifa11.jpg
2026-08-29 22:43:34,602 - INFO - downloader - no more download task for thread downloader-001
2026-08-29 22:43:34,603 - INFO - downloader - thread downloader-001 exit
2026-08-29 22:43:34,608 - INFO - downloader - no more download task for thread downloader-002
2026-08-29 22:43:34,608 - INFO - downloader - thread downloader-002 exit
2026-08-29 22:43:34,980 - INFO - icrawler.crawler - Crawling task done!
2026-08-29 22:43:36,018 - INFO - icrawler.crawler - start crawling...
2026-08-29 22:43:36,019 - INFO - icrawler.crawler - starting 1 feeder threads...
2026-08-29 22:43:36,019 - INFO - icrawler.crawler - starting 1 parser threads...
2026-08-29 22:43:36,020 - INFO - icrawler.crawler - starting 2 downloader threads...
2026-08-29 22:43:36,020 - INFO - feeder - thread feeder-001 exit
2026-08-29 22:43:36,703 - INFO - parser - parsing result page https://www.bing.com/images/async?q=mia khalifa tiktok screenshot face&first=0
2026-08-29 22:43:37,502 - INFO - downloader - image #1	https://i.ytimg.com/vi/G4W8GmBihm4/maxresdefault.jpg
2026-08-29 22:43:38,047 - INFO - downloader - image #2	https://i.ytimg.com/vi/b_WIVM1TetU/maxresdefault.jpg
2026-08-29 22:43:38,351 - INFO - downloader - image #3	https://i.ytimg.com/vi/FMrT16mfHzM/maxresdefault.jpg
2026-08-29 22:43:38,686 - INFO - downloader - image #4	https://i.ytimg.com/vi/8-wyUwtWmzM/hq720_2.jpg
2026-08-29 22:43:39,071 - INFO - downloader - image #5	https://i.ytimg.com/vi/mRSAgANdX0E/maxresdefault.jpg
2026-08-29 22:43:39,355 - INFO - downloader - image #6	https://i.ytimg.com/vi/0GNJm-1ZCSs/maxresdefault.jpg
2026-08-29 22:43:39,706 - INFO - downloader - image #7	https://i.ytimg.com/vi/5L4qttnByzA/maxresdefault.jpg
2026-08-29 22:43:40,012 - INFO - downloader - image #8	https://i.ytimg.com/vi/4X7XNe7PglE/hqdefault.jpg
2026-08-29 22:43:40,726 - INFO - downloader - image #9	https://onlywikis.com/wp-content/uploads/2023/05/mia-khalifa-tiktok.jpg
2026-08-29 22:43:41,024 - INFO - downloader - image #10	https://i.ytimg.com/vi/7dmhcvSP-_s/maxresdefault.jpg
2026-08-29 22:43:41,256 - INFO - downloader - image #11	https://i2-prod.dailystar.co.uk/article28330518.ece/ALTERNATES/s615b/3_Mia-Khalifa-delights-fans-with-raunchy-late-night-snap-as-she-celebrates-hitting-36million-TikTok-fo.jpg
2026-08-29 22:43:41,297 - INFO - downloader - image #12	https://i.ytimg.com/vi/jGUNx6wOWnU/hq2.jpg
2026-08-29 22:43:41,598 - INFO - downloader - image #13	https://i.ytimg.com/vi/ApK0tR0OzxY/maxres2.jpg
2026-08-29 22:43:41,924 - INFO - downloader - image #14	https://i.ytimg.com/vi/1GmG0ZT6GSA/hq2.jpg
2026-08-29 22:43:42,160 - INFO - downloader - image #15	https://static.inshorts.com/inshorts/images/v1/variants/jpg/m/2021/05_may/25_tue/img_1621938833837_167.jpg
2026-08-29 22:43:42,269 - INFO - downloader - image #16	https://i.ytimg.com/vi/1GmG0ZT6GSA/hq720_2.jpg
2026-08-29 22:43:42,661 - INFO - downloader - image #17	https://i.ytimg.com/vi/1_gaECV6Ay8/maxresdefault.jpg
2026-08-29 22:43:43,023 - INFO - downloader - image #18	https://i.ytimg.com/vi/IWeJWQpIgA4/hq720_2.jpg
2026-08-29 22:43:43,271 - INFO - downloader - image #19	https://www.citimuzik.com/wp-content/uploads/2024/01/mia-khalifa-1-1140x1140.jpg
2026-08-29 22:43:43,427 - INFO - downloader - image #20	https://i2-prod.dailystar.co.uk/incoming/article27539495.ece/ALTERNATES/s615b/0_3JPG.jpg
2026-08-29 22:43:43,577 - INFO - downloader - image #21	https://i.ytimg.com/vi/GGLhn0wf0xw/hq720_2.jpg
2026-08-29 22:43:43,769 - INFO - downloader - image #22	https://i.ytimg.com/vi/PTbNvLvO6wE/hq2.jpg
2026-08-29 22:43:43,862 - INFO - downloader - image #23	https://i.ytimg.com/vi/pCcxltQXSTI/hq720_2.jpg
2026-08-29 22:43:44,281 - INFO - downloader - image #24	https://i.ytimg.com/vi/Tws24xCa7xw/oar2.jpg
2026-08-29 22:43:44,287 - ERROR - downloader - Response status code 202, file https://pso.co.th/wp-content/uploads/2020/04/Mia-Khalifa.jpg
2026-08-29 22:43:44,293 - INFO - parser - parsing result page https://www.bing.com/images/async?q=mia khalifa tiktok screenshot face&first=20
2026-08-29 22:43:44,737 - INFO - downloader - image #25	https://i2-prod.dailystar.co.uk/incoming/article29631996.ece/ALTERNATES/s615b/0_miak2JPG.jpg
2026-08-29 22:43:44,754 - INFO - downloader - image #26	https://i.ytimg.com/vi/D2KIA5wPw2I/hq720_2.jpg
2026-08-29 22:43:45,032 - INFO - downloader - image #27	https://i.ytimg.com/vi/GystWkEfAE4/hq720_2.jpg
2026-08-29 22:43:45,082 - INFO - downloader - image #28	https://i.ytimg.com/vi/CaiinaaB8hA/hq720_2.jpg
2026-08-29 22:43:45,179 - INFO - downloader - image #29	https://www.citimuzik.com/wp-content/uploads/2024/01/mia-khalifa-1-1536x1536.jpg
2026-08-29 22:43:45,457 - INFO - downloader - image #30	https://i.ytimg.com/vi/fcRe8CpLY7c/hq720_2.jpg
2026-08-29 22:43:45,736 - INFO - downloader - image #31	https://i.ytimg.com/vi/08gv14dQrWM/maxres2.jpg
2026-08-29 22:43:45,779 - INFO - downloader - image #32	https://i.ytimg.com/vi/X_UgrtweP4Y/maxres2.jpg
2026-08-29 22:43:46,053 - INFO - downloader - image #33	https://i.ytimg.com/vi/X7fYeEKb7g8/maxres2.jpg
2026-08-29 22:43:46,340 - INFO - downloader - image #34	https://i.ytimg.com/vi/5K3oi6EthAw/hq720_2.jpg
2026-08-29 22:43:46,373 - INFO - downloader - image #35	https://i.ytimg.com/vi/1bHtowN9nPU/maxresdefault.jpg
2026-08-29 22:43:46,688 - INFO - downloader - image #36	https://i.ytimg.com/vi/AqN9EbWg1-k/maxres2.jpg
2026-08-29 22:43:46,865 - INFO - downloader - image #37	https://i.ytimg.com/vi/eb15L3lWwH0/hq720_2.jpg
2026-08-29 22:43:46,959 - INFO - downloader - image #38	https://i.ytimg.com/vi/8uFFR28ivwE/hq720_2.jpg
2026-08-29 22:43:47,280 - INFO - downloader - image #39	https://i.ytimg.com/vi/UsfJQwl0quY/hq720_2.jpg
2026-08-29 22:43:47,305 - INFO - parser - parsing result page https://www.bing.com/images/async?q=mia khalifa tiktok screenshot face&first=40
2026-08-29 22:43:47,310 - INFO - downloader - image #40	https://i.ytimg.com/vi/7nQaT1WcxIs/hq720_2.jpg
2026-08-29 22:43:47,603 - INFO - downloader - image #41	https://i.ytimg.com/vi/XFdPfExV6Ko/hq720_2.jpg
2026-08-29 22:43:47,817 - INFO - downloader - image #42	https://sm.mashable.com/t/mashable_in/feature/m/mia-khalif/mia-khalifa-is-now-a-tiktok-star-and-she-loves-it_b461.1200.jpg
2026-08-29 22:43:47,899 - INFO - downloader - image #43	https://i.ytimg.com/vi/58xGUfX8EQg/maxresdefault.jpg
2026-08-29 22:43:48,099 - INFO - downloader - image #44	https://i.ytimg.com/vi/ShvER6-E3KY/hq720_2.jpg
2026-08-29 22:43:48,200 - INFO - downloader - image #45	https://i.ytimg.com/vi/oE9AH7OJDqg/maxresdefault.jpg
2026-08-29 22:43:48,457 - INFO - downloader - image #46	https://i.ytimg.com/vi/hPKb8Vj6Hq0/maxres2.jpg
2026-08-29 22:43:48,497 - INFO - downloader - image #47	https://i.ytimg.com/vi/Yhf5vP7R5F0/maxresdefault.jpg
2026-08-29 22:43:48,791 - INFO - downloader - image #48	https://i.ytimg.com/vi/UTqJwznLTAE/hq720_2.jpg
2026-08-29 22:43:48,822 - INFO - downloader - image #49	https://i.ytimg.com/vi/uAJYiCQ0gDs/maxres2.jpg
2026-08-29 22:43:49,095 - INFO - downloader - image #50	https://i.ytimg.com/vi/9pErp1jhN2s/oar2.jpg
2026-08-29 22:43:49,163 - ERROR - downloader - Response status code 202, file https://pso.co.th/wp-content/uploads/elementor/thumbs/Mia-Khalifa-ovouur48juebfrj2a2l419uxz0ngxpx8zq7r25hxdc.jpg
2026-08-29 22:43:49,356 - INFO - downloader - image #51	https://i.ytimg.com/vi/Gd24vdW2RFw/maxresdefault.jpg
2026-08-29 22:43:49,441 - INFO - downloader - image #52	https://i.ytimg.com/vi/lkVKmM6w8bU/maxresdefault.jpg
2026-08-29 22:43:49,807 - INFO - downloader - image #53	https://i.ytimg.com/vi/D-ZZEsmQU1M/maxresdefault.jpg
2026-08-29 22:43:50,077 - INFO - downloader - image #54	https://i.ytimg.com/vi/kuIJ9SGkgdI/maxres2.jpg
2026-08-29 22:43:50,402 - INFO - downloader - image #55	https://i.ytimg.com/vi/TvTjBndWC_A/oar2.jpg
2026-08-29 22:43:50,596 - INFO - downloader - image #56	https://sm.mashable.com/t/mashable_in/feature/m/mia-khalif/mia-khalifa-is-now-a-tiktok-star-and-she-loves-it_b461.960.jpg
2026-08-29 22:43:50,685 - INFO - downloader - image #57	https://i.ytimg.com/vi/PUlQv9PBqSc/hq720_2.jpg
2026-08-29 22:43:50,912 - INFO - downloader - image #58	https://i2-prod.dailystar.co.uk/article29631996.ece/ALTERNATES/s615b/0_miak2JPG.jpg
2026-08-29 22:43:50,958 - INFO - downloader - image #59	https://i.ytimg.com/vi/8SA-jLB8huM/hq720_2.jpg
2026-08-29 22:43:51,232 - INFO - downloader - image #60	https://i.ytimg.com/vi/CH-Pu2_3cC0/oar2.jpg
2026-08-29 22:43:51,288 - INFO - downloader - image #61	https://i.ytimg.com/vi/AhchiTM2Qik/hq720_2.jpg
2026-08-29 22:43:51,540 - INFO - downloader - image #62	https://i.ytimg.com/vi/ezHywbM3lUg/maxres2.jpg
2026-08-29 22:43:51,578 - INFO - downloader - image #63	https://i.ytimg.com/vi/2-o54IfCnoA/hq720_2.jpg
2026-08-29 22:43:51,854 - INFO - downloader - image #64	https://i.ytimg.com/vi/PLnDLOqqMnY/hq720_2.jpg
2026-08-29 22:43:51,864 - INFO - downloader - image #65	https://i.ytimg.com/vi/hliUZ-eMi_I/maxres2.jpg
2026-08-29 22:43:52,185 - INFO - downloader - image #66	https://i.ytimg.com/vi/ApK0tR0OzxY/hq720_2.jpg
2026-08-29 22:43:52,201 - INFO - downloader - image #67	https://i.ytimg.com/vi/RgnJTN5CJ9s/hq2.jpg
2026-08-29 22:43:52,407 - INFO - parser - parsing result page https://www.bing.com/images/async?q=mia khalifa tiktok screenshot face&first=60
2026-08-29 22:43:52,775 - INFO - downloader - image #68	https://i.ytimg.com/vi/D204dEUCTgo/maxresdefault.jpg
2026-08-29 22:43:52,811 - INFO - downloader - image #69	https://i.ytimg.com/vi/ja1_PqqZRSI/maxresdefault.jpg
2026-08-29 22:43:53,155 - INFO - downloader - image #70	https://i.ytimg.com/vi/WN20OwWyTQc/hq720_2.jpg
2026-08-29 22:43:53,437 - INFO - downloader - image #71	https://i.ytimg.com/vi/Vsyt2lp5RCI/maxresdefault.jpg
2026-08-29 22:43:53,753 - INFO - downloader - image #72	https://i.ytimg.com/vi/6yC7jcIVaCQ/maxresdefault.jpg
2026-08-29 22:43:53,859 - INFO - downloader - image #73	https://i.ytimg.com/vi/X7fYeEKb7g8/oar2.jpg
2026-08-29 22:43:54,158 - INFO - downloader - image #74	https://i.ytimg.com/vi/UTqJwznLTAE/hq2.jpg
2026-08-29 22:43:54,491 - INFO - downloader - image #75	https://i.ytimg.com/vi/JgpYEv6hi9g/hq720_2.jpg
2026-08-29 22:43:54,813 - INFO - downloader - image #76	https://i.ytimg.com/vi/hYeb8rw6GAI/hqdefault.jpg
2026-08-29 22:43:55,318 - ERROR - downloader - Response status code 404, file https://i.ytimg.com/vi/KxgNN2gZfu8/hq720_2.jpg
2026-08-29 22:43:55,651 - INFO - downloader - image #77	https://i.ytimg.com/vi/rbeOYpovCVU/hqdefault.jpg
2026-08-29 22:43:55,789 - INFO - downloader - image #78	https://i.ytimg.com/vi/enIAedUoGiM/hqdefault.jpg
2026-08-29 22:43:56,072 - INFO - downloader - image #79	https://i.ytimg.com/vi/5totesT9YDo/hq720_2.jpg
2026-08-29 22:43:56,581 - INFO - downloader - image #80	https://i.ytimg.com/vi/HE5eax453xQ/hq720_2.jpg
2026-08-29 22:43:56,843 - INFO - downloader - image #81	https://i.ytimg.com/vi/Eu4THiADLEY/hqdefault.jpg
2026-08-29 22:43:57,150 - INFO - downloader - image #82	https://i.ytimg.com/vi/hsEj_UeUUGc/hq720_2.jpg
2026-08-29 22:43:57,486 - INFO - downloader - image #83	https://i.ytimg.com/vi/VI_2WWVNnFM/hq720_2.jpg
2026-08-29 22:43:57,818 - INFO - downloader - image #84	https://i.ytimg.com/vi/RgnJTN5CJ9s/hq720_2.jpg
2026-08-29 22:43:58,127 - INFO - downloader - image #85	https://i.ytimg.com/vi/ffP8tI7fcuM/maxres2.jpg
2026-08-29 22:43:58,215 - ERROR - downloader - Exception caught when downloading file https://video.newsserve.net/v/20230527/1685169644-MIA-KHALIFA-TIKTOK-COMPILATION_hires.jpg, error: HTTPSConnectionPool(host='video.newsserve.net', port=443): Read timed out. (read timeout=5), remaining retry times: 2
2026-08-29 22:43:59,445 - INFO - downloader - image #86	https://medias.spotern.com/wanted/w1280/85/85493-1712850583.jpg
2026-08-29 22:44:00,517 - INFO - parser - parsing result page https://www.bing.com/images/async?q=mia khalifa tiktok screenshot face&first=80
2026-08-29 22:44:02,258 - INFO - downloader - image #87	https://i.zoomtventertainment.com/story/mia_khalifa_tiktok_ban.jpg
2026-08-29 22:44:02,606 - INFO - downloader - image #88	https://i.ytimg.com/vi/fYgyIX-Cwos/hq720_2.jpg
2026-08-29 22:44:02,898 - INFO - downloader - image #89	https://i.ytimg.com/vi/llbJEEzm0os/oar2.jpg
2026-08-29 22:44:03,164 - INFO - downloader - image #90	https://i.ytimg.com/vi/VI_2WWVNnFM/maxres2.jpg
2026-08-29 22:44:03,461 - ERROR - downloader - Exception caught when downloading file https://video.newsserve.net/v/20230527/1685169644-MIA-KHALIFA-TIKTOK-COMPILATION_hires.jpg, error: HTTPSConnectionPool(host='video.newsserve.net', port=443): Read timed out. (read timeout=5), remaining retry times: 1
2026-08-29 22:44:04,144 - INFO - downloader - image #91	https://on4t.com/blog/wp-content/uploads/Copy-of-Top-5-Effective-Phonics-95-Programs-Alternative-2024-08-28T171716.541-2048x1024.jpg
2026-08-29 22:44:04,486 - INFO - downloader - image #92	https://i.ytimg.com/vi/T-tnM-8kzYk/maxresdefault.jpg
2026-08-29 22:44:04,815 - INFO - downloader - image #93	https://i.ytimg.com/vi/eLNwtm22z08/hqdefault.jpg
2026-08-29 22:44:05,145 - INFO - downloader - image #94	https://i.ytimg.com/vi/U2qiw2W_zlM/hq720_2.jpg
2026-08-29 22:44:05,473 - INFO - downloader - image #95	https://i.ytimg.com/vi/zHZpPPMWwPs/hq720.jpg
2026-08-29 22:44:05,831 - INFO - downloader - image #96	https://i.ytimg.com/vi/kRPNUCHu19c/maxresdefault.jpg
2026-08-29 22:44:06,153 - INFO - downloader - image #97	https://i.ytimg.com/vi/fxLSlAackmc/maxresdefault.jpg
2026-08-29 22:44:06,646 - INFO - downloader - image #98	https://i.ytimg.com/vi/1m_BacduOjo/hq720_2.jpg
2026-08-29 22:44:06,925 - INFO - downloader - image #99	https://i.ytimg.com/vi/VptGxY-MPoM/hq720_2.jpg
2026-08-29 22:44:08,009 - INFO - downloader - image #100	https://www.citimuzik.com/wp-content/uploads/2024/01/mia-khalifa-1-1024x1024.jpg
2026-08-29 22:44:08,104 - INFO - downloader - image #101	https://i.ytimg.com/vi/XMwYjs7GNro/maxresdefault.jpg
2026-08-29 22:44:08,599 - INFO - downloader - image #102	https://i.ytimg.com/vi/Wgb-aZm79QQ/hq720_2.jpg
2026-08-29 22:44:08,787 - ERROR - downloader - Exception caught when downloading file https://video.newsserve.net/v/20230527/1685169644-MIA-KHALIFA-TIKTOK-COMPILATION_hires.jpg, error: HTTPSConnectionPool(host='video.newsserve.net', port=443): Read timed out. (read timeout=5), remaining retry times: 0
2026-08-29 22:44:08,881 - INFO - downloader - image #103	https://i.ytimg.com/vi/2CB9b16IaRc/maxresdefault.jpg
2026-08-29 22:44:09,123 - INFO - downloader - image #104	https://i.ytimg.com/vi/250FDH_4Mqs/oar2.jpg
2026-08-29 22:44:09,147 - INFO - downloader - image #105	https://i.ytimg.com/vi/uMp_yTCXu9o/hq2.jpg
2026-08-29 22:44:09,350 - INFO - parser - parsing result page https://www.bing.com/images/async?q=mia khalifa tiktok screenshot face&first=100
2026-08-29 22:44:09,418 - INFO - downloader - image #106	https://i.ytimg.com/vi/08Fygq6CYK0/hq2.jpg
2026-08-29 22:44:09,680 - INFO - downloader - image #107	https://i.ytimg.com/vi/bdSFGi1B_d4/maxresdefault.jpg
2026-08-29 22:44:09,814 - INFO - downloader - image #108	https://i.ytimg.com/vi/EqkCgf2m1VA/hq720_2.jpg
2026-08-29 22:44:10,173 - INFO - downloader - image #109	https://i.ytimg.com/vi/pQC7ErBkPX0/hq2.jpg
2026-08-29 22:44:10,196 - INFO - downloader - image #110	https://i.ytimg.com/vi/FFEJ8g6OYgU/maxresdefault.jpg
2026-08-29 22:44:10,485 - INFO - downloader - image #111	https://i.ytimg.com/vi/dyPngeVHtEE/maxres2.jpg
2026-08-29 22:44:10,528 - INFO - downloader - image #112	https://i.ytimg.com/vi/NOCL7UESYks/hqdefault.jpg
2026-08-29 22:44:10,827 - INFO - downloader - image #113	https://i.ytimg.com/vi/v2GQlQjybcE/hq720_2.jpg
2026-08-29 22:44:10,836 - INFO - downloader - image #114	https://i.ytimg.com/vi/-Ph8AanXYnE/hq720_2.jpg
2026-08-29 22:44:11,110 - INFO - downloader - image #115	https://i.ytimg.com/vi/se078JNMATM/maxresdefault.jpg
2026-08-29 22:44:11,145 - INFO - downloader - image #116	https://i.ytimg.com/vi/PwSUSifakPg/hqdefault.jpg
2026-08-29 22:44:11,580 - INFO - downloader - image #117	https://i2-prod.dailystar.co.uk/incoming/article28330515.ece/ALTERNATES/s1200/3_mia-4JPG.jpg
2026-08-29 22:44:11,676 - INFO - downloader - image #118	https://i.pinimg.com/originals/f5/bd/07/f5bd07182891f6a698398082220b3107.jpg
2026-08-29 22:44:12,402 - INFO - downloader - image #119	https://heraldodemexico.com.mx/u/fotografias/m/2021/4/20/f1280x720-359312_490987_5050.jpg
2026-08-29 22:44:12,805 - INFO - downloader - image #120	https://on4t.com/blog/wp-content/uploads/Leonardo_Phoenix_A_vibrant_and_modern_illustration_of_a_popula_2-1024x579.jpg
2026-08-29 22:44:12,837 - INFO - parser - no more page urls for thread parser-001 to parse
2026-08-29 22:44:12,838 - INFO - parser - thread parser-001 exit
2026-08-29 22:44:13,372 - INFO - downloader - downloaded images reach max num, thread downloader-002 is ready to exit
2026-08-29 22:44:13,372 - INFO - downloader - thread downloader-002 exit
2026-08-29 22:44:17,811 - INFO - downloader - no more download task for thread downloader-001
2026-08-29 22:44:17,811 - INFO - downloader - thread downloader-001 exit
2026-08-29 22:44:18,178 - INFO - icrawler.crawler - Crawling task done!
2026-08-29 22:44:19,218 - INFO - icrawler.crawler - start crawling...
2026-08-29 22:44:19,218 - INFO - icrawler.crawler - starting 1 feeder threads...
2026-08-29 22:44:19,219 - INFO - icrawler.crawler - starting 1 parser threads...
2026-08-29 22:44:19,219 - INFO - icrawler.crawler - starting 2 downloader threads...
2026-08-29 22:44:19,219 - INFO - feeder - thread feeder-001 exit
2026-08-29 22:44:19,699 - INFO - parser - parsing result page https://www.bing.com/images/async?q=site:tumblr.com mia khalifa&first=0
2026-08-29 22:44:20,122 - INFO - downloader - image #1	https://www.gluwee.com/wp-content/uploads/2022/10/Mia-Khalifa.jpg
2026-08-29 22:44:20,290 - ERROR - downloader - Response status code 403, file https://celebmafia.com/wp-content/uploads/2023/06/mia-khalifa-the-egonlab-menswear-spring-summer-2024-show-in-paris-06-21-2023-3.jpg
2026-08-29 22:44:20,474 - ERROR - downloader - Response status code 403, file https://celebmafia.com/wp-content/uploads/2023/06/mia-khalifa-the-egonlab-menswear-spring-summer-2024-show-in-paris-06-21-2023-0.jpg
2026-08-29 22:44:20,737 - ERROR - downloader - Response status code 403, file https://celebmafia.com/wp-content/uploads/2023/06/mia-khalifa-louis-vuitton-menswear-spring-summer-2024-show-in-paris-06-20-2023-6.jpg
2026-08-29 22:44:21,453 - ERROR - downloader - Response status code 400, file https://media.gettyimages.com/id/2049217312/photo/fashion-france-women-mugler-front-row.jpg
2026-08-29 22:44:21,922 - INFO - downloader - image #2	https://d.newsweek.com/en/full/2292361/mia-khalifa.jpg
2026-08-29 22:44:22,328 - INFO - downloader - image #3	https://www.bladna.nl/img/jpg/mia-khalifa-marokko.jpg
2026-08-29 22:44:22,434 - INFO - downloader - image #4	https://assets.newsweek.com/wp-content/uploads/2025/08/2329455-mia-khalifa.jpg
2026-08-29 22:44:22,742 - ERROR - downloader - Response status code 400, file https://media.gettyimages.com/id/2049184329/photo/fashion-france-women-mugler-front-row.jpg
2026-08-29 22:44:22,765 - INFO - downloader - image #5	https://www.viapais.com.ar/resizer/v2/2KU3TWUVGFGTZFIVYM2XTYPLFU.jpg
2026-08-29 22:44:23,139 - INFO - downloader - image #6	https://wallpapercave.com/wp/wp5543470.jpg
2026-08-29 22:44:23,621 - INFO - downloader - image #7	https://www.wikicelebs.com/wp-content/uploads/2023/06/Mia-Khalifa.jpg
2026-08-29 22:44:24,279 - INFO - downloader - image #8	https://variety.com/wp-content/uploads/2023/10/Mia-Khalifa-Playboy.jpg
2026-08-29 22:44:24,446 - INFO - downloader - image #9	https://viapais.com.ar/resizer/Q6qMbPSSJltZey8oLqdWHuLEgRs=/1023x1278/smart/cloudfront-us-east-1.images.arcpublishing.com/grupoclarin/S2LIPWR26FAEVMOY4NUPKQKFTI.jpg
2026-08-29 22:44:24,747 - INFO - downloader - image #10	https://abcgazetesi.com.tr/d/tag/mia-khalifa-56746.jpg
2026-08-29 22:44:24,884 - INFO - downloader - image #11	https://images.catchnews.com/upload/2017/06/29/miakhalifa290617_87747_730x419.jpg
2026-08-29 22:44:25,002 - INFO - downloader - image #12	https://viapais.com.ar/resizer/EEmT95XTmgd08rpyymt6gcSsAsI=/1023x1278/smart/cloudfront-us-east-1.images.arcpublishing.com/grupoclarin/5GCOUYYS3JBBNIM7JXTPWU6PAI.jpg
2026-08-29 22:44:25,409 - INFO - downloader - image #13	https://m.media-amazon.com/images/M/MV5BZjA0MDgyYmItNzkzMC00OTM2LThlYzktMWMxZWU3ZGNkNDI3XkEyXkFqcGc@._V1_FMjpg_UX1000_.jpg
2026-08-29 22:44:25,508 - ERROR - downloader - Response status code 400, file https://media.gettyimages.com/id/2041441188/photo/fashion-france-women-schiaparelli-arrivals.jpg
2026-08-29 22:44:25,819 - ERROR - downloader - Response status code 403, file https://short-biography.com/wp-content/uploads/mia-khalifa/Mia-Callista.jpg
2026-08-29 22:44:26,036 - INFO - downloader - image #14	https://www.gymbuddynow.com/storage/uploads/Mia-Khalifa_1670938163_1671104022.jpg
2026-08-29 22:44:26,082 - INFO - downloader - image #15	https://oldimg.emirates247.com/polopoly/images/2015/09/15/603631.jpg
2026-08-29 22:44:26,178 - INFO - downloader - image #16	https://www.wikicelebs.com/wp-content/uploads/2023/06/Mia-Khalifa-also-known-as-Sarah-Joe-Chamoun.jpg
2026-08-29 22:44:26,418 - INFO - downloader - image #17	https://www.the961.com/wp-content/uploads/2025/01/Lebanon-Making-Videos-961.jpg
2026-08-29 22:44:26,569 - INFO - parser - parsing result page https://www.bing.com/images/async?q=site:tumblr.com mia khalifa&first=20
2026-08-29 22:44:26,829 - INFO - parser - parsing result page https://www.bing.com/images/async?q=site:tumblr.com mia khalifa&first=40
2026-08-29 22:44:27,101 - INFO - parser - parsing result page https://www.bing.com/images/async?q=site:tumblr.com mia khalifa&first=60
2026-08-29 22:44:27,363 - INFO - parser - parsing result page https://www.bing.com/images/async?q=site:tumblr.com mia khalifa&first=80
2026-08-29 22:44:27,537 - INFO - downloader - image #18	https://dcusoqhsuupgy.cloudfront.net/cover/WfEed000_cover_with_play_icon.jpg
2026-08-29 22:44:27,636 - INFO - parser - parsing result page https://www.bing.com/images/async?q=site:tumblr.com mia khalifa&first=100
2026-08-29 22:44:27,860 - ERROR - downloader - Response status code 403, file https://celebmafia.com/wp-content/uploads/2023/06/mia-khalifa-louis-vuitton-menswear-spring-summer-2024-show-in-paris-06-20-2023-0.jpg
2026-08-29 22:44:28,187 - INFO - downloader - image #19	https://static.jewishnews.co.uk/jewishnews/uploads/2023/07/Twitter.jpg
2026-08-29 22:44:28,432 - INFO - downloader - image #20	https://pbs.twimg.com/media/HFgyr2dbwAAZjWx.jpg
2026-08-29 22:44:28,639 - INFO - downloader - image #21	https://www.albawaba.net/sites/default/files/2021-05/4_0.jpg
2026-08-29 22:44:28,736 - INFO - downloader - image #22	https://images.news18.com/ibnkhabar/uploads/2015/09/Mia-Khalifa11.jpg
2026-08-29 22:44:29,657 - INFO - parser - no more page urls for thread parser-001 to parse
2026-08-29 22:44:29,657 - INFO - parser - thread parser-001 exit
2026-08-29 22:44:33,647 - INFO - downloader - no more download task for thread downloader-001
2026-08-29 22:44:33,647 - INFO - downloader - thread downloader-001 exit
2026-08-29 22:44:33,740 - INFO - downloader - no more download task for thread downloader-002
2026-08-29 22:44:33,749 - INFO - downloader - thread downloader-002 exit
2026-08-29 22:44:34,272 - INFO - icrawler.crawler - Crawling task done!
2026-08-29 22:44:35,296 - INFO - icrawler.crawler - start crawling...
2026-08-29 22:44:35,297 - INFO - icrawler.crawler - starting 1 feeder threads...
2026-08-29 22:44:35,297 - INFO - icrawler.crawler - starting 1 parser threads...
2026-08-29 22:44:35,298 - INFO - icrawler.crawler - starting 2 downloader threads...
2026-08-29 22:44:35,298 - INFO - feeder - thread feeder-001 exit
2026-08-29 22:44:35,726 - INFO - parser - parsing result page https://www.bing.com/images/async?q=site:freepressjournal.in mia khalifa&first=0
2026-08-29 22:44:36,071 - ERROR - downloader - Response status code 403, file https://celebmafia.com/wp-content/uploads/2023/06/mia-khalifa-the-egonlab-menswear-spring-summer-2024-show-in-paris-06-21-2023-3.jpg
2026-08-29 22:44:36,218 - INFO - downloader - image #1	https://www.gluwee.com/wp-content/uploads/2022/10/Mia-Khalifa.jpg
2026-08-29 22:44:36,468 - ERROR - downloader - Response status code 403, file https://celebmafia.com/wp-content/uploads/2023/06/mia-khalifa-the-egonlab-menswear-spring-summer-2024-show-in-paris-06-21-2023-0.jpg
2026-08-29 22:44:36,949 - ERROR - downloader - Response status code 403, file https://celebmafia.com/wp-content/uploads/2023/06/mia-khalifa-louis-vuitton-menswear-spring-summer-2024-show-in-paris-06-20-2023-6.jpg
2026-08-29 22:44:37,383 - ERROR - downloader - Response status code 400, file https://media.gettyimages.com/id/2049217312/photo/fashion-france-women-mugler-front-row.jpg
2026-08-29 22:44:37,741 - INFO - downloader - image #2	https://d.newsweek.com/en/full/2292361/mia-khalifa.jpg
2026-08-29 22:44:38,262 - INFO - downloader - image #3	https://assets.newsweek.com/wp-content/uploads/2025/08/2329455-mia-khalifa.jpg
2026-08-29 22:44:38,898 - INFO - downloader - image #4	https://www.viapais.com.ar/resizer/v2/2KU3TWUVGFGTZFIVYM2XTYPLFU.jpg
2026-08-29 22:44:39,028 - INFO - downloader - image #5	https://www.bladna.nl/img/jpg/mia-khalifa-marokko.jpg
2026-08-29 22:44:39,194 - ERROR - downloader - Response status code 400, file https://media.gettyimages.com/id/2049184329/photo/fashion-france-women-mugler-front-row.jpg
2026-08-29 22:44:39,444 - INFO - downloader - image #6	https://wallpapercave.com/wp/wp5543470.jpg
2026-08-29 22:44:39,845 - INFO - downloader - image #7	https://www.wikicelebs.com/wp-content/uploads/2023/06/Mia-Khalifa.jpg
2026-08-29 22:44:40,361 - INFO - downloader - image #8	https://abcgazetesi.com.tr/d/tag/mia-khalifa-56746.jpg
2026-08-29 22:44:40,490 - INFO - downloader - image #9	https://variety.com/wp-content/uploads/2023/10/Mia-Khalifa-Playboy.jpg
2026-08-29 22:44:40,517 - INFO - downloader - image #10	https://viapais.com.ar/resizer/Q6qMbPSSJltZey8oLqdWHuLEgRs=/1023x1278/smart/cloudfront-us-east-1.images.arcpublishing.com/grupoclarin/S2LIPWR26FAEVMOY4NUPKQKFTI.jpg
2026-08-29 22:44:41,115 - INFO - downloader - image #11	https://images.catchnews.com/upload/2017/06/29/miakhalifa290617_87747_730x419.jpg
2026-08-29 22:44:41,238 - INFO - downloader - image #12	https://viapais.com.ar/resizer/EEmT95XTmgd08rpyymt6gcSsAsI=/1023x1278/smart/cloudfront-us-east-1.images.arcpublishing.com/grupoclarin/5GCOUYYS3JBBNIM7JXTPWU6PAI.jpg
2026-08-29 22:44:41,269 - ERROR - downloader - Response status code 400, file https://media.gettyimages.com/id/2041441188/photo/fashion-france-women-schiaparelli-arrivals.jpg
2026-08-29 22:44:41,585 - INFO - downloader - image #13	https://m.media-amazon.com/images/M/MV5BZjA0MDgyYmItNzkzMC00OTM2LThlYzktMWMxZWU3ZGNkNDI3XkEyXkFqcGc@._V1_FMjpg_UX1000_.jpg
2026-08-29 22:44:41,667 - ERROR - downloader - Response status code 403, file https://short-biography.com/wp-content/uploads/mia-khalifa/Mia-Callista.jpg
2026-08-29 22:44:41,915 - INFO - downloader - image #14	https://oldimg.emirates247.com/polopoly/images/2015/09/15/603631.jpg
2026-08-29 22:44:41,919 - INFO - downloader - image #15	https://www.gymbuddynow.com/storage/uploads/Mia-Khalifa_1670938163_1671104022.jpg
2026-08-29 22:44:42,031 - INFO - downloader - image #16	https://www.wikicelebs.com/wp-content/uploads/2023/06/Mia-Khalifa-also-known-as-Sarah-Joe-Chamoun.jpg
2026-08-29 22:44:42,284 - INFO - downloader - image #17	https://www.the961.com/wp-content/uploads/2025/01/Lebanon-Making-Videos-961.jpg
2026-08-29 22:44:42,477 - INFO - parser - parsing result page https://www.bing.com/images/async?q=site:freepressjournal.in mia khalifa&first=20
2026-08-29 22:44:42,752 - INFO - parser - parsing result page https://www.bing.com/images/async?q=site:freepressjournal.in mia khalifa&first=40
2026-08-29 22:44:43,020 - INFO - parser - parsing result page https://www.bing.com/images/async?q=site:freepressjournal.in mia khalifa&first=60
2026-08-29 22:44:43,256 - INFO - parser - parsing result page https://www.bing.com/images/async?q=site:freepressjournal.in mia khalifa&first=80
2026-08-29 22:44:43,429 - INFO - downloader - image #18	https://dcusoqhsuupgy.cloudfront.net/cover/WfEed000_cover_with_play_icon.jpg
2026-08-29 22:44:43,521 - INFO - parser - parsing result page https://www.bing.com/images/async?q=site:freepressjournal.in mia khalifa&first=100
2026-08-29 22:44:44,305 - ERROR - downloader - Response status code 403, file https://celebmafia.com/wp-content/uploads/2023/06/mia-khalifa-louis-vuitton-menswear-spring-summer-2024-show-in-paris-06-20-2023-0.jpg
2026-08-29 22:44:44,587 - INFO - downloader - image #19	https://static.jewishnews.co.uk/jewishnews/uploads/2023/07/Twitter.jpg
2026-08-29 22:44:44,728 - INFO - downloader - image #20	https://www.albawaba.net/sites/default/files/2021-05/4_0.jpg
2026-08-29 22:44:44,798 - INFO - downloader - image #21	https://pbs.twimg.com/media/HFgyr2dbwAAZjWx.jpg
2026-08-29 22:44:44,924 - INFO - downloader - image #22	https://images.news18.com/ibnkhabar/uploads/2015/09/Mia-Khalifa11.jpg
2026-08-29 22:44:45,663 - INFO - parser - no more page urls for thread parser-001 to parse
2026-08-29 22:44:45,664 - INFO - parser - thread parser-001 exit
2026-08-29 22:44:49,803 - INFO - downloader - no more download task for thread downloader-002
2026-08-29 22:44:49,805 - INFO - downloader - thread downloader-002 exit
2026-08-29 22:44:49,930 - INFO - downloader - no more download task for thread downloader-001
2026-08-29 22:44:49,930 - INFO - downloader - thread downloader-001 exit
2026-08-29 22:44:50,343 - INFO - icrawler.crawler - Crawling task done!
2026-08-29 22:44:51,371 - INFO - icrawler.crawler - start crawling...
2026-08-29 22:44:51,371 - INFO - icrawler.crawler - starting 1 feeder threads...
2026-08-29 22:44:51,372 - INFO - icrawler.crawler - starting 1 parser threads...
2026-08-29 22:44:51,373 - INFO - icrawler.crawler - starting 2 downloader threads...
2026-08-29 22:44:51,373 - INFO - feeder - thread feeder-001 exit
2026-08-29 22:44:51,994 - INFO - parser - parsing result page https://www.bing.com/images/async?q=mia khalifa vogue india get ready&first=0
2026-08-29 22:44:52,299 - ERROR - downloader - Response status code 404, file https://dwgyu36up6iuz.cloudfront.net/heru80fdn/image/upload/c_fill%2Cd_placeholder_image.jpg
2026-08-29 22:44:55,784 - INFO - downloader - image #1	https://www.hawtcelebs.com/wp-content/uploads/2024/03/mia-khalifa-for-vogue-india-december-2023-10.jpg
2026-08-29 22:44:56,576 - INFO - downloader - image #2	https://www.hawtcelebs.com/wp-content/uploads/2024/03/mia-khalifa-for-vogue-india-december-2023-8.jpg
2026-08-29 22:44:56,598 - INFO - downloader - image #3	https://www.hawtcelebs.com/wp-content/uploads/2024/03/mia-khalifa-for-vogue-india-december-2023-5.jpg
2026-08-29 22:44:57,181 - INFO - downloader - image #4	https://viapais.com.ar/resizer/YtgLZIVYkxoQUTsfRCH0UpNSZC8=/980x640/smart/filters:quality(75):format(webp)/cloudfront-us-east-1.images.arcpublishing.com/grupoclarin/2KU3TWUVGFGTZFIVYM2XTYPLFU.jpg
2026-08-29 22:44:57,564 - INFO - parser - parsing result page https://www.bing.com/images/async?q=mia khalifa vogue india get ready&first=20
2026-08-29 22:44:59,061 - INFO - downloader - image #5	https://www.hawtcelebs.com/wp-content/uploads/2024/03/mia-khalifa-for-vogue-india-december-2023-1.jpg
2026-08-29 22:44:59,112 - INFO - downloader - image #6	https://viapais.com.ar/resizer/cH_HFiBNZt9bUBwa4Y_rF4JtkJ4=/1023x1278/smart/cloudfront-us-east-1.images.arcpublishing.com/grupoclarin/OZ6DSAZDEJHLRM34MSJT5OIJ2Y.jpg
2026-08-29 22:45:01,352 - INFO - downloader - image #7	https://assets.vogue.in/photos/658d62d4ae651dd9ebb2a4cc/master/w_1600%2Cc_limit/Mia_SOCIAL5.jpg
2026-08-29 22:45:03,348 - INFO - downloader - image #8	https://www.hawtcelebs.com/wp-content/uploads/2024/03/mia-khalifa-for-vogue-india-december-2023-11.jpg
2026-08-29 22:45:04,682 - INFO - downloader - image #9	http://les-stars-nues.biz/allphotos/cms/photos-news/2024/13747/MESQBSW_o.jpg
2026-08-29 22:45:05,384 - INFO - downloader - image #10	https://www.viapais.com.ar/resizer/v2/M6QY4K6665FT5O4IJC3W2HKGII.jpg
2026-08-29 22:45:05,601 - INFO - downloader - image #11	http://les-stars-nues.biz/allphotos/cms/photos-news/2024/13747/MESQBSK_o.jpg
2026-08-29 22:45:06,177 - INFO - parser - parsing result page https://www.bing.com/images/async?q=mia khalifa vogue india get ready&first=40
2026-08-29 22:45:06,429 - INFO - downloader - image #12	https://news24online.com/wp-content/uploads/2023/12/BeFunky-collage-2023-12-26T201857.539.jpg
2026-08-29 22:45:06,704 - INFO - downloader - image #13	https://www.vogue.cz/assets/ed8ed5b8-9cf3-4619-8931-cd5889715c10/mia khalifa2.jpg
2026-08-29 22:45:07,027 - INFO - downloader - image #14	https://dwgyu36up6iuz.cloudfront.net/heru80fdn/image/upload/c_fill,d_placeholder_vogueindia.png,fl_progressive,g_face,h_1080,q_80,w_1920/v1741274007/vogueindia_mia-khalifa-gets-ready-for-the-chanel-show-at-milan-fashion-week-last-looks-vogue-india.jpg
2026-08-29 22:45:07,325 - INFO - downloader - image #15	https://assets-us-01.kc-usercontent.com/8b84d7dd-3c8d-00e0-d5cc-dd9a8fc5ffc9/f9dca43d-f1e4-4735-8ce3-cda9c65f321e/mia khalifa.jpg
2026-08-29 22:45:07,391 - INFO - downloader - image #16	https://www.hawtcelebs.com/wp-content/uploads/2024/03/mia-khalifa-for-vogue-india-december-2023-3.jpg
2026-08-29 22:45:07,560 - ERROR - downloader - Response status code 403, file https://preview.redd.it/mia-khalifa-vogue-india-v0-wpy21e90merc1.jpg
2026-08-29 22:45:07,714 - INFO - parser - parsing result page https://www.bing.com/images/async?q=mia khalifa vogue india get ready&first=60
2026-08-29 22:45:07,782 - INFO - downloader - image #17	https://c8.alamy.com/compde/2nyttm7/mia-khalifa-poses-before-the-off-white-fallwinter-2023-2024-ready-to-wear-collection-presented-thursday-march-2-2023-in-paris-vianney-le-caerinvisionap-2nyttm7.jpg
2026-08-29 22:45:08,028 - ERROR - downloader - Response status code 403, file https://magazinelib.com/wp-content/uploads/2026/05/5GSUc7JucrzkulZ5fjTgOjaN1zT59zA-L9IssfDWD_vSWrdZKpb6VxxNUrMMoPmMRA8NBt6PHHWeL2ZzVFKe9INS.jpg
2026-08-29 22:45:08,277 - INFO - downloader - image #18	https://media.vogue.co.uk/photos/64916f00ad4b7de8bf024aa2/16:9/w_1280,c_limit/Mia_200623_lascape MIA.jpg
2026-08-29 22:45:08,701 - INFO - downloader - image #19	https://assets.vogue.in/photos/658d62f9ae651dd9ebb2a4d1/master/w_1600%2Cc_limit/Mia_SOCIAL.jpg
2026-08-29 22:45:08,727 - INFO - downloader - image #20	https://images-cdn.ubuy.co.in/6893b55f73afe7aada00bfea-mia-khalifa-print-s-001-to-031-a2.jpg
2026-08-29 22:45:09,729 - INFO - downloader - image #21	https://c8.alamy.com/compde/2nyrwr6/mia-khalifa-poses-before-the-off-white-fallwinter-2023-2024-ready-to-wear-collection-presented-thursday-march-2-2023-in-paris-vianney-le-caerinvisionap-2nyrwr6.jpg
2026-08-29 22:45:09,948 - INFO - downloader - image #22	https://i.mdel.net/i/db/2024/1/2127693/2127693-800w.jpg
2026-08-29 22:45:10,049 - INFO - parser - parsing result page https://www.bing.com/images/async?q=mia khalifa vogue india get ready&first=80
2026-08-29 22:45:11,097 - INFO - downloader - image #23	https://i.mdel.net/i/db/2024/1/2127687/2127687-800w.jpg
2026-08-29 22:45:11,116 - INFO - downloader - image #24	https://assets.vogue.in/photos/658aefe768afa25d49ca1c61/16:9/w_1280,c_limit/Mia Khalifa homepage.jpg
2026-08-29 22:45:11,473 - INFO - downloader - image #25	https://imagesvs.oneindia.com/ph-big/2023/03/photos_1679489049100.jpg
2026-08-29 22:45:12,531 - INFO - downloader - image #26	https://www.ubuy.co.in/productimg/?image=aHR0cHM6Ly9pbWFnZXMtY2RuLnVidXkuY28uaW4vNjdiNjE3YmNkMWMxOWU2MDFkNmRlZjQ2LW1pYS1raGFsaWZhLWNvbmZlc3Npb25zLW9mLWEtdmVyeS1tb2Rlcm4uanBn.jpg
2026-08-29 22:45:12,692 - INFO - downloader - image #27	https://media.vogue.co.uk/photos/64916f00ad4b7de8bf024aa2/2:3/w_2560%2Cc_limit/Mia_200623_lascape%2520MIA.jpg
2026-08-29 22:45:12,784 - INFO - downloader - image #28	https://c8.alamy.com/comp/2WP49PC/mia-khalifa-attends-the-off-white-fallwinter-2024-2025-ready-to-wear-collection-presented-thursday-feb-29-2024-in-paris-photo-by-vianney-le-caerinvisionap-2WP49PC.jpg
2026-08-29 22:45:12,887 - INFO - downloader - image #29	https://assets.vogue.in/photos/658d62faae651dd9ebb2a4d2/master/w_1600%2Cc_limit/Mia_SOCIAL3.jpg
2026-08-29 22:45:13,279 - ERROR - downloader - Response status code 400, file https://media.gettyimages.com/id/2049191381/photo/fashion-france-women-mugler-front-row.jpg
2026-08-29 22:45:13,350 - INFO - downloader - image #30	https://c8.alamy.com/comp/2WPAEA9/mia-khalifa-arrives-for-the-mugler-fallwinter-2024-2025-ready-to-wear-collection-presented-sunday-march-3-2024-in-paris-photo-by-scott-a-garfittinvisionap-2WPAEA9.jpg
2026-08-29 22:45:13,565 - INFO - downloader - image #31	https://c8.alamy.com/comp/2WN4T2M/mia-khalifa-attends-the-off-white-fallwinter-2024-2025-ready-to-wear-collection-presented-thursday-feb-29-2024-in-paris-photo-by-vianney-le-caerinvisionap-2WN4T2M.jpg
2026-08-29 22:45:13,805 - INFO - parser - parsing result page https://www.bing.com/images/async?q=mia khalifa vogue india get ready&first=100
2026-08-29 22:45:13,997 - INFO - downloader - image #32	https://media.vogue.es/photos/67efb2e4d763ae8ad75dca01/2:3/w_2560%2Cc_limit/@directedbylucas%2520544.jpg
2026-08-29 22:45:14,212 - INFO - downloader - image #33	https://data1.ibtimes.co.in/en/full/771686/mia-khalifa.jpg
2026-08-29 22:45:14,292 - INFO - downloader - image #34	https://c8.alamy.com/comp/2NYRF1N/mia-khalifa-poses-before-the-off-white-fallwinter-2023-2024-ready-to-wear-collection-presented-thursday-march-2-2023-in-paris-vianney-le-caerinvisionap-2NYRF1N.jpg
2026-08-29 22:45:14,360 - INFO - downloader - image #35	https://assets.newsweek.com/wp-content/uploads/2025/08/2329455-mia-khalifa.jpg
2026-08-29 22:45:14,454 - INFO - downloader - image #36	https://c8.alamy.com/compit/2wp49jp/mia-khalifa-attends-the-off-white-fall-winter-2024-2025-ready-to-wear-collection-presented-thursday-feb-29-2024-in-paris-photo-by-vianney-le-caer-invision-ap-2wp49jp.jpg
2026-08-29 22:45:14,757 - INFO - downloader - image #37	https://timesofindia.indiatimes.com/photo/80671165/size-879749/80671165.jpg
2026-08-29 22:45:15,208 - INFO - downloader - image #38	https://data1.ibtimes.co.in/en/full/777573/mia-khalifa.jpg
2026-08-29 22:45:15,768 - ERROR - downloader - Response status code 404, file https://i.ytimg.com/vi/dHGoetrRRXY/maxres2.jpg
2026-08-29 22:45:16,140 - INFO - downloader - image #39	https://static.jewishnews.co.uk/jewishnews/uploads/2023/07/Twitter.jpg
2026-08-29 22:45:16,461 - INFO - parser - no more page urls for thread parser-001 to parse
2026-08-29 22:45:16,462 - INFO - parser - thread parser-001 exit
2026-08-29 22:45:17,087 - INFO - downloader - image #40	https://www.discountmags.com/shopimages/products/extras/488596-vogue-india-cover-2022-october-1-issue.jpg
2026-08-29 22:45:17,573 - ERROR - downloader - Response status code 400, file https://media.gettyimages.com/id/2040643194/photo/mia-khalifa-and-clara-berry-at-off-white-rtw-fall-2024-as-part-of-paris-ready-to-wear-fashion.jpg
2026-08-29 22:45:18,386 - INFO - downloader - image #41	https://assets.vogue.com/photos/644c0d9df2f341c7cb3efed8/master/w_1600%2Cc_limit/Mia%2520Khalifa.jpg
2026-08-29 22:45:22,578 - INFO - downloader - no more download task for thread downloader-002
2026-08-29 22:45:22,579 - INFO - downloader - thread downloader-002 exit
2026-08-29 22:45:23,391 - INFO - downloader - no more download task for thread downloader-001
2026-08-29 22:45:23,391 - INFO - downloader - thread downloader-001 exit
2026-08-29 22:45:23,487 - INFO - icrawler.crawler - Crawling task done!
2026-08-29 22:45:24,515 - INFO - icrawler.crawler - start crawling...
2026-08-29 22:45:24,515 - INFO - icrawler.crawler - starting 1 feeder threads...
2026-08-29 22:45:24,516 - INFO - icrawler.crawler - starting 1 parser threads...
2026-08-29 22:45:24,516 - INFO - icrawler.crawler - starting 2 downloader threads...
2026-08-29 22:45:24,516 - INFO - feeder - thread feeder-001 exit
2026-08-29 22:45:25,003 - INFO - parser - parsing result page https://www.bing.com/images/async?q=site:celebmafia.com mia khalifa&first=0
2026-08-29 22:45:25,398 - ERROR - downloader - Response status code 403, file https://celebmafia.com/wp-content/uploads/2023/06/mia-khalifa-the-egonlab-menswear-spring-summer-2024-show-in-paris-06-21-2023-3.jpg
2026-08-29 22:45:25,593 - INFO - downloader - image #1	https://www.gluwee.com/wp-content/uploads/2022/10/Mia-Khalifa.jpg
2026-08-29 22:45:25,960 - ERROR - downloader - Response status code 403, file https://celebmafia.com/wp-content/uploads/2023/06/mia-khalifa-the-egonlab-menswear-spring-summer-2024-show-in-paris-06-21-2023-0.jpg
2026-08-29 22:45:26,111 - ERROR - downloader - Response status code 403, file https://celebmafia.com/wp-content/uploads/2023/06/mia-khalifa-louis-vuitton-menswear-spring-summer-2024-show-in-paris-06-20-2023-6.jpg
2026-08-29 22:45:26,908 - ERROR - downloader - Response status code 400, file https://media.gettyimages.com/id/2049217312/photo/fashion-france-women-mugler-front-row.jpg
2026-08-29 22:45:27,324 - INFO - downloader - image #2	https://d.newsweek.com/en/full/2292361/mia-khalifa.jpg
2026-08-29 22:45:27,694 - INFO - downloader - image #3	https://assets.newsweek.com/wp-content/uploads/2025/08/2329455-mia-khalifa.jpg
2026-08-29 22:45:27,725 - INFO - downloader - image #4	https://www.bladna.nl/img/jpg/mia-khalifa-marokko.jpg
2026-08-29 22:45:28,093 - INFO - downloader - image #5	https://www.viapais.com.ar/resizer/v2/2KU3TWUVGFGTZFIVYM2XTYPLFU.jpg
2026-08-29 22:45:28,358 - ERROR - downloader - Response status code 400, file https://media.gettyimages.com/id/2049184329/photo/fashion-france-women-mugler-front-row.jpg
2026-08-29 22:45:28,922 - INFO - downloader - image #6	https://wallpapercave.com/wp/wp5543470.jpg
2026-08-29 22:45:29,345 - INFO - downloader - image #7	https://www.wikicelebs.com/wp-content/uploads/2023/06/Mia-Khalifa.jpg
2026-08-29 22:45:30,037 - INFO - downloader - image #8	https://variety.com/wp-content/uploads/2023/10/Mia-Khalifa-Playboy.jpg
2026-08-29 22:45:30,203 - INFO - downloader - image #9	https://viapais.com.ar/resizer/Q6qMbPSSJltZey8oLqdWHuLEgRs=/1023x1278/smart/cloudfront-us-east-1.images.arcpublishing.com/grupoclarin/S2LIPWR26FAEVMOY4NUPKQKFTI.jpg
2026-08-29 22:45:30,549 - INFO - downloader - image #10	https://images.catchnews.com/upload/2017/06/29/miakhalifa290617_87747_730x419.jpg
2026-08-29 22:45:30,804 - ERROR - downloader - Response status code 400, file https://media.gettyimages.com/id/2041441188/photo/fashion-france-women-schiaparelli-arrivals.jpg
2026-08-29 22:45:30,958 - INFO - downloader - image #11	https://viapais.com.ar/resizer/EEmT95XTmgd08rpyymt6gcSsAsI=/1023x1278/smart/cloudfront-us-east-1.images.arcpublishing.com/grupoclarin/5GCOUYYS3JBBNIM7JXTPWU6PAI.jpg
2026-08-29 22:45:31,097 - INFO - downloader - image #12	https://abcgazetesi.com.tr/d/tag/mia-khalifa-56746.jpg
2026-08-29 22:45:31,297 - INFO - downloader - image #13	https://m.media-amazon.com/images/M/MV5BZjA0MDgyYmItNzkzMC00OTM2LThlYzktMWMxZWU3ZGNkNDI3XkEyXkFqcGc@._V1_FMjpg_UX1000_.jpg
2026-08-29 22:45:31,417 - ERROR - downloader - Response status code 403, file https://short-biography.com/wp-content/uploads/mia-khalifa/Mia-Callista.jpg
2026-08-29 22:45:31,676 - INFO - downloader - image #14	https://oldimg.emirates247.com/polopoly/images/2015/09/15/603631.jpg
2026-08-29 22:45:31,711 - INFO - downloader - image #15	https://www.gymbuddynow.com/storage/uploads/Mia-Khalifa_1670938163_1671104022.jpg
2026-08-29 22:45:31,802 - INFO - downloader - image #16	https://www.wikicelebs.com/wp-content/uploads/2023/06/Mia-Khalifa-also-known-as-Sarah-Joe-Chamoun.jpg
2026-08-29 22:45:32,024 - INFO - downloader - image #17	https://www.the961.com/wp-content/uploads/2025/01/Lebanon-Making-Videos-961.jpg
2026-08-29 22:45:32,208 - INFO - parser - parsing result page https://www.bing.com/images/async?q=site:celebmafia.com mia khalifa&first=20
2026-08-29 22:45:32,452 - INFO - parser - parsing result page https://www.bing.com/images/async?q=site:celebmafia.com mia khalifa&first=40
2026-08-29 22:45:32,716 - INFO - parser - parsing result page https://www.bing.com/images/async?q=site:celebmafia.com mia khalifa&first=60
2026-08-29 22:45:32,963 - INFO - parser - parsing result page https://www.bing.com/images/async?q=site:celebmafia.com mia khalifa&first=80
2026-08-29 22:45:33,128 - INFO - downloader - image #18	https://dcusoqhsuupgy.cloudfront.net/cover/WfEed000_cover_with_play_icon.jpg
2026-08-29 22:45:33,215 - INFO - parser - parsing result page https://www.bing.com/images/async?q=site:celebmafia.com mia khalifa&first=100
2026-08-29 22:45:34,318 - INFO - downloader - image #19	https://www.albawaba.net/sites/default/files/2021-05/4_0.jpg
2026-08-29 22:45:34,376 - ERROR - downloader - Response status code 403, file https://celebmafia.com/wp-content/uploads/2023/06/mia-khalifa-louis-vuitton-menswear-spring-summer-2024-show-in-paris-06-20-2023-0.jpg
2026-08-29 22:45:34,624 - INFO - downloader - image #20	https://pbs.twimg.com/media/HFgyr2dbwAAZjWx.jpg
2026-08-29 22:45:34,650 - INFO - downloader - image #21	https://static.jewishnews.co.uk/jewishnews/uploads/2023/07/Twitter.jpg
2026-08-29 22:45:34,992 - INFO - downloader - image #22	https://images.news18.com/ibnkhabar/uploads/2015/09/Mia-Khalifa11.jpg
2026-08-29 22:45:35,241 - INFO - parser - no more page urls for thread parser-001 to parse
2026-08-29 22:45:35,241 - INFO - parser - thread parser-001 exit
2026-08-29 22:45:39,657 - INFO - downloader - no more download task for thread downloader-002
2026-08-29 22:45:39,659 - INFO - downloader - thread downloader-002 exit
2026-08-29 22:45:39,998 - INFO - downloader - no more download task for thread downloader-001
2026-08-29 22:45:39,999 - INFO - downloader - thread downloader-001 exit
2026-08-29 22:45:40,573 - INFO - icrawler.crawler - Crawling task done!
URL queue 946  bing files 808
/Users/aoxo/Library/Python/3.9/lib/python/site-packages/insightface/utils/transform.py:68: FutureWarning: `rcond` parameter will change to the default of machine precision times ``max(M, N)`` where M and N are the input matrix dimensions.
To use the future default and silence this warning we advise to pass `rcond=None`, to keep using the old, explicitly pass `rcond=-1`.
  P = np.linalg.lstsq(X_homo, Y)[0].T # Affine matrix. 3 x 4
  KEPT mia_00251.jpg  sim=+0.766  ddg:site:reddit.com mia khalifa photo
  KEPT mia_00252.jpg  sim=+0.763  ddg:site:reddit.com mia khalifa photo
  KEPT mia_00253.jpg  sim=+0.706  ddg:site:reddit.com mia khalifa photo
  KEPT mia_00254.jpg  sim=+0.831  ddg:site:reddit.com mia khalifa photo
  KEPT mia_00255.jpg  sim=+0.761  ddg:site:reddit.com mia khalifa photo
  KEPT mia_00256.jpg  sim=+0.753  ddg:site:reddit.com mia khalifa photo
  KEPT mia_00257.jpg  sim=+0.702  ddg:site:reddit.com mia khalifa photo
  KEPT mia_00258.jpg  sim=+0.743  ddg:site:reddit.com mia khalifa photo
  KEPT mia_00259.jpg  sim=+0.600  ddg:site:reddit.com mia khalifa photo
  KEPT mia_00260.jpg  sim=+0.398  ddg:site:reddit.com mia khalifa photo
  KEPT mia_00261.jpg  sim=+0.809  ddg:site:reddit.com mia khalifa photo
  KEPT mia_00262.jpg  sim=+0.680  ddg:site:reddit.com mia khalifa photo
set det-size: (1024, 1024)
set det-size: (640, 640)
  KEPT mia_00263.jpg  sim=+0.693  ddg:site:reddit.com mia khalifa photo
set det-size: (1024, 1024)
set det-size: (640, 640)
set det-size: (1024, 1024)
set det-size: (640, 640)
set det-size: (1024, 1024)
set det-size: (640, 640)
set det-size: (1024, 1024)
set det-size: (640, 640)
set det-size: (1024, 1024)
set det-size: (640, 640)
set det-size: (1024, 1024)
set det-size: (640, 640)
set det-size: (1024, 1024)
set det-size: (640, 640)
set det-size: (1024, 1024)
set det-size: (640, 640)
set det-size: (1024, 1024)
set det-size: (640, 640)
set det-size: (1024, 1024)
set det-size: (640, 640)
set det-size: (1024, 1024)
set det-size: (640, 640)
set det-size: (1024, 1024)
set det-size: (640, 640)
set det-size: (1024, 1024)
set det-size: (640, 640)
set det-size: (1024, 1024)
set det-size: (640, 640)
set det-size: (1024, 1024)
set det-size: (640, 640)
  KEPT mia_00264.jpg  sim=+0.430  ddg:site:reddit.com mia khalifa photo
set det-size: (1024, 1024)
set det-size: (640, 640)
set det-size: (1024, 1024)
set det-size: (640, 640)
set det-size: (1024, 1024)
set det-size: (640, 640)
set det-size: (1024, 1024)
set det-size: (640, 640)
set det-size: (1024, 1024)
set det-size: (640, 640)
set det-size: (1024, 1024)
set det-size: (640, 640)
set det-size: (1024, 1024)
set det-size: (640, 640)
set det-size: (1024, 1024)
set det-size: (640, 640)
set det-size: (1024, 1024)
set det-size: (640, 640)
set det-size: (1024, 1024)
set det-size: (640, 640)
set det-size: (1024, 1024)
set det-size: (640, 640)
set det-size: (1024, 1024)
set det-size: (640, 640)
set det-size: (1024, 1024)
set det-size: (640, 640)
set det-size: (1024, 1024)
set det-size: (640, 640)
set det-size: (1024, 1024)
set det-size: (640, 640)
set det-size: (1024, 1024)
set det-size: (640, 640)
set det-size: (1024, 1024)
set det-size: (640, 640)
set det-size: (1024, 1024)
set det-size: (640, 640)
  KEPT mia_00265.jpg  sim=+0.837  ddg:site:newsweek.com mia khalifa
  KEPT mia_00266.jpg  sim=+0.815  ddg:site:newsweek.com mia khalifa
  KEPT mia_00267.jpg  sim=+0.741  ddg:site:newsweek.com mia khalifa
  KEPT mia_00268.jpg  sim=+0.731  ddg:site:newsweek.com mia khalifa
  KEPT mia_00269.jpg  sim=+0.771  ddg:site:newsweek.com mia khalifa
  KEPT mia_00270.jpg  sim=+0.727  ddg:site:newsweek.com mia khalifa
  KEPT mia_00271.jpg  sim=+0.784  ddg:site:newsweek.com mia khalifa
  KEPT mia_00272.jpg  sim=+0.678  ddg:site:vogue.in mia khalifa fashion
  KEPT mia_00273.jpg  sim=+0.603  ddg:site:vogue.in mia khalifa fashion
set det-size: (1024, 1024)
set det-size: (640, 640)
  KEPT mia_00274.jpg  sim=+0.549  ddg:site:vogue.in mia khalifa fashion
set det-size: (1024, 1024)
set det-size: (640, 640)
  KEPT mia_00275.jpg  sim=+0.672  ddg:mia khalifa paris fashion week schiaparelli
  KEPT mia_00276.jpg  sim=+0.717  ddg:mia khalifa paris fashion week schiaparelli
  KEPT mia_00277.jpg  sim=+0.724  ddg:mia khalifa paris fashion week schiaparelli
  KEPT mia_00278.jpg  sim=+0.679  ddg:mia khalifa paris fashion week schiaparelli
  KEPT mia_00279.jpg  sim=+0.803  ddg:mia khalifa paris fashion week schiaparelli
  KEPT mia_00280.jpg  sim=+0.763  ddg:mia khalifa paris fashion week schiaparelli
  KEPT mia_00281.jpg  sim=+0.684  ddg:mia khalifa paris fashion week schiaparelli
  KEPT mia_00282.jpg  sim=+0.784  ddg:mia khalifa paris fashion week schiaparelli
  KEPT mia_00283.jpg  sim=+0.781  ddg:mia khalifa paris fashion week schiaparelli
  KEPT mia_00284.jpg  sim=+0.787  ddg:mia khalifa paris fashion week schiaparelli
  KEPT mia_00285.jpg  sim=+0.709  ddg:mia khalifa paris fashion week schiaparelli
  KEPT mia_00286.jpg  sim=+0.824  ddg:mia khalifa paris fashion week schiaparelli
  KEPT mia_00287.jpg  sim=+0.711  ddg:mia khalifa paris fashion week schiaparelli
  KEPT mia_00288.jpg  sim=+0.840  ddg:mia khalifa paris fashion week schiaparelli
  KEPT mia_00289.jpg  sim=+0.778  ddg:mia khalifa paris fashion week schiaparelli
  KEPT mia_00290.jpg  sim=+0.750  ddg:mia khalifa paris fashion week schiaparelli
  KEPT mia_00291.jpg  sim=+0.765  ddg:mia khalifa paris fashion week schiaparelli
  KEPT mia_00292.jpg  sim=+0.680  ddg:mia khalifa paris fashion week schiaparelli
  KEPT mia_00293.jpg  sim=+0.723  ddg:mia khalifa paris fashion week schiaparelli
  KEPT mia_00294.jpg  sim=+0.755  ddg:mia khalifa paris fashion week schiaparelli
  KEPT mia_00295.jpg  sim=+0.725  ddg:mia khalifa paris fashion week schiaparelli
  KEPT mia_00296.jpg  sim=+0.764  ddg:mia khalifa paris fashion week schiaparelli
  KEPT mia_00297.jpg  sim=+0.796  ddg:mia khalifa paris fashion week schiaparelli
  KEPT mia_00298.jpg  sim=+0.815  ddg:mia khalifa paris fashion week schiaparelli
  KEPT mia_00299.jpg  sim=+0.542  ddg:mia khalifa paris fashion week schiaparelli
  KEPT mia_00300.jpg  sim=+0.746  ddg:mia khalifa paris fashion week schiaparelli
  KEPT mia_00301.jpg  sim=+0.713  ddg:mia khalifa paris fashion week schiaparelli
  KEPT mia_00302.jpg  sim=+0.704  ddg:mia khalifa paris fashion week schiaparelli
  KEPT mia_00303.jpg  sim=+0.656  ddg:mia khalifa paris fashion week schiaparelli
  KEPT mia_00304.jpg  sim=+0.728  ddg:mia khalifa paris fashion week schiaparelli
  KEPT mia_00305.jpg  sim=+0.715  ddg:mia khalifa paris fashion week schiaparelli
  KEPT mia_00306.jpg  sim=+0.707  ddg:mia khalifa paris fashion week schiaparelli
  KEPT mia_00307.jpg  sim=+0.763  ddg:mia khalifa paris fashion week schiaparelli
  KEPT mia_00308.jpg  sim=+0.712  ddg:mia khalifa paris fashion week schiaparelli
  KEPT mia_00309.jpg  sim=+0.771  ddg:mia khalifa paris fashion week schiaparelli
  KEPT mia_00310.jpg  sim=+0.724  ddg:mia khalifa paris fashion week schiaparelli
  KEPT mia_00311.jpg  sim=+0.768  ddg:mia khalifa paris fashion week schiaparelli
  KEPT mia_00312.jpg  sim=+0.693  ddg:mia khalifa paris fashion week schiaparelli
  KEPT mia_00313.jpg  sim=+0.731  ddg:mia khalifa paris fashion week schiaparelli
  KEPT mia_00314.jpg  sim=+0.709  ddg:mia khalifa paris fashion week schiaparelli
  KEPT mia_00315.jpg  sim=+0.764  ddg:mia khalifa paris fashion week schiaparelli
  KEPT mia_00316.jpg  sim=+0.604  ddg:mia khalifa paris fashion week schiaparelli
  KEPT mia_00317.jpg  sim=+0.533  ddg:mia khalifa paris fashion week schiaparelli
  KEPT mia_00318.jpg  sim=+0.785  ddg:mia khalifa paris fashion week schiaparelli
  KEPT mia_00319.jpg  sim=+0.677  ddg:mia khalifa paris fashion week schiaparelli
  KEPT mia_00320.jpg  sim=+0.699  ddg:mia khalifa paris fashion week schiaparelli
  KEPT mia_00321.jpg  sim=+0.770  ddg:mia khalifa paris fashion week schiaparelli
  KEPT mia_00322.jpg  sim=+0.714  ddg:mia khalifa paris fashion week schiaparelli
  KEPT mia_00323.jpg  sim=+0.722  ddg:mia khalifa paris fashion week schiaparelli
  KEPT mia_00324.jpg  sim=+0.589  ddg:mia khalifa paris fashion week schiaparelli
  KEPT mia_00325.jpg  sim=+0.785  ddg:mia khalifa paris fashion week schiaparelli
  KEPT mia_00326.jpg  sim=+0.696  ddg:mia khalifa paris fashion week schiaparelli
  KEPT mia_00327.jpg  sim=+0.712  ddg:mia khalifa paris fashion week schiaparelli
  KEPT mia_00328.jpg  sim=+0.782  ddg:mia khalifa paris fashion week schiaparelli
  KEPT mia_00329.jpg  sim=+0.762  ddg:mia khalifa paris fashion week schiaparelli
  KEPT mia_00330.jpg  sim=+0.507  ddg:mia khalifa paris fashion week schiaparelli
  KEPT mia_00331.jpg  sim=+0.781  ddg:mia khalifa paris fashion week schiaparelli
  KEPT mia_00332.jpg  sim=+0.842  ddg:mia khalifa paris fashion week schiaparelli
  KEPT mia_00333.jpg  sim=+0.729  ddg:mia khalifa paris fashion week schiaparelli
  KEPT mia_00334.jpg  sim=+0.818  ddg:mia khalifa paris fashion week schiaparelli
  KEPT mia_00335.jpg  sim=+0.629  ddg:mia khalifa paris fashion week schiaparelli
  KEPT mia_00336.jpg  sim=+0.647  ddg:mia khalifa paris fashion week schiaparelli
  KEPT mia_00337.jpg  sim=+0.562  ddg:mia khalifa paris fashion week schiaparelli
  KEPT mia_00338.jpg  sim=+0.599  ddg:mia khalifa paris fashion week schiaparelli
  KEPT mia_00339.jpg  sim=+0.676  ddg:mia khalifa paris fashion week schiaparelli
  KEPT mia_00340.jpg  sim=+0.659  ddg:mia khalifa paris fashion week schiaparelli
  KEPT mia_00341.jpg  sim=+0.812  ddg:mia khalifa paris fashion week schiaparelli
  KEPT mia_00342.jpg  sim=+0.727  ddg:mia khalifa paris fashion week schiaparelli
  KEPT mia_00343.jpg  sim=+0.746  ddg:mia khalifa paris fashion week schiaparelli
  KEPT mia_00344.jpg  sim=+0.739  ddg:mia khalifa paris fashion week schiaparelli
  KEPT mia_00345.jpg  sim=+0.729  ddg:mia khalifa paris fashion week schiaparelli
set det-size: (1024, 1024)
set det-size: (640, 640)
  KEPT mia_00346.jpg  sim=+0.624  ddg:mia khalifa paris fashion week schiaparelli
  KEPT mia_00347.jpg  sim=+0.718  ddg:mia khalifa paris fashion week schiaparelli
  KEPT mia_00348.jpg  sim=+0.578  ddg:mia khalifa paris fashion week schiaparelli
  KEPT mia_00349.jpg  sim=+0.747  ddg:mia khalifa kenzo menswear show
  KEPT mia_00350.jpg  sim=+0.799  ddg:mia khalifa kenzo menswear show
  KEPT mia_00351.jpg  sim=+0.785  ddg:mia khalifa kenzo menswear show
  KEPT mia_00352.jpg  sim=+0.700  ddg:mia khalifa kenzo menswear show
  KEPT mia_00353.jpg  sim=+0.849  ddg:mia khalifa kenzo menswear show
  KEPT mia_00354.jpg  sim=+0.766  ddg:mia khalifa kenzo menswear show
  KEPT mia_00355.jpg  sim=+0.786  ddg:mia khalifa kenzo menswear show
  KEPT mia_00356.jpg  sim=+0.721  ddg:mia khalifa kenzo menswear show
  KEPT mia_00357.jpg  sim=+0.656  ddg:mia khalifa kenzo menswear show
  KEPT mia_00358.jpg  sim=+0.461  ddg:mia khalifa kenzo menswear show
  KEPT mia_00359.jpg  sim=+0.812  ddg:mia khalifa kenzo menswear show
  KEPT mia_00360.jpg  sim=+0.666  ddg:mia khalifa kenzo menswear show
  KEPT mia_00361.jpg  sim=+0.696  ddg:mia khalifa kenzo menswear show
  KEPT mia_00362.jpg  sim=+0.764  ddg:mia khalifa kenzo menswear show
  KEPT mia_00363.jpg  sim=+0.587  ddg:mia khalifa kenzo menswear show
  KEPT mia_00364.jpg  sim=+0.663  ddg:mia khalifa kenzo menswear show
  KEPT mia_00365.jpg  sim=+0.785  ddg:mia khalifa kenzo menswear show
  KEPT mia_00366.jpg  sim=+0.608  ddg:mia khalifa kenzo menswear show
  KEPT mia_00367.jpg  sim=+0.806  ddg:mia khalifa kenzo menswear show
  KEPT mia_00368.jpg  sim=+0.621  ddg:mia khalifa kenzo menswear show
  KEPT mia_00369.jpg  sim=+0.655  ddg:mia khalifa kenzo menswear show
  KEPT mia_00370.jpg  sim=+0.645  ddg:mia khalifa kenzo menswear show
  KEPT mia_00371.jpg  sim=+0.611  ddg:mia khalifa kenzo menswear show
  KEPT mia_00372.jpg  sim=+0.773  ddg:mia khalifa kenzo menswear show
  KEPT mia_00373.jpg  sim=+0.740  ddg:mia khalifa kenzo menswear show
  KEPT mia_00374.jpg  sim=+0.759  ddg:mia khalifa kenzo menswear show
  KEPT mia_00375.jpg  sim=+0.692  ddg:mia khalifa kenzo menswear show
  KEPT mia_00376.jpg  sim=+0.750  ddg:mia khalifa kenzo menswear show
  KEPT mia_00377.jpg  sim=+0.719  ddg:mia khalifa kenzo menswear show
  KEPT mia_00378.jpg  sim=+0.717  ddg:mia khalifa kenzo menswear show
  KEPT mia_00379.jpg  sim=+0.784  ddg:mia khalifa chanel milan fashion week
  KEPT mia_00380.jpg  sim=+0.822  ddg:mia khalifa chanel milan fashion week
  KEPT mia_00381.jpg  sim=+0.710  ddg:mia khalifa chanel milan fashion week
  KEPT mia_00382.jpg  sim=+0.718  ddg:mia khalifa chanel milan fashion week
  KEPT mia_00383.jpg  sim=+0.772  ddg:mia khalifa chanel milan fashion week
  KEPT mia_00384.jpg  sim=+0.761  ddg:mia khalifa chanel milan fashion week
  KEPT mia_00385.jpg  sim=+0.743  ddg:mia khalifa chanel milan fashion week
  KEPT mia_00386.jpg  sim=+0.818  ddg:mia khalifa chanel milan fashion week
  KEPT mia_00387.jpg  sim=+0.761  ddg:mia khalifa chanel milan fashion week
  KEPT mia_00388.jpg  sim=+0.778  ddg:mia khalifa chanel milan fashion week
  KEPT mia_00389.jpg  sim=+0.745  ddg:mia khalifa chanel milan fashion week
  KEPT mia_00390.jpg  sim=+0.750  ddg:mia khalifa chanel milan fashion week
  KEPT mia_00391.jpg  sim=+0.758  ddg:mia khalifa chanel milan fashion week
  KEPT mia_00392.jpg  sim=+0.685  ddg:mia khalifa chanel milan fashion week
  KEPT mia_00393.jpg  sim=+0.691  ddg:mia khalifa chanel milan fashion week
  KEPT mia_00394.jpg  sim=+0.695  ddg:mia khalifa chanel milan fashion week
  KEPT mia_00395.jpg  sim=+0.706  ddg:mia khalifa chanel milan fashion week
  KEPT mia_00396.jpg  sim=+0.690  ddg:mia khalifa chanel milan fashion week
  KEPT mia_00397.jpg  sim=+0.643  ddg:mia khalifa chanel milan fashion week
  KEPT mia_00398.jpg  sim=+0.814  ddg:mia khalifa chanel milan fashion week
  KEPT mia_00399.jpg  sim=+0.708  ddg:mia khalifa chanel milan fashion week
  KEPT mia_00400.jpg  sim=+0.762  ddg:mia khalifa chanel milan fashion week
  KEPT mia_00401.jpg  sim=+0.783  ddg:mia khalifa chanel milan fashion week
  KEPT mia_00402.jpg  sim=+0.622  ddg:mia khalifa chanel milan fashion week
  KEPT mia_00403.jpg  sim=+0.691  ddg:mia khalifa chanel milan fashion week
  KEPT mia_00404.jpg  sim=+0.768  ddg:mia khalifa chanel milan fashion week
  KEPT mia_00405.jpg  sim=+0.658  ddg:mia khalifa chanel milan fashion week
  KEPT mia_00406.jpg  sim=+0.650  ddg:mia khalifa chanel milan fashion week
  KEPT mia_00407.jpg  sim=+0.617  ddg:mia khalifa chanel milan fashion week
  KEPT mia_00408.jpg  sim=+0.669  ddg:mia khalifa chanel milan fashion week
  KEPT mia_00409.jpg  sim=+0.643  ddg:mia khalifa chanel milan fashion week
  KEPT mia_00410.jpg  sim=+0.787  ddg:mia khalifa chanel milan fashion week
  KEPT mia_00411.jpg  sim=+0.691  ddg:mia khalifa chanel milan fashion week
  KEPT mia_00412.jpg  sim=+0.565  ddg:mia khalifa chanel milan fashion week
  KEPT mia_00413.jpg  sim=+0.744  ddg:mia khalifa chanel milan fashion week
  KEPT mia_00414.jpg  sim=+0.569  ddg:mia khalifa chanel milan fashion week
  KEPT mia_00415.jpg  sim=+0.640  ddg:mia khalifa chanel milan fashion week
  KEPT mia_00416.jpg  sim=+0.669  ddg:mia khalifa chanel milan fashion week
  KEPT mia_00417.jpg  sim=+0.746  ddg:mia khalifa chanel milan fashion week
  KEPT mia_00418.jpg  sim=+0.731  ddg:mia khalifa chanel milan fashion week
  KEPT mia_00419.jpg  sim=+0.773  ddg:mia khalifa chanel milan fashion week
  KEPT mia_00420.jpg  sim=+0.671  ddg:mia khalifa chanel milan fashion week
  KEPT mia_00421.jpg  sim=+0.480  ddg:mia khalifa chanel milan fashion week
  KEPT mia_00422.jpg  sim=+0.566  ddg:mia khalifa chanel milan fashion week
  KEPT mia_00423.jpg  sim=+0.663  ddg:mia khalifa chanel milan fashion week
  KEPT mia_00424.jpg  sim=+0.496  ddg:mia khalifa chanel milan fashion week
  KEPT mia_00425.jpg  sim=+0.784  ddg:mia khalifa chanel milan fashion week
  KEPT mia_00426.jpg  sim=+0.521  ddg:mia khalifa chanel milan fashion week
  KEPT mia_00427.jpg  sim=+0.785  ddg:mia khalifa chanel milan fashion week
  KEPT mia_00428.jpg  sim=+0.718  ddg:mia khalifa chanel milan fashion week
  KEPT mia_00429.jpg  sim=+0.775  ddg:mia khalifa chanel milan fashion week
  KEPT mia_00430.jpg  sim=+0.742  ddg:mia khalifa chanel milan fashion week
  KEPT mia_00431.jpg  sim=+0.744  ddg:mia khalifa espn podcast photo
  KEPT mia_00432.jpg  sim=+0.782  ddg:mia khalifa espn podcast photo
  KEPT mia_00433.jpg  sim=+0.771  ddg:mia khalifa espn podcast photo
  KEPT mia_00434.jpg  sim=+0.769  ddg:mia khalifa espn podcast photo
  KEPT mia_00435.jpg  sim=+0.772  ddg:mia khalifa espn podcast photo
  KEPT mia_00436.jpg  sim=+0.710  ddg:mia khalifa espn podcast photo
  KEPT mia_00437.jpg  sim=+0.770  ddg:mia khalifa espn podcast photo
  KEPT mia_00438.jpg  sim=+0.717  ddg:mia khalifa espn podcast photo
  KEPT mia_00439.jpg  sim=+0.777  ddg:mia khalifa espn podcast photo
  KEPT mia_00440.jpg  sim=+0.754  ddg:mia khalifa espn podcast photo
  KEPT mia_00441.jpg  sim=+0.783  ddg:mia khalifa espn podcast photo
  KEPT mia_00442.jpg  sim=+0.723  ddg:mia khalifa espn podcast photo
  KEPT mia_00443.jpg  sim=+0.686  ddg:mia khalifa espn podcast photo
  KEPT mia_00444.jpg  sim=+0.814  ddg:mia khalifa espn podcast photo
set det-size: (1024, 1024)
set det-size: (640, 640)
  KEPT mia_00445.jpg  sim=+0.718  ddg:mia khalifa espn podcast photo
  KEPT mia_00446.jpg  sim=+0.696  ddg:mia khalifa espn podcast photo
  KEPT mia_00447.jpg  sim=+0.758  ddg:mia khalifa espn podcast photo
  KEPT mia_00448.jpg  sim=+0.815  ddg:mia khalifa espn podcast photo
  KEPT mia_00449.jpg  sim=+0.672  ddg:mia khalifa espn podcast photo
  KEPT mia_00450.jpg  sim=+0.779  ddg:mia khalifa espn podcast photo
  KEPT mia_00451.jpg  sim=+0.799  ddg:mia khalifa espn podcast photo
  KEPT mia_00452.jpg  sim=+0.825  ddg:mia khalifa espn podcast photo
  KEPT mia_00453.jpg  sim=+0.734  ddg:mia khalifa espn podcast photo
  KEPT mia_00454.jpg  sim=+0.776  ddg:mia khalifa espn podcast photo
  KEPT mia_00455.jpg  sim=+0.611  ddg:mia khalifa espn podcast photo
  KEPT mia_00456.jpg  sim=+0.812  ddg:mia khalifa espn podcast photo
  KEPT mia_00457.jpg  sim=+0.621  ddg:mia khalifa espn podcast photo
  KEPT mia_00458.jpg  sim=+0.849  ddg:mia khalifa espn podcast photo
  KEPT mia_00459.jpg  sim=+0.780  ddg:mia khalifa espn podcast photo
  KEPT mia_00460.jpg  sim=+0.773  ddg:mia khalifa espn podcast photo
  KEPT mia_00461.jpg  sim=+0.700  ddg:mia khalifa espn podcast photo
  KEPT mia_00462.jpg  sim=+0.815  ddg:mia khalifa espn podcast photo
  KEPT mia_00463.jpg  sim=+0.759  ddg:mia khalifa espn podcast photo
  KEPT mia_00464.jpg  sim=+0.606  ddg:mia khalifa espn podcast photo
  KEPT mia_00465.jpg  sim=+0.778  ddg:mia khalifa espn podcast photo
  KEPT mia_00466.jpg  sim=+0.781  ddg:mia khalifa espn podcast photo
  KEPT mia_00467.jpg  sim=+0.720  ddg:mia khalifa espn podcast photo
  KEPT mia_00468.jpg  sim=+0.752  ddg:mia khalifa espn podcast photo
  KEPT mia_00469.jpg  sim=+0.695  ddg:mia khalifa espn podcast photo
  KEPT mia_00470.jpg  sim=+0.772  ddg:mia khalifa espn podcast photo
  KEPT mia_00471.jpg  sim=+0.777  ddg:mia khalifa espn podcast photo
  KEPT mia_00472.jpg  sim=+0.759  ddg:mia khalifa espn podcast photo
  KEPT mia_00473.jpg  sim=+0.639  ddg:mia khalifa espn podcast photo
  KEPT mia_00474.jpg  sim=+0.690  ddg:mia khalifa espn podcast photo
  KEPT mia_00475.jpg  sim=+0.675  ddg:mia khalifa espn podcast photo
  KEPT mia_00476.jpg  sim=+0.703  ddg:mia khalifa espn podcast photo
  KEPT mia_00477.jpg  sim=+0.584  ddg:mia khalifa espn podcast photo
  KEPT mia_00478.jpg  sim=+0.643  ddg:mia khalifa espn podcast photo
  KEPT mia_00479.jpg  sim=+0.704  ddg:mia khalifa espn podcast photo
  KEPT mia_00480.jpg  sim=+0.697  ddg:mia khalifa espn podcast photo
  KEPT mia_00481.jpg  sim=+0.797  ddg:mia khalifa espn podcast photo
  KEPT mia_00482.jpg  sim=+0.729  ddg:mia khalifa espn podcast photo
  KEPT mia_00483.jpg  sim=+0.741  ddg:mia khalifa espn podcast photo
  KEPT mia_00484.jpg  sim=+0.661  ddg:mia khalifa sheytan jewelry launch
  KEPT mia_00485.jpg  sim=+0.772  ddg:mia khalifa sheytan jewelry launch
  KEPT mia_00486.jpg  sim=+0.776  ddg:mia khalifa sheytan jewelry launch
  KEPT mia_00487.jpg  sim=+0.711  ddg:mia khalifa sheytan jewelry launch
set det-size: (1024, 1024)
set det-size: (640, 640)
set det-size: (1024, 1024)
set det-size: (640, 640)
set det-size: (1024, 1024)
set det-size: (640, 640)
  KEPT mia_00488.jpg  sim=+0.772  ddg:mia khalifa sheytan jewelry launch
  KEPT mia_00489.jpg  sim=+0.712  ddg:mia khalifa sheytan jewelry launch
  KEPT mia_00490.jpg  sim=+0.795  ddg:mia khalifa sheytan jewelry launch
  KEPT mia_00491.jpg  sim=+0.585  ddg:mia khalifa sheytan jewelry launch
  KEPT mia_00492.jpg  sim=+0.784  ddg:mia khalifa sheytan jewelry launch
set det-size: (1024, 1024)
set det-size: (640, 640)
  KEPT mia_00493.jpg  sim=+0.689  ddg:mia khalifa sheytan jewelry launch
set det-size: (1024, 1024)
set det-size: (640, 640)
set det-size: (1024, 1024)
set det-size: (640, 640)
set det-size: (1024, 1024)
set det-size: (640, 640)
set det-size: (1024, 1024)
set det-size: (640, 640)
  KEPT mia_00494.jpg  sim=+0.653  ddg:mia khalifa sheytan jewelry launch
  KEPT mia_00495.jpg  sim=+0.706  ddg:mia khalifa sheytan jewelry launch
  KEPT mia_00496.jpg  sim=+0.839  ddg:mia khalifa sheytan jewelry launch
  KEPT mia_00497.jpg  sim=+0.491  ddg:mia khalifa sheytan jewelry launch
  KEPT mia_00498.jpg  sim=+0.617  ddg:mia khalifa sheytan jewelry launch
set det-size: (1024, 1024)
set det-size: (640, 640)
set det-size: (1024, 1024)
set det-size: (640, 640)
  KEPT mia_00499.jpg  sim=+0.768  ddg:mia khalifa sheytan jewelry launch
  KEPT mia_00500.jpg  sim=+0.554  ddg:mia khalifa sheytan jewelry launch
  KEPT mia_00501.jpg  sim=+0.637  ddg:mia khalifa sheytan jewelry launch
  KEPT mia_00502.jpg  sim=+0.809  ddg:mia khalifa sheytan jewelry launch
  KEPT mia_00503.jpg  sim=+0.645  ddg:mia khalifa sheytan jewelry launch
  KEPT mia_00504.jpg  sim=+0.699  ddg:mia khalifa sheytan jewelry launch
set det-size: (1024, 1024)
set det-size: (640, 640)
set det-size: (1024, 1024)
set det-size: (640, 640)
set det-size: (1024, 1024)
set det-size: (640, 640)
  KEPT mia_00505.jpg  sim=+0.672  ddg:mia khalifa sheytan jewelry launch
set det-size: (1024, 1024)
set det-size: (640, 640)
  KEPT mia_00506.jpg  sim=+0.617  ddg:mia khalifa sheytan jewelry launch
  KEPT mia_00507.jpg  sim=+0.749  ddg:mia khalifa adidas party los angeles
  KEPT mia_00508.jpg  sim=+0.803  ddg:mia khalifa adidas party los angeles
  KEPT mia_00509.jpg  sim=+0.760  ddg:mia khalifa adidas party los angeles
  KEPT mia_00510.jpg  sim=+0.793  ddg:mia khalifa adidas party los angeles
  KEPT mia_00511.jpg  sim=+0.427  ddg:mia khalifa adidas party los angeles
  KEPT mia_00512.jpg  sim=+0.475  ddg:mia khalifa adidas party los angeles
  KEPT mia_00513.jpg  sim=+0.452  ddg:mia khalifa adidas party los angeles
  KEPT mia_00514.jpg  sim=+0.798  ddg:mia khalifa adidas party los angeles
  KEPT mia_00515.jpg  sim=+0.485  ddg:mia khalifa adidas party los angeles
  KEPT mia_00516.jpg  sim=+0.766  ddg:mia khalifa adidas party los angeles
  KEPT mia_00517.jpg  sim=+0.713  ddg:mia khalifa adidas party los angeles
  KEPT mia_00518.jpg  sim=+0.429  ddg:mia khalifa adidas party los angeles
  KEPT mia_00519.jpg  sim=+0.774  ddg:mia khalifa adidas party los angeles
  KEPT mia_00520.jpg  sim=+0.743  ddg:mia khalifa adidas party los angeles
  KEPT mia_00521.jpg  sim=+0.744  ddg:mia khalifa adidas party los angeles
  KEPT mia_00522.jpg  sim=+0.619  ddg:mia khalifa adidas party los angeles
  KEPT mia_00523.jpg  sim=+0.663  ddg:mia khalifa adidas party los angeles
set det-size: (1024, 1024)
set det-size: (640, 640)
set det-size: (1024, 1024)
set det-size: (640, 640)
set det-size: (1024, 1024)
set det-size: (640, 640)
set det-size: (1024, 1024)
set det-size: (640, 640)
set det-size: (1024, 1024)
set det-size: (640, 640)
set det-size: (1024, 1024)
set det-size: (640, 640)
  KEPT mia_00524.jpg  sim=+0.819  ddg:mia khalifa adidas party los angeles
  KEPT mia_00525.jpg  sim=+0.550  ddg:mia khalifa adidas party los angeles
set det-size: (1024, 1024)
set det-size: (640, 640)
set det-size: (1024, 1024)
set det-size: (640, 640)
  KEPT mia_00526.jpg  sim=+0.832  ddg:mia khalifa adidas party los angeles
  KEPT mia_00527.jpg  sim=+0.713  ddg:mia khalifa adidas party los angeles
  KEPT mia_00528.jpg  sim=+0.781  ddg:mia khalifa adidas party los angeles
set det-size: (1024, 1024)
set det-size: (640, 640)
  KEPT mia_00529.jpg  sim=+0.627  ddg:mia khalifa adidas party los angeles
  KEPT mia_00530.jpg  sim=+0.614  ddg:mia khalifa adidas party los angeles
  KEPT mia_00531.jpg  sim=+0.661  ddg:mia khalifa adidas party los angeles
  KEPT mia_00532.jpg  sim=+0.648  ddg:mia khalifa adidas party los angeles
  KEPT mia_00533.jpg  sim=+0.723  ddg:mia khalifa adidas party los angeles
  KEPT mia_00534.jpg  sim=+0.612  ddg:mia khalifa adidas party los angeles
  KEPT mia_00535.jpg  sim=+0.644  ddg:mia khalifa adidas party los angeles
  KEPT mia_00536.jpg  sim=+0.683  ddg:mia khalifa adidas party los angeles
set det-size: (1024, 1024)
set det-size: (640, 640)
  KEPT mia_00537.jpg  sim=+0.733  ddg:mia khalifa adidas party los angeles
  KEPT mia_00538.jpg  sim=+0.664  ddg:mia khalifa adidas party los angeles
  KEPT mia_00539.jpg  sim=+0.692  ddg:mia khalifa adidas party los angeles
  KEPT mia_00540.jpg  sim=+0.633  ddg:mia khalifa adidas party los angeles
  KEPT mia_00541.jpg  sim=+0.705  ddg:mia khalifa hawtcelebs photocall
  KEPT mia_00542.jpg  sim=+0.799  ddg:mia khalifa hawtcelebs photocall
  KEPT mia_00543.jpg  sim=+0.770  ddg:mia khalifa hawtcelebs photocall
  KEPT mia_00544.jpg  sim=+0.741  ddg:mia khalifa hawtcelebs photocall
  KEPT mia_00545.jpg  sim=+0.814  ddg:mia khalifa hawtcelebs photocall
  KEPT mia_00546.jpg  sim=+0.799  ddg:mia khalifa hawtcelebs photocall
  KEPT mia_00547.jpg  sim=+0.602  ddg:mia khalifa hawtcelebs photocall
  KEPT mia_00548.jpg  sim=+0.728  ddg:mia khalifa hawtcelebs photocall
  KEPT mia_00549.jpg  sim=+0.781  ddg:mia khalifa hawtcelebs photocall
  KEPT mia_00550.jpg  sim=+0.504  ddg:mia khalifa hawtcelebs photocall

Run done: +300 kept this run  harvest_total=550  manifest -> /Users/aoxo/vscode/e85/target/harvest/mia/manifest.json
Rebuilt /Users/aoxo/vscode/e85/target/mia.zip  751 unique crops (deduped vs existing zip)
