/Users/aoxo/Library/Python/3.9/lib/python/site-packages/urllib3/__init__.py:35: NotOpenSSLWarning: urllib3 v2 only supports OpenSSL 1.1.1+, currently the 'ssl' module is compiled with 'LibreSSL 2.8.3'. See: https://github.com/urllib3/urllib3/issues/3020
  warnings.warn(
query-set scout2: 20 DDG/Bing + 6 LAION
sins: zip=298  harvest_kept=260  target=1000  dedup_seeded=1014
/Users/aoxo/Library/Python/3.9/lib/python/site-packages/insightface/utils/transform.py:68: FutureWarning: `rcond` parameter will change to the default of machine precision times ``max(M, N)`` where M and N are the input matrix dimensions.
To use the future default and silence this warning we advise to pass `rcond=None`, to keep using the old, explicitly pass `rcond=-1`.
  P = np.linalg.lstsq(X_homo, Y)[0].T # Affine matrix. 3 x 4
Applied providers: ['CPUExecutionProvider'], with options: {'CPUExecutionProvider': {}}
find model: /Users/aoxo/.insightface/models/buffalo_l/1k3d68.onnx landmark_3d_68 ['None', 3, 192, 192] 0.0 1.0
Applied providers: ['CPUExecutionProvider'], with options: {'CPUExecutionProvider': {}}
find model: /Users/aoxo/.insightface/models/buffalo_l/2d106det.onnx landmark_2d_106 ['None', 3, 192, 192] 0.0 1.0
Applied providers: ['CPUExecutionProvider'], with options: {'CPUExecutionProvider': {}}
find model: /Users/aoxo/.insightface/models/buffalo_l/det_10g.onnx detection [1, 3, '?', '?'] 127.5 128.0
Applied providers: ['CPUExecutionProvider'], with options: {'CPUExecutionProvider': {}}
find model: /Users/aoxo/.insightface/models/buffalo_l/genderage.onnx genderage ['None', 3, 96, 96] 0.0 1.0
Applied providers: ['CPUExecutionProvider'], with options: {'CPUExecutionProvider': {}}
find model: /Users/aoxo/.insightface/models/buffalo_l/w600k_r50.onnx recognition ['None', 3, 112, 112] 127.5 127.5
set det-size: (640, 640)
identity centroid from /Users/aoxo/vscode/e85/target/sins.zip
DDG search: 20 queries x 120
  DDG fail 'site:news.com johnny sins': No results found.
LAION-5B search: 6 queries x 120
  LAION fail 'johnny sins interview photograph real': HTTPSConnectionPool(host='knn5.laion.ai', port=443): Max retries exceeded with url: /knn-service (Caused by NewConnectionError("HTTPSConnection(host='knn5.laion.ai', port=443): Failed to establish a new connection: [Errno 60] Operation timed out"))
  LAION fail 'johnny sins bald man portrait photo': HTTPSConnectionPool(host='knn5.laion.ai', port=443): Max retries exceeded with url: /knn-service (Caused by NewConnectionError("HTTPSConnection(host='knn5.laion.ai', port=443): Failed to establish a new connection: [Errno 60] Operation timed out"))
  LAION fail 'johnny sins actor behind the scenes': HTTPSConnectionPool(host='knn5.laion.ai', port=443): Max retries exceeded with url: /knn-service (Caused by NewConnectionError("HTTPSConnection(host='knn5.laion.ai', port=443): Failed to establish a new connection: [Errno 60] Operation timed out"))
  LAION fail 'johnnysins television cameo screenshot': HTTPSConnectionPool(host='knn5.laion.ai', port=443): Max retries exceeded with url: /knn-service (Caused by NewConnectionError("HTTPSConnection(host='knn5.laion.ai', port=443): Failed to establish a new connection: [Errno 60] Operation timed out"))
  LAION fail 'johnny sins convention photo fan': HTTPSConnectionPool(host='knn5.laion.ai', port=443): Max retries exceeded with url: /knn-service (Caused by NewConnectionError("HTTPSConnection(host='knn5.laion.ai', port=443): Failed to establish a new connection: [Errno 60] Operation timed out"))
  LAION fail 'johnny sins professional headshot': HTTPSConnectionPool(host='knn5.laion.ai', port=443): Max retries exceeded with url: /knn-service (Caused by NewConnectionError("HTTPSConnection(host='knn5.laion.ai', port=443): Failed to establish a new connection: [Errno 60] Operation timed out"))
Bing crawl: 20 queries x 120
2026-08-29 23:13:32,869 - INFO - icrawler.crawler - start crawling...
2026-08-29 23:13:32,869 - INFO - icrawler.crawler - starting 1 feeder threads...
2026-08-29 23:13:32,870 - INFO - icrawler.crawler - starting 1 parser threads...
2026-08-29 23:13:32,871 - INFO - icrawler.crawler - starting 2 downloader threads...
2026-08-29 23:13:32,871 - INFO - feeder - thread feeder-001 exit
2026-08-29 23:13:33,363 - INFO - parser - parsing result page https://www.bing.com/images/async?q=site:reddit.com johnny sins photo&first=0
2026-08-29 23:13:33,865 - INFO - downloader - image #1	https://wallpapers.com/images/hd/johnny-sins-at-avn-awards-l3lbw03v8wpyzbkq.jpg
2026-08-29 23:13:33,865 - INFO - downloader - image #2	https://wallpapers.com/images/hd/johnny-sins-tearing-shirt-tw0ott4omlhnjyk1.jpg
2026-08-29 23:13:33,959 - INFO - downloader - image #3	https://wallpapers.com/images/hd/johnny-sins-at-convention-dmrg32u5m6tuw1s0.jpg
2026-08-29 23:13:33,960 - INFO - downloader - image #4	https://wallpapers.com/images/hd/johnny-sins-with-award-w6rkexvf56geckoe.jpg
2026-08-29 23:13:34,037 - INFO - downloader - image #5	https://wallpapers.com/images/hd/doctor-johnny-sins-6vleyqyzdu5tcn5c.jpg
2026-08-29 23:13:34,131 - INFO - downloader - image #6	https://wallpapers.com/images/hd/johnny-sins-and-roles-9o8lzgri4e0flfks.jpg
2026-08-29 23:13:34,228 - INFO - downloader - image #7	https://wallpapers.com/images/hd/smiling-johnny-sins-0hlr7xbb3sx3drnh.jpg
2026-08-29 23:13:34,373 - INFO - downloader - image #8	https://m.media-amazon.com/images/M/MV5BNzZhMDVmMjItZGIwYi00NzdiLWJkZjctNzQ5MzA4Njg4MDBhXkEyXkFqcGc@._V1_FMjpg_UX1000_.jpg
2026-08-29 23:13:34,379 - INFO - downloader - image #9	https://wallpapers.com/images/hd/johnny-sins-jojo-meme-l53d7qepl3u296d0.jpg
2026-08-29 23:13:34,459 - INFO - downloader - image #10	https://wallpapers.com/images/hd/fully-suited-johnny-sins-tja2j9hb1g5jbsxd.jpg
2026-08-29 23:13:34,467 - INFO - downloader - image #11	https://wallpapers.com/images/hd/johnny-sins-dslr-selfie-ajxw8yiskr3j0vg5.jpg
2026-08-29 23:13:34,531 - INFO - downloader - image #12	https://wallpapers.com/images/hd/surprised-johnny-sins-55n883u40r8pnrzo.jpg
2026-08-29 23:13:34,578 - INFO - downloader - image #13	https://wallpapers.com/images/hd/johnny-sins-youtube-video-wmj4aty0v0wu8rrx.jpg
2026-08-29 23:13:34,616 - INFO - downloader - image #14	https://wallpapers.com/images/featured-full/johnny-sins-xj4uhui67ksgo49s.jpg
2026-08-29 23:13:34,713 - INFO - downloader - image #15	https://wallpapers.com/images/hd/johnny-sins-in-tweed-suit-svy4gv3vbk1vjlbt.jpg
2026-08-29 23:13:34,801 - INFO - downloader - image #16	https://wallpapers.com/images/hd/johnny-sins-pastel-filter-359stlklvh8c67zc.jpg
2026-08-29 23:13:34,867 - INFO - downloader - image #17	https://wallpapers.com/images/hd/johnny-sins-showing-off-abs-h3b6p3ued8jususq.jpg
2026-08-29 23:13:34,935 - INFO - downloader - image #18	https://wallpapers.com/images/hd/johnny-sins-artwork-x35i7db6bypcn1gi.jpg
2026-08-29 23:13:35,677 - INFO - downloader - image #19	https://imgcdn.stablediffusionweb.com/2025/1/22/ba0b4ac5-a7a3-40ef-96a2-fb6e37c7f1f6.jpg
2026-08-29 23:13:35,866 - INFO - downloader - image #20	https://i.pinimg.com/originals/5e/a8/80/5ea8806cd41f36d9149d80b81ee8513c.jpg
2026-08-29 23:13:35,959 - INFO - downloader - image #21	https://wallpapers.com/images/hd/johnny-sins-before-filming-cn39dxjdqsg46q4l.jpg
2026-08-29 23:13:36,503 - INFO - downloader - image #22	https://www.dpzone.in/wp-content/uploads/3/Johnny-Sins-PFP-7.jpg
2026-08-29 23:13:36,583 - INFO - downloader - image #23	https://wallpapers.com/images/hd/johnny-sins-wacky-selfie-qkwwxm0y83pqf8jp.jpg
2026-08-29 23:13:36,667 - INFO - downloader - image #24	https://wallpapers.com/images/hd/johnny-sins-showing-off-green-screen-773oh2qvzu3jb0hj.jpg
2026-08-29 23:13:36,750 - INFO - downloader - image #25	https://wallpapers.com/images/hd/johnny-sins-as-cop-jd4bb79ky3y197nj.jpg
2026-08-29 23:13:36,750 - INFO - parser - parsing result page https://www.bing.com/images/async?q=site:reddit.com johnny sins photo&first=20
2026-08-29 23:13:37,005 - INFO - parser - parsing result page https://www.bing.com/images/async?q=site:reddit.com johnny sins photo&first=40
2026-08-29 23:13:37,064 - INFO - downloader - image #26	https://imgcdn.stablediffusionweb.com/2024/10/10/cbdeab8e-40fe-415f-b931-47b94bb6c813.jpg
2026-08-29 23:13:37,137 - INFO - downloader - image #27	https://wallpapers.com/images/hd/johnny-sins-commencement-speaker-tuvgdi9myydib8x1.jpg
2026-08-29 23:13:37,219 - INFO - downloader - image #28	https://wallpapers.com/images/hd/johnny-sins-during-interview-si2jry2t22t1lyac.jpg
2026-08-29 23:13:37,253 - INFO - parser - parsing result page https://www.bing.com/images/async?q=site:reddit.com johnny sins photo&first=60
2026-08-29 23:13:37,491 - INFO - parser - parsing result page https://www.bing.com/images/async?q=site:reddit.com johnny sins photo&first=80
2026-08-29 23:13:37,782 - INFO - parser - parsing result page https://www.bing.com/images/async?q=site:reddit.com johnny sins photo&first=100
2026-08-29 23:13:38,188 - INFO - downloader - image #29	https://facts.net/wp-content/uploads/2023/10/22-astounding-facts-about-johnny-sins-1696433310.jpg
2026-08-29 23:13:39,805 - INFO - parser - no more page urls for thread parser-001 to parse
2026-08-29 23:13:39,807 - INFO - parser - thread parser-001 exit
2026-08-29 23:13:42,226 - INFO - downloader - no more download task for thread downloader-002
2026-08-29 23:13:42,227 - INFO - downloader - thread downloader-002 exit
2026-08-29 23:13:43,196 - INFO - downloader - no more download task for thread downloader-001
2026-08-29 23:13:43,196 - INFO - downloader - thread downloader-001 exit
2026-08-29 23:13:43,952 - INFO - icrawler.crawler - Crawling task done!
2026-08-29 23:13:44,982 - INFO - icrawler.crawler - start crawling...
2026-08-29 23:13:44,983 - INFO - icrawler.crawler - starting 1 feeder threads...
2026-08-29 23:13:44,983 - INFO - icrawler.crawler - starting 1 parser threads...
2026-08-29 23:13:44,984 - INFO - icrawler.crawler - starting 2 downloader threads...
2026-08-29 23:13:44,984 - INFO - feeder - thread feeder-001 exit
2026-08-29 23:13:45,384 - INFO - parser - parsing result page https://www.bing.com/images/async?q=site:flickr.com johnny sins&first=0
2026-08-29 23:13:45,615 - INFO - parser - parsing result page https://www.bing.com/images/async?q=site:flickr.com johnny sins&first=20
2026-08-29 23:13:45,784 - INFO - downloader - image #1	https://static.businessworld.in/1626112752_n9XmI1_KL_University_Vijayawada_Campus.jpg
2026-08-29 23:13:45,823 - INFO - parser - parsing result page https://www.bing.com/images/async?q=site:flickr.com johnny sins&first=40
2026-08-29 23:13:46,070 - INFO - downloader - image #2	https://i.pinimg.com/originals/02/2d/68/022d682c16696f6e4ea25381d0245424.jpg
2026-08-29 23:13:46,092 - INFO - parser - parsing result page https://www.bing.com/images/async?q=site:flickr.com johnny sins&first=60
2026-08-29 23:13:46,544 - INFO - downloader - image #3	https://i.ytimg.com/vi/8CW_TuiPWy4/maxresdefault.jpg
2026-08-29 23:13:48,141 - INFO - downloader - image #4	https://img.opencritic.com/game/6934/o/hpSCB7r3.jpg
2026-08-29 23:13:49,249 - INFO - downloader - image #5	https://cattailsgame.com/img/cattails_wildwood_story_keyart.jpg
2026-08-29 23:13:50,000 - INFO - downloader - image #6	https://gaming-cdn.com/images/products/15257/orig/cattails-wildwood-story-pc-mac-game-steam-cover.jpg
2026-08-29 23:13:51,696 - INFO - downloader - image #7	https://residententertainment.com.au/wp-content/uploads/2017/11/CATTAILS-HEADER.jpg
2026-08-29 23:13:51,759 - INFO - downloader - image #8	https://www.nintendoworldreport.com/media/48990/1/3.jpg
2026-08-29 23:13:52,755 - INFO - downloader - image #9	https://img.opencritic.com/game/15692/o/hjBLwCLk.jpg
2026-08-29 23:13:53,345 - INFO - downloader - image #10	https://cattailsgame.com/1/img/simplebanner.jpg
2026-08-29 23:13:53,372 - INFO - downloader - image #11	https://files.vgtimes.com/si/game_72192_sr_en.jpg
2026-08-29 23:13:54,255 - INFO - downloader - image #12	https://images.kinguin.net/yt/carousel-main/vi/FF28dcgUOBo/maxresdefault.jpg
2026-08-29 23:13:54,305 - INFO - downloader - image #13	https://static0.gamerantimages.com/wordpress/wp-content/uploads/2025/02/mixcollage-08-feb-2025-11-40-am-2303.jpg
2026-08-29 23:13:55,375 - INFO - downloader - image #14	https://shared.fastly.steamstatic.com/store_item_assets/steam/apps/634160/header.jpg
2026-08-29 23:13:55,564 - INFO - downloader - image #15	https://cdn.akamai.steamstatic.com/steam/apps/634160/ss_94e1f775592573b91a2ddfbe73ecfcc49c22b0bd.1920x1080.jpg
2026-08-29 23:13:56,010 - ERROR - downloader - Response status code 202, file https://jrpgc.com/wp-content/uploads/2025/06/sc69hw.jpg
2026-08-29 23:13:56,441 - INFO - downloader - image #16	https://cdn.akamai.steamstatic.com/steam/apps/1882500/ss_feaf6820bdac9ab85cca7f74d5babb7302db4a55.1920x1080.jpg
2026-08-29 23:13:56,636 - INFO - downloader - image #17	https://shared.fastly.steamstatic.com/store_item_assets/steam/apps/1882500/ss_cfc3cac5dd4138339f5dc839b932c579f78fc0b1.1920x1080.jpg
2026-08-29 23:13:56,732 - INFO - parser - parsing result page https://www.bing.com/images/async?q=site:flickr.com johnny sins&first=80
2026-08-29 23:13:56,956 - INFO - parser - parsing result page https://www.bing.com/images/async?q=site:flickr.com johnny sins&first=100
2026-08-29 23:13:57,199 - INFO - downloader - image #18	https://cozycatgaming.com/images/games/cattails-wildwood-story/header.jpg
2026-08-29 23:13:58,469 - INFO - downloader - image #19	https://wallpapercave.com/wp/wp13593437.jpg
2026-08-29 23:13:59,296 - INFO - downloader - image #20	https://wallpapercave.com/wp/wp13463425.jpg
2026-08-29 23:14:00,292 - INFO - downloader - image #21	https://shared.cloudflare.steamstatic.com/store_item_assets/steam/apps/634160/ss_ebb77c848050885c3060ed5262fa826db2cd874f.1920x1080.jpg
2026-08-29 23:14:00,749 - INFO - downloader - image #22	https://getwallpapers.com/wallpaper/full/6/5/d/984921-gorgerous-hello-kitty-desktop-background-wallpapers-1920x1200.jpg
2026-08-29 23:14:00,908 - INFO - downloader - image #23	https://www.pixelstalk.net/wp-content/uploads/image11/Hello-Kitty-Wallpaper-4K-for-PC.jpg
2026-08-29 23:14:01,351 - INFO - downloader - image #24	https://wallpaperbat.com/img/30206749-hello-kitty-pink-desktop-wallpaper.jpg
2026-08-29 23:14:01,574 - INFO - downloader - image #25	https://wallpapercave.com/wp/wp12319578.jpg
2026-08-29 23:14:01,973 - INFO - downloader - image #26	https://wallpapercave.com/wp/wp6777060.jpg
2026-08-29 23:14:02,856 - INFO - downloader - image #27	https://wallpapercave.com/wp/wp6777099.jpg
2026-08-29 23:14:03,581 - INFO - downloader - image #28	https://wallpapers-clan.com/wp-content/uploads/2024/10/hello-kitty-pink-sparkles-cute-desktop-wallpaper-preview.jpg
2026-08-29 23:14:04,422 - INFO - downloader - image #29	https://wallpapers-clan.com/wp-content/uploads/2024/11/pink-and-cute-hello-kitty-desktop-wallpaper-preview.jpg
2026-08-29 23:14:05,805 - INFO - downloader - image #30	https://wallpapers-clan.com/wp-content/uploads/2024/12/hello-kitty-cute-background-pc-wallpaper-preview.jpg
2026-08-29 23:14:06,935 - INFO - downloader - image #31	https://wallpapers.com/images/hd/hello-kitty-pc-gcigvvk6gt3v8298.jpg
2026-08-29 23:14:07,093 - INFO - downloader - image #32	https://wallpapers.com/images/hd/hello-kitty-pc-kbha8a5w146z68g0.jpg
2026-08-29 23:14:08,145 - INFO - downloader - image #33	https://wallpapers.com/images/hd/hello-kitty-pc-uoaytfzu54x4f6e9.jpg
2026-08-29 23:14:08,378 - INFO - downloader - image #34	https://wallpapercg.com/download/hello-kitty-supercute-5120x2880-30888.jpg
2026-08-29 23:14:08,512 - INFO - downloader - image #35	https://wallpapercave.com/wp/wp6777203.jpg
2026-08-29 23:14:08,609 - INFO - downloader - image #36	https://wallpaperbat.com/img/1856762-hello-kitty-desktop-wallpaper-hello-kitty-background-hello-kitty-wallpaper-credit-card-design.jpg
2026-08-29 23:14:08,785 - INFO - downloader - image #37	https://wallpapers.com/images/hd/hello-kitty-pc-xt91k3y4hxf90pe2.jpg
2026-08-29 23:14:09,149 - INFO - downloader - image #38	https://wallpapercave.com/wp/wp9572516.jpg
2026-08-29 23:14:11,125 - INFO - parser - no more page urls for thread parser-001 to parse
2026-08-29 23:14:11,126 - INFO - parser - thread parser-001 exit
2026-08-29 23:14:11,893 - INFO - downloader - image #39	https://wallpapercave.com/wp/wp6777222.jpg
2026-08-29 23:14:12,206 - INFO - downloader - image #40	https://wallpapercave.com/wp/wp7833758.jpg
2026-08-29 23:14:12,809 - INFO - downloader - image #41	https://wallpapercave.com/wp/zR2krff.jpg
2026-08-29 23:14:13,482 - INFO - downloader - image #42	https://wallpaperaccess.com/full/188559.jpg
2026-08-29 23:14:14,318 - INFO - downloader - image #43	https://wallpaperaccess.com/full/1689721.jpg
2026-08-29 23:14:19,303 - INFO - downloader - image #44	https://wallpapers-clan.com/wp-content/uploads/2024/06/hello-kitty-flower-meadow-desktop-wallpaper-preview.jpg
2026-08-29 23:14:19,326 - INFO - downloader - no more download task for thread downloader-001
2026-08-29 23:14:19,327 - INFO - downloader - thread downloader-001 exit
2026-08-29 23:14:24,309 - INFO - downloader - no more download task for thread downloader-002
2026-08-29 23:14:24,310 - INFO - downloader - thread downloader-002 exit
2026-08-29 23:14:24,468 - INFO - icrawler.crawler - Crawling task done!
2026-08-29 23:14:25,509 - INFO - icrawler.crawler - start crawling...
2026-08-29 23:14:25,510 - INFO - icrawler.crawler - starting 1 feeder threads...
2026-08-29 23:14:25,510 - INFO - icrawler.crawler - starting 1 parser threads...
2026-08-29 23:14:25,511 - INFO - icrawler.crawler - starting 2 downloader threads...
2026-08-29 23:14:25,511 - INFO - feeder - thread feeder-001 exit
2026-08-29 23:14:25,997 - INFO - parser - parsing result page https://www.bing.com/images/async?q=site:twitter.com johnny sins&first=0
2026-08-29 23:14:26,588 - ERROR - downloader - Response status code 403, file https://www.publicdomainpictures.net/pictures/270000/velka/watercolor-background-abstract-1530684076KRs.jpg
2026-08-29 23:14:26,819 - ERROR - downloader - Response status code 403, file https://www.publicdomainpictures.net/pictures/160000/velka/streak-background.jpg
2026-08-29 23:14:26,945 - ERROR - downloader - Response status code 404, file https://img.rawpixel.com/s3fs-private/rawpixel_images/website_content/v497-katie-13-abstractbackground_1.jpg
2026-08-29 23:14:27,561 - ERROR - downloader - Response status code 404, file https://img.rawpixel.com/s3fs-private/rawpixel_images/website_content/v351-kul-12-equalizerbackground_2.jpg
2026-08-29 23:14:27,863 - ERROR - downloader - Response status code 403, file https://www.publicdomainpictures.net/pictures/590000/velka/abstract-flowing-light-background-1710394810aOy.jpg
2026-08-29 23:14:28,355 - ERROR - downloader - Response status code 403, file https://www.publicdomainpictures.net/pictures/50000/velka/sunset-background-1371188975Z2h.jpg
2026-08-29 23:14:28,648 - ERROR - downloader - Response status code 403, file https://www.publicdomainpictures.net/pictures/240000/nahled/abstract-background-1515166188zEz.jpg
2026-08-29 23:14:29,060 - INFO - downloader - image #1	https://images.rawpixel.com/image_800/cHJpdmF0ZS9sci9pbWFnZXMvd2Vic2l0ZS8yMDIyLTA1L3Y5OTYtMDI1LWpvYjU5OC5qcGc.jpg
2026-08-29 23:14:29,379 - ERROR - downloader - Response status code 403, file https://www.publicdomainpictures.net/pictures/70000/velka/background-1389886711akQ.jpg
2026-08-29 23:14:29,710 - ERROR - downloader - Response status code 403, file https://www.publicdomainpictures.net/pictures/250000/velka/abstract-background-1519905972meZ.jpg
2026-08-29 23:14:30,146 - ERROR - downloader - Response status code 403, file https://www.publicdomainpictures.net/pictures/670000/velka/flower-background-1737473612kTo.jpg
2026-08-29 23:14:30,185 - ERROR - downloader - Response status code 403, file https://www.publicdomainpictures.net/pictures/660000/velka/flower-background-1735574749bJ1.jpg
2026-08-29 23:14:30,448 - ERROR - downloader - Response status code 403, file https://www.publicdomainpictures.net/pictures/570000/velka/paper-background-for-scrapbook.jpg
2026-08-29 23:14:30,832 - INFO - downloader - image #2	https://images.rawpixel.com/image_social_landscape/cHJpdmF0ZS9sci9pbWFnZXMvd2Vic2l0ZS8yMDIyLTA1L3JtNDI4LTAwMTcuanBn.jpg
2026-08-29 23:14:31,325 - INFO - downloader - image #3	https://images.pexels.com/photos/2387819/pexels-photo-2387819.jpeg?cs=srgb&dl=pexels-adrien-olichon-1257089-2387819.jpg
2026-08-29 23:14:31,507 - INFO - downloader - image #4	https://images.rawpixel.com/image_800/czNmcy1wcml2YXRlL3Jhd3BpeGVsX2ltYWdlcy93ZWJzaXRlX2NvbnRlbnQvbHIvdi42NDAtcGVpcGVpLTIxLW1vZGVybmJnXzEuanBn.jpg
2026-08-29 23:14:31,687 - INFO - downloader - image #5	https://images.rawpixel.com/image_800/czNmcy1wcml2YXRlL3Jhd3BpeGVsX2ltYWdlcy93ZWJzaXRlX2NvbnRlbnQvbHIvam9iNDA1LW1hZXdoLTAyYS5qcGc.jpg
2026-08-29 23:14:31,691 - ERROR - downloader - Response status code 403, file https://www.publicdomainpictures.net/pictures/240000/t2/christmas-background-1512409099ojz.jpg
2026-08-29 23:14:31,976 - INFO - downloader - image #6	https://images.vexels.com/media/users/3/5069/list/66e9f328e8f14bb46689461cb44208ad-colorful-sun-background.jpg
2026-08-29 23:14:32,177 - ERROR - downloader - Response status code 403, file https://www.publicdomainpictures.net/pictures/20000/velka/abstract-background-122171296611885kPc.jpg
2026-08-29 23:14:32,790 - ERROR - downloader - Response status code 403, file https://www.publicdomainpictures.net/pictures/280000/velka/abstract-background-1541768757yb0.jpg
2026-08-29 23:14:32,975 - ERROR - downloader - Response status code 403, file https://www.publicdomainpictures.net/pictures/590000/velka/abstract-blue-gold-background.jpg
2026-08-29 23:14:33,469 - ERROR - downloader - Response status code 404, file https://img.rawpixel.com/s3fs-private/rawpixel_images/website_content/v815-tang-38a.jpg
2026-08-29 23:14:33,741 - ERROR - downloader - Response status code 403, file https://www.publicdomainpictures.net/pictures/610000/velka/floral-background-illustration-1714633598y3z.jpg
2026-08-29 23:14:33,814 - INFO - parser - parsing result page https://www.bing.com/images/async?q=site:twitter.com johnny sins&first=20
2026-08-29 23:14:33,829 - ERROR - downloader - Response status code 403, file https://www.publicdomainpictures.net/pictures/660000/velka/flower-background-17354931108mK.jpg
2026-08-29 23:14:34,222 - ERROR - downloader - Response status code 403, file https://www.publicdomainpictures.net/pictures/660000/velka/flower-background-1734973863Dc8.jpg
2026-08-29 23:14:34,230 - ERROR - downloader - Response status code 403, file https://www.publicdomainpictures.net/pictures/20000/velka/daisies-on-red-background-871294684498es8.jpg
2026-08-29 23:14:34,880 - ERROR - downloader - Response status code 403, file https://www.publicdomainpictures.net/pictures/680000/velka/flower-background-art-floral-1742154614LeS.jpg
2026-08-29 23:14:35,271 - ERROR - downloader - Response status code 403, file https://www.publicdomainpictures.net/pictures/660000/velka/abstract-background-17341738330cC.jpg
2026-08-29 23:14:35,314 - ERROR - downloader - Response status code 403, file https://www.publicdomainpictures.net/pictures/660000/velka/flower-background-173549312762R.jpg
2026-08-29 23:14:36,712 - INFO - downloader - image #7	https://i1.ruliweb.com/img/22/06/26/1819d1c8fe34af1ea.jpg
2026-08-29 23:14:36,950 - INFO - downloader - image #8	https://i1.ruliweb.com/img/18/01/25/1612c48372e9fc63.jpg
2026-08-29 23:14:37,629 - INFO - downloader - image #9	https://i.ytimg.com/vi/Kw2CYBaoiWo/maxresdefault.jpg
2026-08-29 23:14:37,678 - INFO - downloader - image #10	https://thumbnews.nateimg.co.kr/view610/news.nateimg.co.kr/orgImg/na/2023/06/23/6063875_high.jpg
2026-08-29 23:14:38,074 - INFO - downloader - image #11	https://pbs.twimg.com/media/COXU9dZUsAAoM1a.jpg
2026-08-29 23:14:38,155 - INFO - downloader - image #12	https://img.bemil.chosun.com/nbrd/data/10044/upfile/201606/20160616122042.jpg
2026-08-29 23:14:38,484 - ERROR - downloader - Response status code 404, file https://mblogthumb-phinf.pstatic.net/MjAyMDAxMTZfNyAg/MDAxNTc5MTM5NzcwMDYy.5t9CCLoWywJOz7iw_TqPj6nmExoojg5OvB7TEo4xdYIg.xvbKWCd0x5mimVRNX9LEstMz5OpHhFwnE8eM4udmYagg.JPEG.mjarmy0004/O_125233_6_1478571229589.jpg
2026-08-29 23:14:39,074 - INFO - downloader - image #13	https://www.haebyeong.com/files/attach/images/545553/327/150/f8dffe7efdc6abc2f43c3d05d8262c3f.jpg
2026-08-29 23:14:39,963 - INFO - downloader - image #14	https://www.korea.kr/newsWeb/resources/attaches/namo/2011.01/27/83044/2.jpg
2026-08-29 23:14:40,548 - INFO - downloader - image #15	https://media.bunjang.co.kr/product/219436877_1_1680005175_w360.jpg
2026-08-29 23:14:42,668 - INFO - downloader - image #16	https://www.hidomin.com/news/photo/201105/enterphoto_65.jpg
2026-08-29 23:14:42,894 - INFO - downloader - image #17	https://cdn.gnynews.co.kr/news/photo/201709/258999_56815_01.jpg
2026-08-29 23:14:42,951 - INFO - downloader - image #18	http://img.bemil.chosun.com/nbrd/data/10044/upfile/201201/20120104232444.jpg
2026-08-29 23:14:43,138 - INFO - parser - parsing result page https://www.bing.com/images/async?q=site:twitter.com johnny sins&first=40
2026-08-29 23:14:44,397 - INFO - downloader - image #19	https://www.news4000.com/news/photo/201202/10762_18261_2919.jpg
2026-08-29 23:14:44,564 - INFO - downloader - image #20	https://pds.joongang.co.kr/news/component/htmlphoto_mmdata/201711/26/4bc4d2fe-e721-452b-a98a-a620dbcc701f.jpg
2026-08-29 23:14:44,625 - INFO - downloader - image #21	http://img.bemil.chosun.com/nbrd/data/10044/upfile/201102/20110211175540.jpg
2026-08-29 23:14:44,851 - INFO - downloader - image #22	https://img.bemil.chosun.com/nbrd/data/10044/upfile/201101/20110101130002.jpg
2026-08-29 23:14:46,077 - INFO - downloader - image #23	https://photosfile.com/wp-content/uploads/2023/01/Bajrangbali-Photos-41-768x1364.jpg
2026-08-29 23:14:46,652 - INFO - downloader - image #24	https://www.fnnews.com/resource/media/image/2023/06/23/202306231629225055_l.jpg
2026-08-29 23:14:47,556 - INFO - downloader - image #25	https://aadoo.in/wp-content/uploads/2023/09/Bajrangbali-Photo-Bajrangbali-Ka-Photo-7.jpg
2026-08-29 23:14:49,285 - INFO - downloader - image #26	https://photosfile.com/wp-content/uploads/2023/01/Bajrangbali-Photos-49.jpg
2026-08-29 23:14:50,318 - INFO - downloader - image #27	https://photosfile.com/wp-content/uploads/2023/01/Bajrangbali-Photos-19.jpg
2026-08-29 23:14:50,860 - INFO - downloader - image #28	https://photosfile.com/wp-content/uploads/2023/01/Bajrangbali-Photos-22.jpg
2026-08-29 23:14:51,288 - INFO - downloader - image #29	https://wallpaperbat.com/img/1031365-bajrangbali-photo-4k.jpg
2026-08-29 23:14:51,817 - INFO - downloader - image #30	https://wallpapers.com/images/hd/bajrangbali-holding-an-island-wtsx3wi93bovc8jh.jpg
2026-08-29 23:14:52,522 - INFO - downloader - image #31	https://i.pinimg.com/originals/71/0e/61/710e61263c709c60c61fc20261e4eeb2.jpg
2026-08-29 23:14:52,725 - INFO - downloader - image #32	https://wallpapercave.com/wp/wp14774172.jpg
2026-08-29 23:14:53,176 - ERROR - downloader - Response status code 403, file https://e0.pxfuel.com/wallpapers/799/875/desktop-wallpaper-of-shree-hanuman-bajrangbali-hanumanji.jpg
2026-08-29 23:14:53,639 - INFO - downloader - image #33	https://aadoo.in/wp-content/uploads/2023/09/Bajrangbali-Photo-Bajrangbali-Ka-Photo-5.jpg
2026-08-29 23:14:54,373 - INFO - downloader - image #34	https://photosfile.com/wp-content/uploads/2023/01/Bajrangbali-Photos-10.jpg
2026-08-29 23:14:54,714 - INFO - downloader - image #35	https://photosfile.com/wp-content/uploads/2023/01/Bajrangbali-Photos-2.jpg
2026-08-29 23:14:54,801 - INFO - downloader - image #36	https://i.pinimg.com/originals/41/c9/89/41c989b51b47fbc23300daf235c71269.jpg
2026-08-29 23:14:55,628 - ERROR - downloader - Response status code 403, file https://w0.peakpx.com/wallpaper/185/15/HD-wallpaper-bajrangbali-ka-panchmukhi-hanuman-ji-lord-god.jpg
2026-08-29 23:14:56,798 - INFO - downloader - image #37	https://wallpaperaccess.com/full/2027942.jpg
2026-08-29 23:14:56,804 - INFO - downloader - image #38	https://wallpapercave.com/wp/wp14774173.jpg
2026-08-29 23:14:56,886 - INFO - downloader - image #39	https://i.pinimg.com/originals/2e/0b/0f/2e0b0fedf9f0dfbae85f2c4f2c4fb1f5.jpg
2026-08-29 23:14:58,231 - INFO - downloader - image #40	https://wallpaperaccess.com/full/1268516.jpg
2026-08-29 23:14:59,817 - INFO - downloader - image #41	https://wallpapercave.com/wp/wp14774211.jpg
2026-08-29 23:15:01,130 - INFO - downloader - image #42	https://photosfile.com/wp-content/uploads/2023/01/Bajrangbali-Photos-24-768x923.jpg
2026-08-29 23:15:01,219 - INFO - downloader - image #43	https://wallpapers.com/images/hd/majestic-bajrangbali-portrait-tjasxvkx1xt7z16m.jpg
2026-08-29 23:15:02,395 - INFO - downloader - image #44	https://wallpapers.com/images/hd/bajrangbali-meditating-a9ip9o7hq5cf7w8j.jpg
2026-08-29 23:15:02,423 - INFO - downloader - image #45	https://wallpapercave.com/wp/wp14774196.jpg
2026-08-29 23:15:02,741 - ERROR - downloader - Response status code 403, file https://w0.peakpx.com/wallpaper/518/639/HD-wallpaper-bajrangbali-light-background-lord-hanuman-ji.jpg
2026-08-29 23:15:03,656 - INFO - downloader - image #46	https://wallpapercave.com/wp/wp14774179.jpg
2026-08-29 23:15:03,680 - INFO - parser - parsing result page https://www.bing.com/images/async?q=site:twitter.com johnny sins&first=60
2026-08-29 23:15:04,025 - INFO - parser - parsing result page https://www.bing.com/images/async?q=site:twitter.com johnny sins&first=80
2026-08-29 23:15:04,038 - INFO - downloader - image #47	https://wallpapercave.com/wp/wp14306565.jpg
2026-08-29 23:15:04,589 - INFO - downloader - image #48	https://wallpapercave.com/wp/wp14774181.jpg
2026-08-29 23:15:06,132 - INFO - downloader - image #49	https://photosfile.com/wp-content/uploads/2023/01/Bajrangbali-Photos-9.jpg
2026-08-29 23:15:06,465 - INFO - downloader - image #50	https://www.bhaktiphotos.com/wp-content/uploads/2018/05/Sankat-Mochan-Bajrangbali-Hanuman-Ji.jpg
2026-08-29 23:15:06,763 - INFO - downloader - image #51	https://as1.ftcdn.net/v2/jpg/09/84/70/86/1000_F_984708675_UMmjHTwWwffXCnfFHV6v9i4eRSC1KqHd.jpg
2026-08-29 23:15:07,822 - INFO - downloader - image #52	https://images2.thanhnien.vn/528068263637045248/2025/9/2/3a-ngo-mon-co-do-hueanh-bui-ngoc-long-17568276645301738361036.jpg
2026-08-29 23:15:08,757 - INFO - downloader - image #53	https://bcp.cdnchinhphu.vn/334894974524682240/2023/6/15/dji0452-16868228543002119277839.jpg
2026-08-29 23:15:09,364 - INFO - downloader - image #54	https://khamphahue.com.vn/Portals/0/Medias/Nam2022/T10/QuanTheDiTichCoDoHue-NgoMonHue_5_10_2022_13_48_46_416_CH.jpg
2026-08-29 23:15:09,790 - INFO - downloader - image #55	https://edusmart.vn/wp-content/uploads/2024/06/hue1.jpg
2026-08-29 23:15:10,234 - INFO - downloader - image #56	https://cdn.pixabay.com/photo/2019/09/18/16/59/viet-nam-4487216_1280.jpg
2026-08-29 23:15:11,319 - INFO - downloader - image #57	https://sacotravel.com/wp-content/uploads/2023/07/Dai-Noi-Hue3.jpg
2026-08-29 23:15:11,561 - INFO - downloader - image #58	https://media-cdn-v2.laodong.vn/storage/newsportal/2023/6/27/1209604/352658914_6922050424.jpg
2026-08-29 23:15:11,790 - INFO - downloader - image #59	https://media-cdn-v2.laodong.vn/Storage/NewsPortal/2022/8/19/1082853/Lang_Khai_Dinh_Hue_0.jpg
2026-08-29 23:15:11,827 - INFO - downloader - image #60	https://bcp.cdnchinhphu.vn/334894974524682240/2022/12/20/dsc00402-16715231396161463266646.jpg
2026-08-29 23:15:12,070 - INFO - downloader - image #61	https://media-cdn-v2.laodong.vn/Storage/NewsPortal/2022/11/20/1118783/Van-Thanh-12.jpg
2026-08-29 23:15:12,717 - INFO - downloader - image #62	https://dulich3mien.vn/wp-content/uploads/2022/11/Dai-Noi-Hue-2.jpg
2026-08-29 23:15:12,997 - INFO - downloader - image #63	https://media-cdn-v2.laodong.vn/storage/newsportal/2023/6/27/1209604/352521770_6922050131.jpg
2026-08-29 23:15:13,210 - INFO - downloader - image #64	https://bcp.cdnchinhphu.vn/334894974524682240/2022/10/27/dsc09273-16668386663421850680633.jpg
2026-08-29 23:15:13,636 - INFO - downloader - image #65	https://ik.imagekit.io/tvlk/blog/2022/09/dia-diem-check-in-hue-2-1024x767.jpg
2026-08-29 23:15:14,077 - INFO - downloader - image #66	https://bcp.cdnchinhphu.vn/334894974524682240/2023/4/12/z3960637851352d825572bab99b2d6eaab13853e5f6da7-16812963926831913603241.jpg
2026-08-29 23:15:15,015 - INFO - downloader - image #67	https://ticotravel.com.vn/wp-content/uploads/2023/05/song-huong-hue-1.jpg
2026-08-29 23:15:15,069 - INFO - downloader - image #68	https://huetourism.gov.vn/Medias/Nam2023/Thang12/huetourism-festival-hue-2024-di-san-van-hoa-voi-hoi-nhap-va-phat-trien-3.jpg
2026-08-29 23:15:16,488 - INFO - downloader - image #69	https://images2.thanhnien.vn/528068263637045248/2023/2/23/14-16771459826721517416466.jpg
2026-08-29 23:15:16,819 - INFO - downloader - image #70	https://kenhhomestay.com/wp-content/uploads/2022/07/kinh-thanh-hue-6.jpg
2026-08-29 23:15:16,859 - INFO - downloader - image #71	https://bcp.cdnchinhphu.vn/334894974524682240/2023/3/22/z3960637842352a4b46c9d8a8cf06b83b31fbf79e6f4fb-16794843254761524939465.jpg
2026-08-29 23:15:17,561 - INFO - downloader - image #72	https://huedailytour.com/wp-content/uploads/2022/09/thien_vien_truc_lam_bach_ma_hue_08.jpg
2026-08-29 23:15:17,743 - INFO - downloader - image #73	https://static.vinwonders.com/production/cung-an-dinh-hue-banner.jpg
2026-08-29 23:15:18,594 - INFO - downloader - image #74	https://khamphahue.com.vn/Portals/0/Medias/Nam2022/T10/Khamphahue_ReviewHue20.jpg
2026-08-29 23:15:18,705 - INFO - downloader - image #75	https://booking.muongthanh.com/images/news/2025/05/original/du-lich-hue-3-ngay-2-dem_1747795215.jpg
2026-08-29 23:15:19,934 - INFO - downloader - image #76	https://bgi.vn/wp-content/uploads/2022/09/z3685439558894_401ff9b4451e7b07b4f5c01d33671f26-1024x575.jpg
2026-08-29 23:15:19,935 - INFO - downloader - image #77	https://media-cdn-v2.laodong.vn/Storage/NewsPortal/2022/11/23/1119926/Hue-10.jpg
2026-08-29 23:15:20,549 - INFO - downloader - image #78	https://static.vinwonders.com/production/pho-di-bo-hue-banner.jpg
2026-08-29 23:15:20,941 - INFO - downloader - image #79	https://ik.imagekit.io/tvlk/blog/2023/05/bao-tang-co-vat-cung-dinh-7-1024x683.jpg
2026-08-29 23:15:21,567 - INFO - downloader - image #80	https://static.vinwonders.com/production/doi-vong-canh-hue-5.jpg
2026-08-29 23:15:22,469 - INFO - downloader - image #81	https://bcp.cdnchinhphu.vn/334894974524682240/2023/1/16/dsc04227-16738563568321760545869.jpg
2026-08-29 23:15:23,104 - INFO - downloader - image #82	https://hue.gov.vn/Portals/0/ThuVienMedia/Nam2024/T3/DJI_0644-HDR copy.jpg
2026-08-29 23:15:24,379 - INFO - downloader - image #83	https://imgcdn.tapchicongthuong.vn/thumb/w_1000/tcct-media/24/10/18/nam-du-lich-quoc-gia-2025--tp_67118529bd2b6.jpg
2026-08-29 23:15:24,957 - INFO - downloader - image #84	https://static.vinwonders.com/production/dai-noi-hue-topbanner.jpg
2026-08-29 23:15:25,900 - INFO - downloader - image #85	https://cdn-i2.congthuong.vn/stores/news_dataimages/2024/092024/02/13/3268271825388266db2920240902133817.jpg
2026-08-29 23:15:26,080 - INFO - downloader - image #86	https://namsontravel.com.vn/wp-content/uploads/2024/08/du-lich-ngo-mon-hue.jpg
2026-08-29 23:15:26,633 - INFO - downloader - image #87	https://static.vinwonders.com/production/truong-quoc-tu-giam-hue-7.jpg
2026-08-29 23:15:26,962 - INFO - downloader - image #88	https://changamy.com/wp-content/uploads/2022/12/20220319_065301-min-scaled-e1671952922124.jpg
2026-08-29 23:15:28,155 - INFO - downloader - image #89	https://static-images.vnncdn.net/files/publish/2022/8/23/emag-cover-mobile-850.jpg
2026-08-29 23:15:28,941 - INFO - downloader - image #90	https://imgcdn.tapchicongthuong.vn/thumb/w_1000/tcct-media/24/10/18/nam-du-lich-quoc-gia-2025--tp_671180e41a6c5.jpg
2026-08-29 23:15:29,484 - INFO - downloader - image #91	https://dulich3mien.vn/wp-content/uploads/2022/11/Dai-Noi-Hue-1.jpg
2026-08-29 23:15:30,126 - INFO - downloader - image #92	https://bcp.cdnchinhphu.vn/334894974524682240/2023/1/1/binh6287-1672554733609290601571.jpg
2026-08-29 23:15:30,800 - WARNING - urllib3.connection - Certificate did not match expected hostname: www.booking.muongthanh.com. Certificate: {'subject': ((('commonName', '*.muongthanh.com'),),), 'issuer': ((('countryName', 'BE'),), (('organizationName', 'GlobalSign nv-sa'),), (('commonName', 'GlobalSign GCC R6 AlphaSSL CA 2025'),)), 'version': 3, 'serialNumber': '0B3DEA33DAFB7A92DC24D88E', 'notBefore': 'Jul 21 03:46:15 2026 GMT', 'notAfter': 'Feb  5 03:46:15 2027 GMT', 'subjectAltName': (('DNS', '*.muongthanh.com'), ('DNS', 'muongthanh.com')), 'OCSP': ('http://ocsp.globalsign.com/gsgccr6alphasslca2025',), 'caIssuers': ('http://secure.globalsign.com/cacert/gsgccr6alphasslca2025.crt',), 'crlDistributionPoints': ('http://crl.globalsign.com/gsgccr6alphasslca2025.crl',)}
2026-08-29 23:15:30,805 - ERROR - downloader - Exception caught when downloading file https://www.booking.muongthanh.com/images/news/2025/04/original/hue-co-gi-choi_1744619370.jpg, error: HTTPSConnectionPool(host='www.booking.muongthanh.com', port=443): Max retries exceeded with url: /images/news/2025/04/original/hue-co-gi-choi_1744619370.jpg (Caused by SSLError(CertificateError("hostname 'www.booking.muongthanh.com' doesn't match either of '*.muongthanh.com', 'muongthanh.com'"))), remaining retry times: 2
2026-08-29 23:15:31,202 - WARNING - urllib3.connection - Certificate did not match expected hostname: www.booking.muongthanh.com. Certificate: {'subject': ((('commonName', '*.muongthanh.com'),),), 'issuer': ((('countryName', 'BE'),), (('organizationName', 'GlobalSign nv-sa'),), (('commonName', 'GlobalSign GCC R6 AlphaSSL CA 2025'),)), 'version': 3, 'serialNumber': '0B3DEA33DAFB7A92DC24D88E', 'notBefore': 'Jul 21 03:46:15 2026 GMT', 'notAfter': 'Feb  5 03:46:15 2027 GMT', 'subjectAltName': (('DNS', '*.muongthanh.com'), ('DNS', 'muongthanh.com')), 'OCSP': ('http://ocsp.globalsign.com/gsgccr6alphasslca2025',), 'caIssuers': ('http://secure.globalsign.com/cacert/gsgccr6alphasslca2025.crt',), 'crlDistributionPoints': ('http://crl.globalsign.com/gsgccr6alphasslca2025.crl',)}
2026-08-29 23:15:31,203 - ERROR - downloader - Exception caught when downloading file https://www.booking.muongthanh.com/images/news/2025/04/original/hue-co-gi-choi_1744619370.jpg, error: HTTPSConnectionPool(host='www.booking.muongthanh.com', port=443): Max retries exceeded with url: /images/news/2025/04/original/hue-co-gi-choi_1744619370.jpg (Caused by SSLError(CertificateError("hostname 'www.booking.muongthanh.com' doesn't match either of '*.muongthanh.com', 'muongthanh.com'"))), remaining retry times: 1
2026-08-29 23:15:31,397 - INFO - downloader - image #93	https://cdn-i2.congthuong.vn/stores/news_dataimages/2024/092024/02/13/d71eb284b1a416fa4fb520240902133825.jpg
2026-08-29 23:15:31,602 - WARNING - urllib3.connection - Certificate did not match expected hostname: www.booking.muongthanh.com. Certificate: {'subject': ((('commonName', '*.muongthanh.com'),),), 'issuer': ((('countryName', 'BE'),), (('organizationName', 'GlobalSign nv-sa'),), (('commonName', 'GlobalSign GCC R6 AlphaSSL CA 2025'),)), 'version': 3, 'serialNumber': '0B3DEA33DAFB7A92DC24D88E', 'notBefore': 'Jul 21 03:46:15 2026 GMT', 'notAfter': 'Feb  5 03:46:15 2027 GMT', 'subjectAltName': (('DNS', '*.muongthanh.com'), ('DNS', 'muongthanh.com')), 'OCSP': ('http://ocsp.globalsign.com/gsgccr6alphasslca2025',), 'caIssuers': ('http://secure.globalsign.com/cacert/gsgccr6alphasslca2025.crt',), 'crlDistributionPoints': ('http://crl.globalsign.com/gsgccr6alphasslca2025.crl',)}
2026-08-29 23:15:31,603 - ERROR - downloader - Exception caught when downloading file https://www.booking.muongthanh.com/images/news/2025/04/original/hue-co-gi-choi_1744619370.jpg, error: HTTPSConnectionPool(host='www.booking.muongthanh.com', port=443): Max retries exceeded with url: /images/news/2025/04/original/hue-co-gi-choi_1744619370.jpg (Caused by SSLError(CertificateError("hostname 'www.booking.muongthanh.com' doesn't match either of '*.muongthanh.com', 'muongthanh.com'"))), remaining retry times: 0
2026-08-29 23:15:32,807 - INFO - downloader - image #94	https://media-cdn-v2.laodong.vn/storage/newsportal/2023/6/27/1209604/353411343_6922050191.jpg
2026-08-29 23:15:32,928 - INFO - downloader - image #95	https://huetv.com.vn/uploads/static/tin-tuc/thua-thien-hue24h/PS 5 THU THUY_mp4dulichdoithay2025.jpg
2026-08-29 23:15:33,154 - INFO - downloader - image #96	https://media-cdn-v2.laodong.vn/Storage/NewsPortal/2023/4/15/1180239/ANH-1.jpg
2026-08-29 23:15:33,423 - INFO - downloader - image #97	https://static.vinwonders.com/production/ban-do-du-lich-hue-banner.jpg
2026-08-29 23:15:33,854 - INFO - downloader - image #98	https://static.vinwonders.com/production/lang-minh-mang-hue-7.jpg
2026-08-29 23:15:34,173 - INFO - downloader - image #99	https://huecitytour.com/wp-content/uploads/2023/03/dainoi.jpg
2026-08-29 23:15:35,605 - INFO - downloader - image #100	https://dulichseatravel.com/wp-content/uploads/2025/06/z6674625066779_6a77be68f0313e634d2774bdb0ea7c75.jpg
2026-08-29 23:15:36,128 - INFO - downloader - image #101	http://vgmo.com.vn/wp-content/uploads/2024/11/thumb-hue.jpg
2026-08-29 23:15:36,519 - INFO - downloader - image #102	https://ik.imagekit.io/tvlk/blog/2023/03/go-and-share-bao-tang-co-vat-cung-dinh-hue-1-1024x641.jpg
2026-08-29 23:15:37,058 - INFO - downloader - image #103	https://vivietnam.com.vn/wp-content/uploads/2024/12/Hue-Celebrates-Milestone.jpg
2026-08-29 23:15:37,372 - INFO - downloader - image #104	https://cdn-media.sforum.vn/storage/app/media/ctvseo_MH/ảnh đẹp Huế/anh-dep-hue-3.jpg
2026-08-29 23:15:37,556 - INFO - downloader - image #105	https://ik.imagekit.io/tvlk/blog/2022/09/dia-diem-check-in-hue-1-828x1024.jpg
2026-08-29 23:15:37,607 - INFO - downloader - image #106	https://cdn-media.sforum.vn/storage/app/media/ctvseo_MH/ảnh đẹp Huế/anh-dep-hue-38.jpg
2026-08-29 23:15:37,818 - INFO - downloader - image #107	https://cdn-media.sforum.vn/storage/app/media/ctvseo_MH/ảnh đẹp Huế/anh-dep-hue-39.jpg
2026-08-29 23:15:39,358 - INFO - downloader - image #108	https://icdn.dantri.com.vn/thumb_w/1920/2023/01/17/dji0160-1673965721366.jpg
2026-08-29 23:15:40,563 - INFO - downloader - image #109	https://www.cahuetrensonghuong.com/wp-content/uploads/2023/07/nghe-ca-hue-tren-song-huong-cahuetrensonghuong.com-1-1.jpg
2026-08-29 23:15:40,827 - INFO - downloader - image #110	https://media-cdn-v2.laodong.vn/Storage/NewsPortal/2022/11/20/1118783/Van-Thanh-2.jpg
2026-08-29 23:15:41,113 - INFO - downloader - image #111	https://huedailytour.com/wp-content/uploads/2022/09/chua-thien-mu.jpg
2026-08-29 23:15:41,497 - INFO - downloader - image #112	https://img.iproperty.com.my/angel/750x1000-fit/wp-content/uploads/sites/7/2024/10/ban-do-hanh-chinh-thanh-pho-hue-1.jpg
2026-08-29 23:15:41,855 - INFO - downloader - image #113	https://tourhue.vn/wp-content/uploads/2024/06/cau-truong-tien-hue-1.jpg
2026-08-29 23:15:42,688 - INFO - downloader - image #114	https://huesmiletravel.com.vn/wp-content/uploads/2024/04/thi-tour-du-lich-Hue-trong-ngay-5.jpg
2026-08-29 23:15:42,703 - INFO - downloader - image #115	https://static.vinwonders.com/production/thien-vien-truc-lam-bach-ma-hue-banner.jpg
2026-08-29 23:15:43,183 - INFO - downloader - image #116	https://dulich3mien.vn/wp-content/uploads/2022/11/Dai-Noi-Hue-5.jpg
2026-08-29 23:15:43,637 - INFO - parser - parsing result page https://www.bing.com/images/async?q=site:twitter.com johnny sins&first=100
2026-08-29 23:15:43,787 - INFO - downloader - image #117	https://ik.imagekit.io/tvlk/blog/2023/03/go-and-share-bao-tang-co-vat-cung-dinh-hue-5-1024x697.jpg
2026-08-29 23:15:44,075 - INFO - downloader - image #118	https://photo.znews.vn/Uploaded/spuoouo/2025_10_27/huelut_znews_15.jpg
2026-08-29 23:15:44,609 - INFO - downloader - image #119	https://bloganchoi.com/wp-content/uploads/2022/11/chup-anh-co-phuc-hue-3.jpg
2026-08-29 23:15:44,665 - INFO - downloader - image #120	https://static.vinwonders.com/2023/02/kinh-thanh-hue-3-compressed.jpg
2026-08-29 23:15:45,648 - INFO - parser - no more page urls for thread parser-001 to parse
2026-08-29 23:15:45,648 - INFO - parser - thread parser-001 exit
2026-08-29 23:15:45,814 - INFO - downloader - downloaded images reach max num, thread downloader-002 is ready to exit
2026-08-29 23:15:45,814 - INFO - downloader - thread downloader-002 exit
2026-08-29 23:15:46,520 - INFO - downloader - downloaded images reach max num, thread downloader-001 is ready to exit
2026-08-29 23:15:46,521 - INFO - downloader - thread downloader-001 exit
2026-08-29 23:15:47,098 - INFO - icrawler.crawler - Crawling task done!
2026-08-29 23:15:48,139 - INFO - icrawler.crawler - start crawling...
2026-08-29 23:15:48,140 - INFO - icrawler.crawler - starting 1 feeder threads...
2026-08-29 23:15:48,140 - INFO - icrawler.crawler - starting 1 parser threads...
2026-08-29 23:15:48,141 - INFO - icrawler.crawler - starting 2 downloader threads...
2026-08-29 23:15:48,141 - INFO - feeder - thread feeder-001 exit
2026-08-29 23:15:48,782 - INFO - parser - parsing result page https://www.bing.com/images/async?q=johnny sins twitch stream face&first=0
2026-08-29 23:15:49,354 - INFO - downloader - image #1	https://i.ytimg.com/vi/1jAn5xhHcno/maxresdefault.jpg
2026-08-29 23:15:49,397 - INFO - downloader - image #2	https://i.ytimg.com/vi/P5Ly0KSRTwA/maxresdefault.jpg
2026-08-29 23:15:49,540 - INFO - downloader - image #3	https://i.pinimg.com/736x/8b/bf/53/8bbf539f11f3224c82a338cbabddfd18.jpg
2026-08-29 23:15:49,584 - INFO - downloader - image #4	https://i.pinimg.com/originals/60/98/42/609842e068f3daa8d29efc6bc09c23e4.jpg
2026-08-29 23:15:49,787 - INFO - downloader - image #5	https://wallpapers.com/images/hd/johnny-sins-with-beanie-yfpu5fwa5rpv1iol.jpg
2026-08-29 23:15:49,832 - INFO - downloader - image #6	https://i.pinimg.com/736x/6e/b9/a8/6eb9a8b43a13cf33dae7d2fcd83daf8a.jpg
2026-08-29 23:15:50,119 - INFO - downloader - image #7	https://i.imgflip.com/313nio.jpg
2026-08-29 23:15:50,375 - INFO - downloader - image #8	https://i.ytimg.com/vi/bQbG-xOE7_I/maxresdefault.jpg
2026-08-29 23:15:50,411 - INFO - downloader - image #9	https://i.pinimg.com/736x/eb/62/45/eb6245926433ff1e047e8d1b4cf8c4c7.jpg
2026-08-29 23:15:50,620 - INFO - downloader - image #10	https://i.ytimg.com/vi/OHshoQiBZcE/hq720_2.jpg
2026-08-29 23:15:50,988 - ERROR - downloader - Response status code 403, file https://p7.hiclipart.com/preview/224/93/242/johnny-sins-beanie-chin-knit-cap-face-johnny-sins.jpg
2026-08-29 23:15:51,087 - INFO - downloader - image #11	https://i.ytimg.com/vi/6L8iB1SfdcQ/maxresdefault.jpg
2026-08-29 23:15:51,264 - INFO - downloader - image #12	https://www.dpzone.in/wp-content/uploads/3/Johnny-Sins-PFP-7.jpg
2026-08-29 23:15:51,273 - INFO - downloader - image #13	https://wallpapers.com/images/hd/johnny-sins-pastel-filter-359stlklvh8c67zc.jpg
2026-08-29 23:15:51,304 - INFO - downloader - image #14	https://i.pinimg.com/originals/75/12/0f/75120ff0bbc63e5619b516089ce6ea5b.jpg
2026-08-29 23:15:51,442 - INFO - downloader - image #15	https://i.ytimg.com/vi/F1k1r3mOWUo/hqdefault.jpg
2026-08-29 23:15:51,576 - INFO - downloader - image #16	https://i1.sndcdn.com/artworks-000562525653-v1wh6h-t500x500.jpg
2026-08-29 23:15:51,605 - INFO - downloader - image #17	https://i.ytimg.com/vi/TLoD_Xit_0M/maxresdefault.jpg
2026-08-29 23:15:51,778 - INFO - downloader - image #18	https://i.ytimg.com/vi/jIB0nGfieOQ/maxresdefault.jpg
2026-08-29 23:15:52,254 - INFO - downloader - image #19	https://onlywikis.com/wp-content/uploads/2023/06/johnny-sins-height.jpg
2026-08-29 23:15:52,304 - INFO - downloader - image #20	https://i.pinimg.com/736x/19/03/b0/1903b0806ef2f0cd5fda3b5a9da57e7d.jpg
2026-08-29 23:15:52,619 - INFO - downloader - image #21	https://imgcdn.stablediffusionweb.com/2024/10/10/cbdeab8e-40fe-415f-b931-47b94bb6c813.jpg
2026-08-29 23:15:52,695 - INFO - downloader - image #22	https://wallpapers.com/images/hd/johnny-sins-wacky-selfie-qkwwxm0y83pqf8jp.jpg
2026-08-29 23:15:52,713 - INFO - parser - parsing result page https://www.bing.com/images/async?q=johnny sins twitch stream face&first=20
2026-08-29 23:15:52,869 - INFO - downloader - image #23	https://i.pinimg.com/736x/8c/15/d9/8c15d94de70d503298c483f427adb1ce.jpg
2026-08-29 23:15:52,913 - INFO - downloader - image #24	https://i.pinimg.com/originals/3c/98/06/3c98067502bd728c6a68b3dbaa5e2525.jpg
2026-08-29 23:15:52,916 - ERROR - downloader - Response status code 403, file https://external-preview.redd.it/Qs7__YNrAy9_qmulj7nwfLf8cByYXdM9gzm9MsQowbU.jpg
2026-08-29 23:15:53,086 - INFO - downloader - image #25	https://i.ytimg.com/vi/GL6NEOsjvms/maxresdefault.jpg
2026-08-29 23:15:53,224 - INFO - downloader - image #26	https://i.ytimg.com/vi/I0ObNxAmf4E/oardefault.jpg
2026-08-29 23:15:53,523 - INFO - downloader - image #27	https://facts.net/wp-content/uploads/2023/10/22-astounding-facts-about-johnny-sins-1696433310.jpg
2026-08-29 23:15:53,587 - INFO - downloader - image #28	https://i1.sndcdn.com/artworks-QE5bfgNjDo8l4ywJ-PkbNpg-t1080x1080.jpg
2026-08-29 23:15:53,639 - INFO - downloader - image #29	https://i.pinimg.com/originals/3d/f7/27/3df72713085d7b0d3896684b381d4c73.jpg
2026-08-29 23:15:53,702 - INFO - downloader - image #30	https://i.ytimg.com/vi/zqTcia01teA/maxresdefault.jpg
2026-08-29 23:15:53,747 - INFO - downloader - image #31	https://i.pinimg.com/736x/3b/46/f6/3b46f6451150f2a95ff7898bc9c4a610.jpg
2026-08-29 23:15:56,091 - INFO - parser - parsing result page https://www.bing.com/images/async?q=johnny sins twitch stream face&first=40
2026-08-29 23:15:56,437 - INFO - downloader - image #32	https://www.meme-arsenal.com/memes/eca1974d3a2dc623ce3fd85fdc2e464f.jpg
2026-08-29 23:15:56,632 - INFO - downloader - image #33	https://www.meme-arsenal.com/memes/f852fa63021f9975ffab81266c078edc.jpg
2026-08-29 23:15:56,821 - INFO - downloader - image #34	https://i.ytimg.com/vi/g3CeIc-uUvo/maxresdefault.jpg
2026-08-29 23:15:56,982 - ERROR - downloader - Response status code 403, file https://external-preview.redd.it/johnny-sins-v0-1eSxNnJEJVV50-mTaEaSBPfk0DAI-GoMQdOcIZsYyrQ.jpg
2026-08-29 23:15:57,061 - INFO - downloader - image #35	https://artistsimages.b-cdn.net/johnny-sins/johnny-sins-1.jpg
2026-08-29 23:15:57,206 - ERROR - downloader - Response status code 403, file https://preview.redd.it/8df6o64a7b141.jpg
2026-08-29 23:15:57,302 - INFO - downloader - image #36	https://i.ytimg.com/vi/inKgs6_Wuz0/oar2.jpg
2026-08-29 23:15:57,371 - INFO - downloader - image #37	https://i.ytimg.com/vi/dO7TIIgSL7E/maxres2.jpg
2026-08-29 23:15:57,650 - INFO - downloader - image #38	https://wallpapers.com/images/hd/johnny-sins-artwork-x35i7db6bypcn1gi.jpg
2026-08-29 23:15:57,783 - INFO - downloader - image #39	https://newssow.com/wp-content/uploads/2022/03/Johnny-Sins-Image.jpg
2026-08-29 23:15:57,816 - INFO - downloader - image #40	https://wallpapers.com/images/hd/johnny-sins-youtube-video-wmj4aty0v0wu8rrx.jpg
2026-08-29 23:15:57,879 - INFO - downloader - image #41	https://i.pinimg.com/originals/56/6a/99/566a99283df2450516135e7ce763ace5.jpg
2026-08-29 23:15:57,918 - INFO - downloader - image #42	https://i.ytimg.com/vi/71rgfpWp9Ww/hqdefault.jpg
2026-08-29 23:15:58,038 - INFO - downloader - image #43	https://i.ytimg.com/vi/W0-i1pNiJMo/maxresdefault.jpg
2026-08-29 23:15:58,082 - INFO - downloader - image #44	https://i.ytimg.com/vi/h9QdodwE6dE/maxresdefault.jpg
2026-08-29 23:15:58,161 - INFO - parser - parsing result page https://www.bing.com/images/async?q=johnny sins twitch stream face&first=60
2026-08-29 23:15:58,212 - INFO - downloader - image #45	https://i.ytimg.com/vi/OsaM8jXj7_c/hqdefault.jpg
2026-08-29 23:15:58,251 - ERROR - downloader - Response status code 403, file https://external-preview.redd.it/D1OZz8pLgqi7c3GN2_C5xuE4mgqGuK3kYyErS_SWk-8.jpg
2026-08-29 23:15:58,412 - INFO - downloader - image #46	https://i.ytimg.com/vi/XWGbkX0lX7k/maxresdefault.jpg
2026-08-29 23:15:58,414 - INFO - downloader - image #47	https://i.ytimg.com/vi/rq71E_DFJLI/oar2.jpg
2026-08-29 23:15:58,461 - INFO - downloader - image #48	https://i.pinimg.com/736x/cb/ec/e2/cbece2857114d45fe8de0f827640eb78.jpg
2026-08-29 23:15:58,508 - INFO - downloader - image #49	https://wallpapers.com/images/hd/johnny-sins-showing-off-green-screen-773oh2qvzu3jb0hj.jpg
2026-08-29 23:15:58,613 - INFO - downloader - image #50	https://wallpapers.com/images/hd/johnny-sins-with-award-w6rkexvf56geckoe.jpg
2026-08-29 23:15:58,850 - INFO - downloader - image #51	https://wallpapers.com/images/hd/johnny-sins-at-convention-dmrg32u5m6tuw1s0.jpg
2026-08-29 23:15:58,946 - INFO - downloader - image #52	https://wallpapers.com/images/hd/johnny-sins-dslr-selfie-ajxw8yiskr3j0vg5.jpg
2026-08-29 23:15:59,043 - INFO - downloader - image #53	https://i.ytimg.com/vi/7VHiTGjkIvQ/maxresdefault.jpg
2026-08-29 23:15:59,072 - INFO - downloader - image #54	https://wallpapersok.com/images/hd/smiling-portrait-of-johnny-sins-0hlr7xbb3sx3drnh.jpg
2026-08-29 23:15:59,187 - INFO - parser - parsing result page https://www.bing.com/images/async?q=johnny sins twitch stream face&first=80
2026-08-29 23:15:59,230 - INFO - downloader - image #55	https://i.ytimg.com/vi/oSUgjFav6p8/maxres2.jpg
2026-08-29 23:15:59,307 - INFO - downloader - image #56	https://ih1.redbubble.net/image.4258421942.8287/poster,504x498,f8f8f8-pad,600x600,f8f8f8.u2.jpg
2026-08-29 23:15:59,389 - INFO - downloader - image #57	https://i.ytimg.com/vi/Edx2MbTQTUw/maxres2.jpg
2026-08-29 23:15:59,476 - INFO - downloader - image #58	https://i.ytimg.com/vi/rqBz1Nme7sU/maxresdefault.jpg
2026-08-29 23:15:59,574 - INFO - downloader - image #59	https://i.ytimg.com/vi/HJd1GrJbGBk/oar2.jpg
2026-08-29 23:15:59,582 - INFO - downloader - image #60	https://wallpapers.com/images/hd/johnny-sins-at-avn-awards-l3lbw03v8wpyzbkq.jpg
2026-08-29 23:15:59,659 - ERROR - downloader - Response status code 404, file https://i.ytimg.com/vi/2baDHNWQehw/maxresdefault.jpg
2026-08-29 23:15:59,731 - INFO - downloader - image #61	https://i.ytimg.com/vi/cAoPHDFh9sw/maxresdefault.jpg
2026-08-29 23:15:59,732 - ERROR - downloader - Response status code 404, file https://i.ytimg.com/vi/_OB5yKRyNPQ/oardefault.jpg
2026-08-29 23:15:59,919 - INFO - downloader - image #62	https://i.ytimg.com/vi/hHDhRLdXTRw/hq720.jpg
2026-08-29 23:15:59,965 - INFO - downloader - image #63	https://i.pinimg.com/originals/47/34/89/473489f7b154c89fd81f5e4bc5421425.jpg
2026-08-29 23:16:00,089 - INFO - parser - parsing result page https://www.bing.com/images/async?q=johnny sins twitch stream face&first=100
2026-08-29 23:16:00,133 - INFO - downloader - image #64	https://i.ytimg.com/vi/W7kPaiScOEQ/maxresdefault.jpg
2026-08-29 23:16:00,318 - INFO - downloader - image #65	https://i.ytimg.com/vi/M057jWnsbFA/oar2.jpg
2026-08-29 23:16:00,375 - INFO - downloader - image #66	https://i.pinimg.com/originals/85/25/68/852568e86ab468a33870ce011284cc10.jpg
2026-08-29 23:16:00,529 - ERROR - downloader - Response status code 403, file https://external-preview.redd.it/show-this-to-johnny-sins-v0-ciBzkzyhQB4LUNneyJy9nw4RJAEsVYMX5ttPHT_iLfs.jpg
2026-08-29 23:16:00,719 - INFO - downloader - image #67	https://i.ytimg.com/vi/Kt7dPWYJqe4/oar2.jpg
2026-08-29 23:16:00,959 - INFO - downloader - image #68	https://imgcdn.stablediffusionweb.com/2025/1/3/a8c70d49-ce10-4683-bc63-97b2a847c34d.jpg
2026-08-29 23:16:02,731 - INFO - parser - no more page urls for thread parser-001 to parse
2026-08-29 23:16:02,732 - INFO - parser - thread parser-001 exit
2026-08-29 23:16:03,346 - INFO - downloader - image #69	https://www.meme-arsenal.com/memes/46b21216788489506359db2c9d0d5037.jpg
2026-08-29 23:16:03,516 - INFO - downloader - image #70	https://i.ytimg.com/vi/ZNZMxluA8Aw/maxresdefault.jpg
2026-08-29 23:16:03,680 - INFO - downloader - image #71	https://i.ytimg.com/vi/s5nn-RTeZiY/maxresdefault.jpg
2026-08-29 23:16:03,845 - INFO - downloader - image #72	https://i.ytimg.com/vi/CtfJ9y7IeL4/maxresdefault.jpg
2026-08-29 23:16:03,929 - INFO - downloader - image #73	https://wallpapers.com/images/hd/doctor-johnny-sins-6vleyqyzdu5tcn5c.jpg
2026-08-29 23:16:04,792 - ERROR - downloader - Exception caught when downloading file https://www.xlovecam.com/blog/wp-content/uploads/2024/01/1kbhw77nlzcr3jv8u2dsfpa-1024x576.jpg, error: HTTPSConnectionPool(host='www.xlovecam.com', port=443): Max retries exceeded with url: /blog/wp-content/uploads/2024/01/1kbhw77nlzcr3jv8u2dsfpa-1024x576.jpg (Caused by ConnectTimeoutError(<HTTPSConnection(host='www.xlovecam.com', port=443) at 0x16c12e610>, 'Connection to www.xlovecam.com timed out. (connect timeout=5)')), remaining retry times: 2
2026-08-29 23:16:08,937 - INFO - downloader - no more download task for thread downloader-002
2026-08-29 23:16:08,937 - INFO - downloader - thread downloader-002 exit
2026-08-29 23:16:09,802 - ERROR - downloader - Exception caught when downloading file https://www.xlovecam.com/blog/wp-content/uploads/2024/01/1kbhw77nlzcr3jv8u2dsfpa-1024x576.jpg, error: HTTPSConnectionPool(host='www.xlovecam.com', port=443): Max retries exceeded with url: /blog/wp-content/uploads/2024/01/1kbhw77nlzcr3jv8u2dsfpa-1024x576.jpg (Caused by ConnectTimeoutError(<HTTPSConnection(host='www.xlovecam.com', port=443) at 0x16c0e60d0>, 'Connection to www.xlovecam.com timed out. (connect timeout=5)')), remaining retry times: 1
2026-08-29 23:16:14,812 - ERROR - downloader - Exception caught when downloading file https://www.xlovecam.com/blog/wp-content/uploads/2024/01/1kbhw77nlzcr3jv8u2dsfpa-1024x576.jpg, error: HTTPSConnectionPool(host='www.xlovecam.com', port=443): Max retries exceeded with url: /blog/wp-content/uploads/2024/01/1kbhw77nlzcr3jv8u2dsfpa-1024x576.jpg (Caused by ConnectTimeoutError(<HTTPSConnection(host='www.xlovecam.com', port=443) at 0x16c12e340>, 'Connection to www.xlovecam.com timed out. (connect timeout=5)')), remaining retry times: 0
2026-08-29 23:16:19,822 - INFO - downloader - no more download task for thread downloader-001
2026-08-29 23:16:19,822 - INFO - downloader - thread downloader-001 exit
2026-08-29 23:16:20,376 - INFO - icrawler.crawler - Crawling task done!
2026-08-29 23:16:21,418 - INFO - icrawler.crawler - start crawling...
2026-08-29 23:16:21,418 - INFO - icrawler.crawler - starting 1 feeder threads...
2026-08-29 23:16:21,419 - INFO - icrawler.crawler - starting 1 parser threads...
2026-08-29 23:16:21,419 - INFO - icrawler.crawler - starting 2 downloader threads...
2026-08-29 23:16:21,420 - INFO - feeder - thread feeder-001 exit
2026-08-29 23:16:22,093 - INFO - parser - parsing result page https://www.bing.com/images/async?q=johnny sins cameo advertisement&first=0
2026-08-29 23:16:22,391 - ERROR - downloader - Response status code 404, file https://i.ytimg.com/vi/6Iy4aa7QkDw/maxresdefault.jpg
2026-08-29 23:16:23,980 - INFO - downloader - image #1	https://cdn.cameo.com/v/thumb-5bd9d591d77965011a2d7cc5-00001.jpg
2026-08-29 23:16:24,015 - INFO - downloader - image #2	https://cdn.cameo.com/thumbnails/video-609a945e30079c001d30f1a8-T-EXn0jj_-QTXDdb4DF-wm-thumbnail.0000000.jpg
2026-08-29 23:16:25,413 - INFO - downloader - image #3	https://cdn.cameo.com/v/thumb-EmI_OjojP-00001.jpg
2026-08-29 23:16:25,640 - INFO - downloader - image #4	https://cdn.cameo.com/thumbnails/644451f8cfedda286287c29e-wm-thumbnail.jpg
2026-08-29 23:16:26,241 - INFO - downloader - image #5	https://pbs.twimg.com/media/GGH-FoqWQAA5Dx1.jpg
2026-08-29 23:16:27,086 - INFO - downloader - image #6	https://cdn.cameo.com/v/thumb-YlR6XuWGF-00001.jpg
2026-08-29 23:16:28,722 - INFO - downloader - image #7	https://cdn.cameo.com/thumbnails/video-6073a84133d2e8001d37475a-D_lMcBl7tf-a8fOuIrl3-wm-thumbnail.0000000.jpg
2026-08-29 23:16:30,107 - INFO - downloader - image #8	https://cdn.cameo.com/v/thumb-6dBRXmWmm-00001.jpg
2026-08-29 23:16:31,506 - INFO - downloader - image #9	https://cdn.cameo.com/v/thumb-lquidO0bb-00001.jpg
2026-08-29 23:16:31,820 - INFO - downloader - image #10	https://starboard-media.s3.amazonaws.com/static/user/avatar-yZlgNegGG.jpg
2026-08-29 23:16:33,145 - INFO - downloader - image #11	https://cdn.cameo.com/thumbnails/video-60d11d74eacb47001d8f9fda-_EuAcDOld-aqtAk~Ph7-wm-thumbnail.0000000.jpg
2026-08-29 23:16:33,952 - INFO - downloader - image #12	https://cdn.cameo.com/thumbnails/61c0e8980bfd03f201d521be-processed-wm-thumbnail.0000000.jpg
2026-08-29 23:16:34,228 - INFO - downloader - image #13	https://i.ytimg.com/vi/9LsfSnb9_u0/hq720_2.jpg
2026-08-29 23:16:34,798 - INFO - downloader - image #14	https://cdn.cameo.com/thumbnails/video-608fe82159f02c001db3f54e-xMWT2khR0-UcHLzhHlk-wm-thumbnail.0000000.jpg
2026-08-29 23:16:35,616 - INFO - downloader - image #15	https://cdn.cameo.com/v/thumb-5be202cad85c1e0127df828b-00001.jpg
2026-08-29 23:16:36,253 - INFO - downloader - image #16	https://cdn.cameo.com/v/thumb-nRHWATqNP-00001.jpg
2026-08-29 23:16:37,038 - INFO - downloader - image #17	https://cdn.cameo.com/v/thumb-5bfddde2c665ce010c9debdb-00001.jpg
2026-08-29 23:16:37,654 - INFO - downloader - image #18	https://cdn.cameo.com/v/thumb-kxednnbKR-00001.jpg
2026-08-29 23:16:38,724 - INFO - downloader - image #19	https://cdn.cameo.com/thumbnails/64a232ee42c970fcadcbe049-wm-thumbnail.jpg
2026-08-29 23:16:39,313 - INFO - downloader - image #20	https://cdn.cameo.com/thumbnails/610d752eb55ad7001da25847-wm-thumbnail.0000000.jpg
2026-08-29 23:16:40,138 - INFO - downloader - image #21	https://cdn.cameo.com/v/thumb-jKKB7sRUl-00001.jpg
2026-08-29 23:16:40,292 - INFO - downloader - image #22	https://i.ytimg.com/vi/pjvZWyKSedo/hq2.jpg
2026-08-29 23:16:40,560 - INFO - parser - parsing result page https://www.bing.com/images/async?q=johnny sins cameo advertisement&first=20
2026-08-29 23:16:41,255 - INFO - downloader - image #23	https://cdn.cameo.com/thumbnails/6119e42118d2d1001d5f1ab4-wm-thumbnail.0000000.jpg
2026-08-29 23:16:41,691 - INFO - downloader - image #24	https://cdn.cameo.com/v/thumb-xiLY8U2d--00001.jpg
2026-08-29 23:16:42,666 - INFO - downloader - image #25	https://cdn.cameo.com/v/thumb-00C-wcCpq-00001.jpg
2026-08-29 23:16:43,331 - INFO - downloader - image #26	https://cdn.cameo.com/thumbnails/video-60a53531af73b7001d1e201f-y-Z33MJWt-SHi3mDve1-wm-thumbnail.0000000.jpg
2026-08-29 23:16:43,715 - INFO - downloader - image #27	https://i.ytimg.com/vi/2NjHeZPeglE/maxresdefault.jpg
2026-08-29 23:16:44,324 - INFO - downloader - image #28	https://cdn.cameo.com/v/thumb-5c04b041b4b8c701030db704-00001.jpg
2026-08-29 23:16:45,103 - INFO - downloader - image #29	https://cdn.cameo.com/v/thumb-5caba4902bcaa2013bcd6795-00001.jpg
2026-08-29 23:16:45,963 - INFO - downloader - image #30	https://cdn.cameo.com/thumbnails/video-605e1aa02bcadf001d3b2632-ex6CJwh-b-vxL46WM0d-wm-thumbnail.0000000.jpg
2026-08-29 23:16:46,161 - INFO - downloader - image #31	https://i.ytimg.com/vi/RIHWZwBaz78/hq2.jpg
2026-08-29 23:16:46,723 - INFO - downloader - image #32	https://cdn.cameo.com/thumbnails/video-6031a83a052a54001dc57257-5hX2b4Myg-z34R0gAgs-wm-thumbnail.0000000.jpg
2026-08-29 23:16:47,627 - INFO - downloader - image #33	https://cdn.cameo.com/v/thumb-5c898b8f60c93b012bc0c5a5-00001.jpg
2026-08-29 23:16:48,501 - INFO - downloader - image #34	https://cdn.cameo.com/v/thumb-5ca28cb894385801558ddc21-00001.jpg
2026-08-29 23:16:48,640 - ERROR - downloader - Exception caught when downloading file https://linktr.ee/og/image/JohnnySins.jpg, error: ('Connection aborted.', ConnectionResetError(54, 'Connection reset by peer')), remaining retry times: 2
2026-08-29 23:16:48,840 - INFO - downloader - image #35	https://linktr.ee/og/image/JohnnySins.jpg
2026-08-29 23:16:49,048 - INFO - downloader - image #36	https://cdn.cameo.com/v/thumb-5c6f7aa9895bf5015768798a-00001.jpg
2026-08-29 23:16:49,646 - INFO - downloader - image #37	https://cdn2.cameo.com/resizer/static/user/avatar-yZlgNegGG.jpg
2026-08-29 23:16:50,268 - INFO - downloader - image #38	https://cdn.cameo.com/v/thumb-5bb31419e6e6510065f6a32a-00001.jpg
2026-08-29 23:16:50,895 - INFO - downloader - image #39	https://baapofmovies.com/wp-content/uploads/2024/02/cvv-min.jpg
2026-08-29 23:16:51,067 - INFO - downloader - image #40	https://cdn.cameo.com/v/thumb-5bb80004b7029700839a43a8-00001.jpg
2026-08-29 23:16:51,211 - INFO - parser - parsing result page https://www.bing.com/images/async?q=johnny sins cameo advertisement&first=40
2026-08-29 23:16:52,301 - INFO - downloader - image #41	https://cdn.cameo.com/v/thumb-5c95b365ffe2040141a1a239-00001.jpg
2026-08-29 23:16:52,473 - INFO - downloader - image #42	https://i.ytimg.com/vi/5cgGZ34YZ_s/hq720_2.jpg
2026-08-29 23:16:52,980 - INFO - downloader - image #43	https://cdn.cameo.com/thumbnails/634fbad4be91ae84113f667f-processed-wm-thumbnail.0000000.jpg
2026-08-29 23:16:53,867 - INFO - downloader - image #44	https://cdn.cameo.com/v/thumb-_WPhhme4L-00001.jpg
2026-08-29 23:16:54,446 - INFO - downloader - image #45	https://cdn.cameo.com/v/thumb-5ca8015cc33e9f01488b9b5b-00001.jpg
2026-08-29 23:16:55,519 - INFO - downloader - image #46	https://cdn.cameo.com/thumbnails/video-60a527438fbe0f001dbdb30d-WE1b8nTWOi-tSaqQFiwN-wm-thumbnail.0000000.jpg
2026-08-29 23:16:56,893 - INFO - downloader - image #47	https://cdn.cameo.com/v/thumb-DrU381D4E-00001.jpg
2026-08-29 23:16:56,983 - INFO - downloader - image #48	https://static.wikia.nocookie.net/the-giant-memeverse/images/6/63/Johnny_Sins.jpg
2026-08-29 23:16:57,145 - INFO - downloader - image #49	https://i.ytimg.com/vi/FAiulyuq_bw/oardefault.jpg
2026-08-29 23:16:57,693 - INFO - downloader - image #50	https://bollywoodmascot.com/wp-content/uploads/68288_kap4.jpg
2026-08-29 23:16:58,543 - INFO - downloader - image #51	https://cdn.cameo.com/v/thumb-5c770e3c6bb2840124248462-00001.jpg
2026-08-29 23:16:59,104 - INFO - downloader - image #52	https://cdn.cameo.com/v/thumb-5caae82a40cbea014e309a2a-00001.jpg
2026-08-29 23:17:00,182 - INFO - downloader - image #53	https://cdn.cameo.com/thumbnails/video-6035adb2f2d253001ee5033a-KH1ucEHqc-KluVbgoq6-wm-thumbnail.0000000.jpg
2026-08-29 23:17:00,549 - INFO - downloader - image #54	https://cdn.cameo.com/v/thumb-5bf9a2e7c6b529010c4e775e-00001.jpg
2026-08-29 23:17:00,676 - INFO - downloader - image #55	https://i.ytimg.com/vi/9LsfSnb9_u0/hq2.jpg
2026-08-29 23:17:01,484 - INFO - parser - parsing result page https://www.bing.com/images/async?q=johnny sins cameo advertisement&first=60
2026-08-29 23:17:01,830 - INFO - downloader - image #56	https://cdn.cameo.com/thumbnails/video-6095fd40c14e95001d964b55-auRnXe_LF-Ut2dNTpEv-wm-thumbnail.0000000.jpg
2026-08-29 23:17:02,079 - INFO - downloader - image #57	https://cdn.cameo.com/v/thumb-4f8S2Lk5s-00001.jpg
2026-08-29 23:17:02,531 - INFO - downloader - image #58	https://static.tnn.in/thumb/msid-109006145,thumbsize-42372,width-1280,height-720,resizemode-75/109006145.jpg
2026-08-29 23:17:03,754 - INFO - downloader - image #59	https://cdn.cameo.com/thumbnails/video-608c9f743c7395001d8d779e-dCBRzMyLz-XBR6PyDKs-wm-thumbnail.0000000.jpg
2026-08-29 23:17:04,182 - INFO - downloader - image #60	https://cdn.cameo.com/thumbnails/video-6031483ff9308b001de1d52e-sX_47lmqR-tjBkjUqxD-wm-thumbnail.0000000.jpg
2026-08-29 23:17:04,403 - INFO - downloader - image #61	https://i.ytimg.com/vi/mcKUoBx1qdg/hq720_2.jpg
2026-08-29 23:17:04,564 - INFO - downloader - image #62	https://i.ytimg.com/vi/FAiulyuq_bw/maxresdefault.jpg
2026-08-29 23:17:04,732 - INFO - downloader - image #63	https://i.ytimg.com/vi/CZOsOV4AV4A/maxres2.jpg
2026-08-29 23:17:05,123 - INFO - downloader - image #64	https://kiddaan.com/wp-content/uploads/2024/02/Ranveer-Singh-X-Johnny-Sins.jpg
2026-08-29 23:17:05,397 - INFO - downloader - image #65	https://cdn.cameo.com/thumbnails/video-60a74043288379001dcc3d74-gW4-Vn98p-87BxHHBMa-wm-thumbnail.0000000.jpg
2026-08-29 23:17:06,550 - INFO - downloader - image #66	https://cdn.cameo.com/v/thumb-PR995mebG-00001.jpg
2026-08-29 23:17:07,029 - INFO - downloader - image #67	https://cdn.cameo.com/thumbnails/video-60fc68b30f145a001df66f29-ni5wkEDbb-zRkrHw0tz-wm-thumbnail.0000000.jpg
2026-08-29 23:17:07,765 - INFO - parser - parsing result page https://www.bing.com/images/async?q=johnny sins cameo advertisement&first=80
2026-08-29 23:17:07,979 - INFO - downloader - image #68	https://cdn.cameo.com/v/thumb-5c96b696ab33380124f78818-00001.jpg
2026-08-29 23:17:08,421 - INFO - downloader - image #69	https://cdn.cameo.com/v/thumb-5c9e63c07cb44f012805e361-00001.jpg
2026-08-29 23:17:08,627 - INFO - downloader - image #70	https://i.ytimg.com/vi/yeeRWJ7D-hc/hqdefault.jpg
2026-08-29 23:17:09,303 - INFO - downloader - image #71	https://b4uentertainment.com/sites/default/files/2024-04/Screengrabs from video Instagrammed by Ranveer Singh.jpg
2026-08-29 23:17:09,566 - INFO - downloader - image #72	https://i.ytimg.com/vi/6TNf2kI2Wss/hqdefault.jpg
2026-08-29 23:17:09,639 - INFO - downloader - image #73	https://cdn.cameo.com/v/thumb-5bcf757d09c5f10109d70451-00001.jpg
2026-08-29 23:17:09,761 - INFO - downloader - image #74	https://i.ytimg.com/vi/h4vu1ce9DxY/hqdefault.jpg
2026-08-29 23:17:10,053 - INFO - downloader - image #75	https://i.ytimg.com/vi/6TNf2kI2Wss/oardefault.jpg
2026-08-29 23:17:10,212 - INFO - downloader - image #76	https://i.ytimg.com/vi/VgRJZRWWgw8/maxresdefault.jpg
2026-08-29 23:17:10,264 - INFO - downloader - image #77	https://i.ytimg.com/vi/AahFSmthlFQ/maxresdefault.jpg
2026-08-29 23:17:10,745 - INFO - downloader - image #78	https://wallpapers.com/images/hd/johnny-sins-with-award-w6rkexvf56geckoe.jpg
2026-08-29 23:17:10,982 - INFO - downloader - image #79	https://i.ytimg.com/vi/BlhQC7rJg5w/maxresdefault.jpg
2026-08-29 23:17:11,339 - INFO - downloader - image #80	https://i.ytimg.com/vi/FNK4I1cUKPw/oar2.jpg
2026-08-29 23:17:12,890 - INFO - downloader - image #81	https://assets.change.org/photos/5/yc/gp/zqyCGPPSNzqLlYH-1600x900-noPad.jpg
2026-08-29 23:17:13,186 - INFO - downloader - image #82	https://static.tnn.in/thumb/msid-107631924,width-1280,height-720,resizemode-75/107631924.jpg
2026-08-29 23:17:13,300 - INFO - downloader - image #83	https://feeds.abplive.com/onecms/images/uploaded-images/2024/04/03/b5b5fdc725c4b1e50388b0348aaacddb1712141801265572_original.jpg
2026-08-29 23:17:14,686 - INFO - downloader - image #84	https://cdn.cameo.com/v/thumb-dXkg0W1U7-00001.jpg
2026-08-29 23:17:14,819 - INFO - downloader - image #85	https://cdn.cameo.com/thumbnails/video-609102d394933a001dd77d1e-jZgA71MCf-bI0iAP3Y0-wm-thumbnail.0000000.jpg
2026-08-29 23:17:15,684 - INFO - parser - parsing result page https://www.bing.com/images/async?q=johnny sins cameo advertisement&first=100
2026-08-29 23:17:16,347 - INFO - downloader - image #86	https://cdn.cameo.com/thumbnails/video-605617aaa4cc86001d7d12dc-9hG1fhTVY-q5vc6nc_X-wm-thumbnail.0000000.jpg
2026-08-29 23:17:16,441 - INFO - downloader - image #87	https://cdn.cameo.com/v/thumb-5cabef6de491670152e8a72d-00001.jpg
2026-08-29 23:17:16,642 - INFO - downloader - image #88	https://i.ytimg.com/vi/cTwhAa8Ssrk/oar2.jpg
2026-08-29 23:17:16,852 - INFO - downloader - image #89	https://i.ytimg.com/vi/E6GtWXndAu4/maxresdefault.jpg
2026-08-29 23:17:17,755 - INFO - downloader - image #90	https://cdn.cameo.com/v/thumb-5bc6a03f3bb4350101c0fef6-00001.jpg
2026-08-29 23:17:19,439 - INFO - downloader - image #91	https://wallpapersok.com/images/hd/distinguished-adult-film-star-johnny-sins-at-the-prestigious-avn-awards-l3lbw03v8wpyzbkq.jpg
2026-08-29 23:17:19,488 - INFO - downloader - image #92	https://wikilifeng.com/contents/uploads/biographies/biography-1623--i-don-t-know-my-official-body-count-but-it-s-somewhere-around-2-500---adult-star-johnny-sins-reveals-photos--06012025.jpg
2026-08-29 23:17:19,841 - INFO - downloader - image #93	https://www.tv9marathi.com/wp-content/uploads/2024/02/Rashami-Desai-post.jpg
2026-08-29 23:17:20,109 - INFO - downloader - image #94	https://images.tv9marathi.com/wp-content/uploads/2024/02/Ranveer-Singh-and-Jognny-sins-new-advertisement.jpg
2026-08-29 23:17:20,354 - INFO - downloader - image #95	https://www.hindustantimes.com/ht-img/img/2024/02/13/550x309/ranveer_johnny_1707822223639_1707822236741.jpg
2026-08-29 23:17:20,708 - INFO - downloader - image #96	https://www.hindustantimes.com/ht-img/img/2024/02/12/1600x900/johnny_ranveer_1707721488123_1707721502823.jpg
2026-08-29 23:17:20,978 - INFO - downloader - image #97	https://stat4.bollywoodhungama.in/wp-content/uploads/2024/02/Sin-Feature.jpg
2026-08-29 23:17:21,483 - INFO - downloader - image #98	https://cdn.cameo.com/thumbnails/video-60342bfbe6495f001e622535-GThjrNM-O3-U8VKUuw-j-wm-thumbnail.0000000.jpg
2026-08-29 23:17:21,649 - INFO - downloader - image #99	https://i.ytimg.com/vi/8nMtT8-L8ks/maxresdefault.jpg
2026-08-29 23:17:21,697 - INFO - downloader - image #100	https://etimg.etb2bimg.com/thumb/msid-109003540,imgsize-2738631,width-1200,height=627,overlay-etbrandequity,resizemode-75/research/advertising/ranveer-singh-reunites-with-johnny-sins-to-create-a-teleshopping-spoof.jpg
2026-08-29 23:17:21,793 - ERROR - downloader - Response status code 404, file https://i.ytimg.com/vi/lGL8ir-f9vk/maxresdefault.jpg
2026-08-29 23:17:22,212 - ERROR - downloader - Response status code 406, file https://www.cameo.com/cdn-cgi/image/fit=cover,format=auto,width=210,height=278/https://cdn.cameo.com/thumbnails/6588fce64ed5b03ca28563f5-wm-thumbnail.jpg
2026-08-29 23:17:22,361 - INFO - parser - no more page urls for thread parser-001 to parse
2026-08-29 23:17:22,361 - INFO - parser - thread parser-001 exit
2026-08-29 23:17:26,799 - INFO - downloader - no more download task for thread downloader-002
2026-08-29 23:17:26,800 - INFO - downloader - thread downloader-002 exit
2026-08-29 23:17:27,218 - INFO - downloader - no more download task for thread downloader-001
2026-08-29 23:17:27,218 - INFO - downloader - thread downloader-001 exit
2026-08-29 23:17:27,862 - INFO - icrawler.crawler - Crawling task done!
2026-08-29 23:17:28,902 - INFO - icrawler.crawler - start crawling...
2026-08-29 23:17:28,902 - INFO - icrawler.crawler - starting 1 feeder threads...
2026-08-29 23:17:28,903 - INFO - icrawler.crawler - starting 1 parser threads...
2026-08-29 23:17:28,903 - INFO - icrawler.crawler - starting 2 downloader threads...
2026-08-29 23:17:28,903 - INFO - feeder - thread feeder-001 exit
2026-08-29 23:17:29,620 - INFO - parser - parsing result page https://www.bing.com/images/async?q=johnny sins podcast jre screenshot&first=0
2026-08-29 23:17:30,113 - INFO - downloader - image #1	https://i.ytimg.com/vi/9evUacKNNiI/maxresdefault.jpg
2026-08-29 23:17:30,305 - INFO - downloader - image #2	https://i.ytimg.com/vi/A_JFOujhqNM/oar2.jpg
2026-08-29 23:17:30,408 - INFO - downloader - image #3	https://i.ytimg.com/vi/9evUacKNNiI/oardefault.jpg
2026-08-29 23:17:30,533 - INFO - downloader - image #4	https://i.ytimg.com/vi/rf7A-2f-OBo/maxresdefault.jpg
2026-08-29 23:17:30,539 - INFO - downloader - image #5	https://i.ytimg.com/vi/7VHiTGjkIvQ/maxresdefault.jpg
2026-08-29 23:17:30,633 - INFO - downloader - image #6	https://i.ytimg.com/vi/BG87A10_boQ/maxres2.jpg
2026-08-29 23:17:30,804 - INFO - downloader - image #7	https://i.ytimg.com/vi/1jU8qsU4D9Y/maxresdefault.jpg
2026-08-29 23:17:30,938 - INFO - downloader - image #8	https://i.ytimg.com/vi/bvKnx932pHE/maxresdefault.jpg
2026-08-29 23:17:31,038 - INFO - downloader - image #9	https://i.ytimg.com/vi/gICtOPvFN9w/maxresdefault.jpg
2026-08-29 23:17:31,038 - INFO - downloader - image #10	https://i.ytimg.com/vi/iqoyQe4YwAE/maxresdefault.jpg
2026-08-29 23:17:31,282 - INFO - downloader - image #11	https://i.ytimg.com/vi/amOKCy7x0VY/oar2.jpg
2026-08-29 23:17:31,289 - INFO - downloader - image #12	https://i.ytimg.com/vi/sSNNB_E4UYI/oar2.jpg
2026-08-29 23:17:31,365 - ERROR - downloader - Response status code 404, file https://i.ytimg.com/vi/MZo3GQAaxyg/maxresdefault.jpg
2026-08-29 23:17:31,382 - INFO - downloader - image #13	https://i.ytimg.com/vi/COWbqWQKCmY/oardefault.jpg
2026-08-29 23:17:31,588 - INFO - downloader - image #14	https://i.ytimg.com/vi/pYoVeMgbsjs/maxresdefault.jpg
2026-08-29 23:17:31,635 - INFO - downloader - image #15	https://i.ytimg.com/vi/4HphPD9tKEk/maxresdefault.jpg
2026-08-29 23:17:31,764 - INFO - downloader - image #16	https://i.ytimg.com/vi/iqoyQe4YwAE/oardefault.jpg
2026-08-29 23:17:31,784 - INFO - downloader - image #17	https://i.ytimg.com/vi/KYReKFDpiZY/oardefault.jpg
2026-08-29 23:17:31,904 - INFO - downloader - image #18	https://i.ytimg.com/vi/rUGs148cans/oardefault.jpg
2026-08-29 23:17:32,034 - INFO - downloader - image #19	https://i.ytimg.com/vi/VwuF7y8qWNA/maxres2.jpg
2026-08-29 23:17:32,113 - INFO - downloader - image #20	https://i.ytimg.com/vi/4LPwZWjMiLA/maxresdefault.jpg
2026-08-29 23:17:32,244 - INFO - downloader - image #21	https://i.ytimg.com/vi/Q5U0EgOpFyI/maxres2.jpg
2026-08-29 23:17:32,265 - INFO - downloader - image #22	https://i.ytimg.com/vi/MFeutm-AD6Q/maxres2.jpg
2026-08-29 23:17:32,352 - INFO - downloader - image #23	https://i.ytimg.com/vi/_UDL1Zyf2m0/oar2.jpg
2026-08-29 23:17:32,400 - INFO - downloader - image #24	https://i.ytimg.com/vi/A6pdK3vT9rU/oar2.jpg
2026-08-29 23:17:32,572 - INFO - downloader - image #25	https://i.ytimg.com/vi/SOaFUoAmlQ4/oar2.jpg
2026-08-29 23:17:32,588 - INFO - downloader - image #26	https://i.ytimg.com/vi/x_lDf14W8ro/oar2.jpg
2026-08-29 23:17:32,809 - INFO - downloader - image #27	https://i.ytimg.com/vi/4YNTza2tNNQ/oardefault.jpg
2026-08-29 23:17:32,814 - INFO - parser - parsing result page https://www.bing.com/images/async?q=johnny sins podcast jre screenshot&first=20
2026-08-29 23:17:32,840 - INFO - downloader - image #28	https://i.ytimg.com/vi/Ogc04lJv9QY/oar2.jpg
2026-08-29 23:17:32,889 - INFO - downloader - image #29	https://i.ytimg.com/vi/nsUMlOfxrzs/hq2.jpg
2026-08-29 23:17:32,984 - INFO - downloader - image #30	https://i.ytimg.com/vi/Er0WNLwhiOc/hq2.jpg
2026-08-29 23:17:33,071 - INFO - downloader - image #31	https://i.ytimg.com/vi/7X13VQMqDu0/maxresdefault.jpg
2026-08-29 23:17:33,189 - INFO - downloader - image #32	https://i.ytimg.com/vi/QxWmoLMPHNM/maxresdefault.jpg
2026-08-29 23:17:33,289 - INFO - downloader - image #33	https://i.ytimg.com/vi/_tteJyOfmbQ/maxres2.jpg
2026-08-29 23:17:33,363 - INFO - downloader - image #34	https://i.ytimg.com/vi/HDILj1HpeIk/oar2.jpg
2026-08-29 23:17:33,459 - INFO - downloader - image #35	https://i.ytimg.com/vi/rcELzAnbxtI/maxresdefault.jpg
2026-08-29 23:17:33,473 - INFO - downloader - image #36	https://i.ytimg.com/vi/Ogc04lJv9QY/maxres2.jpg
2026-08-29 23:17:33,652 - ERROR - downloader - Response status code 404, file https://i.ytimg.com/vi/LLNZHZvN8B8/oardefault.jpg
2026-08-29 23:17:33,835 - INFO - downloader - image #37	https://i.ytimg.com/vi/uWoDl4BdTQ8/maxresdefault.jpg
2026-08-29 23:17:34,114 - INFO - downloader - image #38	https://i.ytimg.com/vi/Yb1L9xzs2jk/oar2.jpg
2026-08-29 23:17:34,125 - ERROR - downloader - Response status code 202, file https://www.jrepodcast.com/wp-content/uploads/2026/01/sOaM2IhEMrg-maxresdefault-640x640.jpg
2026-08-29 23:17:34,388 - ERROR - downloader - Response status code 404, file https://i.ytimg.com/vi/ZY3Vs4bx1EQ/maxresdefault.jpg
2026-08-29 23:17:34,403 - INFO - downloader - image #39	https://i.ytimg.com/vi/DnvQ-Kv7eCY/oardefault.jpg
2026-08-29 23:17:34,482 - ERROR - downloader - Response status code 404, file https://i.ytimg.com/vi/C2-rFUk7SE8/maxresdefault.jpg
2026-08-29 23:17:34,505 - INFO - downloader - image #40	https://i.ytimg.com/vi/41c36DbPTAI/oar2.jpg
2026-08-29 23:17:34,650 - INFO - downloader - image #41	https://i.ytimg.com/vi/ocDeAuGBDj0/hq720.jpg
2026-08-29 23:17:34,695 - INFO - downloader - image #42	https://i.ytimg.com/vi/CqhWGkPPVlo/oardefault.jpg
2026-08-29 23:17:34,821 - INFO - downloader - image #43	https://i.ytimg.com/vi/Er0WNLwhiOc/oar2.jpg
2026-08-29 23:17:34,862 - INFO - parser - parsing result page https://www.bing.com/images/async?q=johnny sins podcast jre screenshot&first=40
2026-08-29 23:17:34,989 - INFO - downloader - image #44	https://i.ytimg.com/vi/pYoVeMgbsjs/oardefault.jpg
2026-08-29 23:17:35,035 - INFO - downloader - image #45	https://i.ytimg.com/vi/FiwQY2beZ9Y/maxres2.jpg
2026-08-29 23:17:35,140 - INFO - downloader - image #46	https://i.ytimg.com/vi/y3b5dDaqL7M/oar2.jpg
2026-08-29 23:17:35,269 - INFO - downloader - image #47	https://i.ytimg.com/vi/U3-8slL18xY/maxresdefault.jpg
2026-08-29 23:17:35,284 - ERROR - downloader - Response status code 404, file https://i.ytimg.com/vi/Z100OsU3IJA/oardefault.jpg
2026-08-29 23:17:35,445 - INFO - downloader - image #48	https://i.ytimg.com/vi/p4Gge-OTA2E/maxres2.jpg
2026-08-29 23:17:35,509 - INFO - downloader - image #49	https://i.ytimg.com/vi/V7fpJoandRc/maxresdefault.jpg
2026-08-29 23:17:35,615 - INFO - downloader - image #50	https://i.ytimg.com/vi/i2HRLWjIvmw/maxresdefault.jpg
2026-08-29 23:17:35,634 - INFO - downloader - image #51	https://i.ytimg.com/vi/mCuGKe66dhE/oardefault.jpg
2026-08-29 23:17:35,856 - INFO - downloader - image #52	https://i.ytimg.com/vi/LDUMq95Te5c/maxresdefault.jpg
2026-08-29 23:17:35,860 - INFO - downloader - image #53	https://i.ytimg.com/vi/A8Y8LaYdjNE/maxresdefault.jpg
2026-08-29 23:17:35,966 - INFO - downloader - image #54	https://i.ytimg.com/vi/7XHld8yp1kg/maxres2.jpg
2026-08-29 23:17:35,972 - INFO - downloader - image #55	https://i.ytimg.com/vi/QxWmoLMPHNM/oardefault.jpg
2026-08-29 23:17:36,133 - INFO - downloader - image #56	https://i.ytimg.com/vi/nksHzw0a5Lk/maxresdefault.jpg
2026-08-29 23:17:36,174 - INFO - downloader - image #57	https://i.ytimg.com/vi/1c0NSQXWAZw/oardefault.jpg
2026-08-29 23:17:36,223 - INFO - downloader - image #58	https://i.ytimg.com/vi/3t5TG2MWYGY/sddefault.jpg
2026-08-29 23:17:36,475 - INFO - downloader - image #59	https://i.ytimg.com/vi/_bIwbO8cnMM/maxresdefault.jpg
2026-08-29 23:17:36,517 - INFO - parser - parsing result page https://www.bing.com/images/async?q=johnny sins podcast jre screenshot&first=60
2026-08-29 23:17:36,596 - INFO - downloader - image #60	https://wallpapers.com/images/hd/johnny-sins-youtube-video-wmj4aty0v0wu8rrx.jpg
2026-08-29 23:17:36,724 - INFO - downloader - image #61	https://i.ytimg.com/vi/Js13rdP8b44/maxresdefault.jpg
2026-08-29 23:17:36,763 - INFO - downloader - image #62	https://i.ytimg.com/vi/iMg-LT4t4WE/maxresdefault.jpg
2026-08-29 23:17:36,984 - INFO - downloader - image #63	https://i.ytimg.com/vi/fAkFFiO4eTI/maxres2.jpg
2026-08-29 23:17:37,016 - INFO - downloader - image #64	https://images.news18.com/static-guju/uploads/2022/11/johnny-sins-space-astronaut-166730441216x9.jpg
2026-08-29 23:17:37,105 - INFO - downloader - image #65	https://i.ytimg.com/vi/vT7RF1NMk1A/oardefault.jpg
2026-08-29 23:17:37,198 - INFO - downloader - image #66	https://i.ytimg.com/vi/4QHxFm2z29c/hqdefault.jpg
2026-08-29 23:17:37,214 - INFO - downloader - image #67	https://i.ytimg.com/vi/TnZe-nd5M0g/maxresdefault.jpg
2026-08-29 23:17:37,309 - ERROR - downloader - Response status code 404, file https://i.ytimg.com/vi/N5BRm-q3IY8/maxresdefault.jpg
2026-08-29 23:17:37,409 - INFO - downloader - image #68	https://i.ytimg.com/vi/TtPHcPDFy-Y/maxresdefault.jpg
2026-08-29 23:17:37,413 - INFO - downloader - image #69	https://i.ytimg.com/vi/XKDhIWhhd2E/maxresdefault.jpg
2026-08-29 23:17:37,561 - INFO - downloader - image #70	https://i.ytimg.com/vi/OdMlLLsjW7U/maxresdefault.jpg
2026-08-29 23:17:37,732 - INFO - downloader - image #71	https://i.ytimg.com/vi/t7c7O2ODtC8/maxresdefault.jpg
2026-08-29 23:17:37,924 - INFO - parser - parsing result page https://www.bing.com/images/async?q=johnny sins podcast jre screenshot&first=80
2026-08-29 23:17:37,951 - INFO - downloader - image #72	https://i.ytimg.com/vi/e10siPVh1io/oardefault.jpg
2026-08-29 23:17:38,143 - INFO - downloader - image #73	https://i.ytimg.com/vi/CqhWGkPPVlo/maxresdefault.jpg
2026-08-29 23:17:38,354 - INFO - downloader - image #74	https://i.ytimg.com/vi/d6E8nnCikFo/oardefault.jpg
2026-08-29 23:17:38,445 - INFO - downloader - image #75	https://i.ytimg.com/vi/uWaLO-exOdA/oar2.jpg
2026-08-29 23:17:38,576 - ERROR - downloader - Response status code 202, file https://www.jrepodcast.com/wp-content/uploads/2022/08/mSzJdB1Smic-maxresdefault.jpg
2026-08-29 23:17:38,746 - INFO - downloader - image #76	https://i.ytimg.com/vi/fTdXNGd8bB0/maxresdefault.jpg
2026-08-29 23:17:38,902 - INFO - downloader - image #77	https://i.ytimg.com/vi/RRpSII4tc2o/maxres2.jpg
2026-08-29 23:17:39,065 - INFO - downloader - image #78	https://i.ytimg.com/vi/oY988c_TVuk/maxresdefault.jpg
2026-08-29 23:17:39,096 - INFO - downloader - image #79	https://is1-ssl.mzstatic.com/image/thumb/Podcasts221/v4/f0/04/ab/f004abbd-b9e7-c8d4-a479-cf55a7458f7e/mza_11991724581276967530.png/1200x1200bf-60.jpg
2026-08-29 23:17:39,496 - INFO - downloader - image #80	https://m.media-amazon.com/images/I/41JitqQA0AL._SL10_UR1600,800_CR200,50,1200,630_CLa|1200,630|41JitqQA0AL.jpg
2026-08-29 23:17:39,758 - INFO - downloader - image #81	https://www.neyazalim.com/wp-content/uploads/Johnny-Sinsin-kariyeri.jpg
2026-08-29 23:17:39,847 - ERROR - downloader - Response status code 403, file https://e0.pxfuel.com/wallpapers/793/711/desktop-wallpaper-johnny-sins-doctor-teacher-plumber-deliveryman-preacher-johnny-bhaiya-dentist-yoga-businessman-everything-astronaut-firefighter-cop-army-culprit-johnny-sins.jpg
2026-08-29 23:17:39,847 - INFO - downloader - image #82	https://wallpapers.com/images/hd/johnny-sins-with-award-w6rkexvf56geckoe.jpg
2026-08-29 23:17:40,104 - INFO - downloader - image #83	https://i.redd.it/lw7cqolfmxk91.jpg
2026-08-29 23:17:40,247 - INFO - downloader - image #84	https://wallpapers.com/images/hd/johnny-sins-pastel-filter-359stlklvh8c67zc.jpg
2026-08-29 23:17:40,355 - INFO - downloader - image #85	https://i.ytimg.com/vi/xSFVE_zfn1o/maxresdefault.jpg
2026-08-29 23:17:40,593 - INFO - parser - parsing result page https://www.bing.com/images/async?q=johnny sins podcast jre screenshot&first=100
2026-08-29 23:17:42,690 - INFO - downloader - image #86	https://www.cutinsight.com/wp-content/uploads/2025/10/Screenshot_2.jpg
2026-08-29 23:17:42,796 - INFO - downloader - image #87	https://wallpapers.com/images/hd/doctor-johnny-sins-6vleyqyzdu5tcn5c.jpg
2026-08-29 23:17:43,022 - INFO - downloader - image #88	https://i.ytimg.com/vi/qR14Ebj6ifw/maxresdefault.jpg
2026-08-29 23:17:43,191 - INFO - downloader - image #89	https://i.ytimg.com/vi/UDvwpZqzojg/maxresdefault.jpg
2026-08-29 23:17:43,373 - INFO - downloader - image #90	https://i.ytimg.com/vi/5Fv_WNYPyKw/maxresdefault.jpg
2026-08-29 23:17:43,492 - INFO - downloader - image #91	https://wikilifeng.com/contents/uploads/biographies/biography-1623--i-don-t-know-my-official-body-count-but-it-s-somewhere-around-2-500---adult-star-johnny-sins-reveals-photos--06012025.jpg
2026-08-29 23:17:43,555 - INFO - downloader - image #92	https://i.ytimg.com/vi/u3jNmLV84jU/maxresdefault.jpg
2026-08-29 23:17:43,642 - INFO - downloader - image #93	https://wallpapers.com/images/hd/johnny-sins-jojo-meme-l53d7qepl3u296d0.jpg
2026-08-29 23:17:43,845 - INFO - downloader - image #94	https://i.ytimg.com/vi/5f2wyuPD5VI/maxres2.jpg
2026-08-29 23:17:44,040 - INFO - downloader - image #95	https://i.pinimg.com/736x/6e/b9/a8/6eb9a8b43a13cf33dae7d2fcd83daf8a.jpg
2026-08-29 23:17:44,306 - INFO - downloader - image #96	https://images-cdn.9gag.com/photo/aGppPRn_ogimage.jpg
2026-08-29 23:17:44,575 - INFO - downloader - image #97	https://i.ytimg.com/vi/E2CTjDcTgB0/maxresdefault.jpg
2026-08-29 23:17:44,659 - INFO - downloader - image #98	https://wallpapers.com/images/hd/johnny-sins-wacky-selfie-qkwwxm0y83pqf8jp.jpg
2026-08-29 23:17:44,720 - INFO - downloader - image #99	https://generationiron.com/wp-content/uploads/2024/05/johnny-sins-inno-supps-696x386.jpg
2026-08-29 23:17:44,922 - INFO - downloader - image #100	https://i.ytimg.com/vi/a8JTb5qFF9I/oar2.jpg
2026-08-29 23:17:45,262 - INFO - downloader - image #101	https://pbs.twimg.com/media/FGbe4z_XsAM5KXl.jpg
2026-08-29 23:17:45,440 - INFO - downloader - image #102	https://i.ytimg.com/vi/adknAjfd2lY/oar2.jpg
2026-08-29 23:17:45,600 - INFO - downloader - image #103	https://i.ytimg.com/vi/vH_Qjo-A354/maxres2.jpg
2026-08-29 23:17:45,633 - INFO - downloader - image #104	https://leadstories.com/sinstweet.jpg
2026-08-29 23:17:46,581 - INFO - parser - no more page urls for thread parser-001 to parse
2026-08-29 23:17:46,582 - INFO - parser - thread parser-001 exit
2026-08-29 23:17:50,611 - INFO - downloader - no more download task for thread downloader-002
2026-08-29 23:17:50,612 - INFO - downloader - thread downloader-002 exit
2026-08-29 23:17:50,644 - INFO - downloader - no more download task for thread downloader-001
2026-08-29 23:17:50,645 - INFO - downloader - thread downloader-001 exit
2026-08-29 23:17:51,065 - INFO - icrawler.crawler - Crawling task done!
2026-08-29 23:17:52,104 - INFO - icrawler.crawler - start crawling...
2026-08-29 23:17:52,104 - INFO - icrawler.crawler - starting 1 feeder threads...
2026-08-29 23:17:52,106 - INFO - icrawler.crawler - starting 1 parser threads...
2026-08-29 23:17:52,106 - INFO - icrawler.crawler - starting 2 downloader threads...
2026-08-29 23:17:52,106 - INFO - feeder - thread feeder-001 exit
2026-08-29 23:17:52,805 - INFO - parser - parsing result page https://www.bing.com/images/async?q=johnny sins lift carry meme original&first=0
2026-08-29 23:17:53,498 - INFO - downloader - image #1	https://i.ytimg.com/vi/zGnsulMEZlc/maxresdefault.jpg
2026-08-29 23:17:53,511 - INFO - downloader - image #2	https://i.ytimg.com/vi/JdzTLuxIGKA/maxresdefault.jpg
2026-08-29 23:17:53,728 - INFO - downloader - image #3	https://i.ytimg.com/vi/93MCcyHsyqo/maxresdefault.jpg
2026-08-29 23:17:54,323 - INFO - downloader - image #4	https://i.pinimg.com/originals/4d/78/70/4d78704f25505d7ea5698452ca7502d8.jpg
2026-08-29 23:17:54,422 - ERROR - downloader - Response status code 401, file https://images-wixmp-ed30a86b8c4ca887773594c2.wixmp.com/f/cb7c1270-6ab3-4dd0-ae46-c3cbaa8349b9/djb1vhz-e4f7517b-5f16-461b-9c87-92b4f9987ba4.jpg
2026-08-29 23:17:54,488 - INFO - downloader - image #5	https://i.ytimg.com/vi/89djHb6MzmE/oar2.jpg
2026-08-29 23:17:54,742 - INFO - downloader - image #6	https://i.ytimg.com/vi/6b6lCln3Yow/maxresdefault.jpg
2026-08-29 23:17:54,882 - INFO - downloader - image #7	https://i.imgflip.com/4d44fq.jpg
2026-08-29 23:17:54,985 - INFO - downloader - image #8	https://i.ytimg.com/vi/6oy5_RI5hG4/maxresdefault.jpg
2026-08-29 23:17:55,089 - INFO - downloader - image #9	https://i.ytimg.com/vi/8nMtT8-L8ks/maxresdefault.jpg
2026-08-29 23:17:55,317 - INFO - downloader - image #10	https://i.ytimg.com/vi/YO-Yj9_JF2o/oardefault.jpg
2026-08-29 23:17:55,851 - INFO - downloader - image #11	https://i.redd.it/4l3r14rztpq71.jpg
2026-08-29 23:17:56,426 - INFO - downloader - image #12	https://i.redd.it/xz1p5p0e618a1.jpg
2026-08-29 23:17:57,791 - INFO - downloader - image #13	https://i.kym-cdn.com/photos/images/original/000/795/768/d3f.jpg
2026-08-29 23:17:57,887 - INFO - downloader - image #14	https://www.meme-arsenal.com/memes/689eb7ac71aed9ffce4dc4d0aa977672.jpg
2026-08-29 23:17:58,100 - INFO - downloader - image #15	https://i.ytimg.com/vi/QNnw2b1moGQ/maxresdefault.jpg
2026-08-29 23:17:58,180 - INFO - downloader - image #16	https://i.pinimg.com/originals/fc/87/eb/fc87eb1d6d3afdd3ca12989d54c623bb.jpg
2026-08-29 23:17:58,376 - ERROR - downloader - Response status code 403, file https://preview.redd.it/jesus-v0-95ytt0umt2w91.jpg
2026-08-29 23:17:59,068 - INFO - downloader - image #17	https://i.kym-cdn.com/photos/images/original/000/528/487/7b9.jpg
2026-08-29 23:17:59,417 - INFO - downloader - image #18	https://i.redd.it/57rcfk8p2rl61.jpg
2026-08-29 23:17:59,585 - INFO - downloader - image #19	https://www.boredpanda.com/blog/wp-content/uploads/2024/07/33-Memes-To-Lift-Your-Spirits-As-Shared-By-This-Instagram-Page-New-Pics-66a0980dc70b9__700.jpg
2026-08-29 23:17:59,806 - INFO - downloader - image #20	https://i.redd.it/tn8ppsm2uzq91.jpg
2026-08-29 23:17:59,971 - ERROR - downloader - Response status code 403, file https://preview.redd.it/3kzardgly7s71.jpg
2026-08-29 23:18:00,199 - INFO - downloader - image #21	https://images-cdn.9gag.com/photo/aKVOe5O_700b.jpg
2026-08-29 23:18:00,238 - INFO - parser - parsing result page https://www.bing.com/images/async?q=johnny sins lift carry meme original&first=20
2026-08-29 23:18:00,475 - INFO - downloader - image #22	https://i.ytimg.com/vi/xThE-90UcC4/hq720_2.jpg
2026-08-29 23:18:00,873 - INFO - downloader - image #23	https://i.pinimg.com/736x/56/09/34/560934609b4d65616c96454601a35831.jpg
2026-08-29 23:18:00,954 - INFO - downloader - image #24	https://urbancarryholsters.com/cdn/shop/files/Magsize-Meme.jpg
2026-08-29 23:18:01,360 - INFO - downloader - image #25	https://images-cdn.9gag.com/photo/aoO6v7e_700b.jpg
2026-08-29 23:18:01,675 - INFO - downloader - image #26	https://img-9gag-fun.9cache.com/photo/aYV82j2_460s.jpg
2026-08-29 23:18:01,823 - ERROR - downloader - Response status code 403, file https://preview.redd.it/nim5qnohoq371.jpg
2026-08-29 23:18:01,882 - INFO - downloader - image #27	https://i.pinimg.com/736x/85/25/68/852568e86ab468a33870ce011284cc10.jpg
2026-08-29 23:18:01,970 - INFO - downloader - image #28	https://i.kym-cdn.com/photos/images/original/001/004/503/d90.jpg
2026-08-29 23:18:02,428 - INFO - downloader - image #29	https://i.imgflip.com/5usj3v.jpg
2026-08-29 23:18:02,917 - INFO - downloader - image #30	https://humornama.com/wp-content/uploads/2022/08/He-Protec-He-Attac-But-Most-Importantly-Meme-364x425.jpg
2026-08-29 23:18:03,368 - INFO - downloader - image #31	https://i.pinimg.com/736x/fe/fe/9c/fefe9c898ebd88e7d25321a6c4e123cd.jpg
2026-08-29 23:18:03,754 - INFO - downloader - image #32	https://humornama.com/wp-content/uploads/2022/08/Johnny-Sins-Anime-Meme-265x309.jpg
2026-08-29 23:18:04,209 - INFO - downloader - image #33	https://humornama.com/wp-content/uploads/2022/03/Johnny-Sins-Meme-on-Wrestling-Champion-1024x1024.jpg
2026-08-29 23:18:04,226 - INFO - downloader - image #34	https://humornama.com/wp-content/uploads/2022/08/Art-and-Artist-Meme-on-Johnny-Sins-561x374.jpg
2026-08-29 23:18:06,669 - INFO - downloader - image #35	https://api.memes.co.in/media/memesvideo/thumbnail/edf332d8.jpg
2026-08-29 23:18:06,738 - INFO - downloader - image #36	https://cdn.memes.com/up/2066571576077539/i/1636760430158.jpg
2026-08-29 23:18:06,741 - INFO - downloader - image #37	https://i.imgflip.com/2ix98g.jpg
2026-08-29 23:18:06,818 - INFO - downloader - image #38	https://i.pinimg.com/originals/18/02/3d/18023d3974a2444bd38f3032d1aee224.jpg
2026-08-29 23:18:06,883 - INFO - downloader - image #39	https://i.imgflip.com/3toh6i.jpg
2026-08-29 23:18:06,950 - INFO - downloader - image #40	https://img-9gag-fun.9cache.com/photo/aeQPjPQ_460s.jpg
2026-08-29 23:18:07,147 - ERROR - downloader - Response status code 403, file https://preview.redd.it/n87e2x33eqv31.jpg
2026-08-29 23:18:07,203 - INFO - downloader - image #41	https://i.pinimg.com/736x/42/a7/a3/42a7a312d0c2c48e9997a92e6b9300f2.jpg
2026-08-29 23:18:07,539 - INFO - parser - parsing result page https://www.bing.com/images/async?q=johnny sins lift carry meme original&first=40
2026-08-29 23:18:07,630 - INFO - downloader - image #42	https://humornama.com/wp-content/uploads/2022/08/Several-nurses-at-a-Maine-hospital-Are-Pregnant-Meme-364x425.jpg
2026-08-29 23:18:08,071 - INFO - downloader - image #43	https://cdn.memes.com/up/95154851628788234/i/1630988598131.jpg
2026-08-29 23:18:08,850 - INFO - downloader - image #44	https://chameleonmemes.com/wp-content/uploads/2022/12/what-is-this-mans-ocupation.jpg
2026-08-29 23:18:09,058 - INFO - downloader - image #45	https://www.meme-arsenal.com/memes/eca1974d3a2dc623ce3fd85fdc2e464f.jpg
2026-08-29 23:18:09,396 - INFO - downloader - image #46	https://humornama.com/wp-content/uploads/2022/03/Johnny-Sins-Meme-on-Doctor.jpg
2026-08-29 23:18:09,558 - ERROR - downloader - Response status code 403, file https://preview.redd.it/c8e87uii7ds61.jpg
2026-08-29 23:18:10,054 - INFO - downloader - image #47	https://imgmedia.libero.pe/1200x630/libero/original/2022/10/19/635003bd5835141cae51501e.jpg
2026-08-29 23:18:10,334 - INFO - downloader - image #48	https://humornama.com/wp-content/uploads/2022/08/Johnny-Sins-Boss-Meme.jpg
2026-08-29 23:18:10,711 - INFO - parser - parsing result page https://www.bing.com/images/async?q=johnny sins lift carry meme original&first=60
2026-08-29 23:18:10,827 - INFO - downloader - image #49	https://i.ytimg.com/vi/76_iwPtZbys/maxresdefault.jpg
2026-08-29 23:18:11,205 - INFO - downloader - image #50	https://humornama.com/wp-content/uploads/2022/08/Art-and-Artist-Meme-on-Johnny-Sins-531x354.jpg
2026-08-29 23:18:11,221 - INFO - downloader - image #51	https://www.meme-arsenal.com/memes/4f570a4b488b6c3199e231aa63eabfde.jpg
2026-08-29 23:18:11,542 - INFO - downloader - image #52	https://humornama.com/wp-content/uploads/2022/08/Johnny-Sins-Teacher-Meme-257x300.jpg
2026-08-29 23:18:12,630 - INFO - downloader - image #53	https://www.meme-arsenal.com/memes/b4d70fd39cf578d506dcfaabb74bfaea.jpg
2026-08-29 23:18:12,739 - INFO - downloader - image #54	https://humornama.com/wp-content/uploads/2022/03/Johnny-Sins-Meme-on-Astronaut-768x538.jpg
2026-08-29 23:18:13,591 - INFO - downloader - image #55	https://www.meme-arsenal.com/memes/72b1da802902988bf448038c8fe3913f.jpg
2026-08-29 23:18:14,089 - INFO - downloader - image #56	https://www.meme-arsenal.com/memes/cdc7b39f42f28f5055dc643662a81ba9.jpg
2026-08-29 23:18:14,837 - INFO - downloader - image #57	https://libero.cronosmedia.glr.pe/original/2022/10/19/635003bd5835141cae51501e.jpg
2026-08-29 23:18:14,963 - INFO - downloader - image #58	https://www.meme-arsenal.com/memes/2c419d4f677997f44ce513f46fdc5178.jpg
2026-08-29 23:18:15,254 - INFO - downloader - image #59	https://i.pinimg.com/originals/85/25/68/852568e86ab468a33870ce011284cc10.jpg
2026-08-29 23:18:15,803 - INFO - downloader - image #60	https://www.meme-arsenal.com/memes/d05ca66b0c6db5bd6950e871798bed2a.jpg
2026-08-29 23:18:16,286 - INFO - downloader - image #61	https://funplus.vn/wp-content/uploads/2024/02/anh-da-trang-dau-troc-tua-cua-liem-mep.jpg
2026-08-29 23:18:16,336 - INFO - downloader - image #62	https://img-9gag-fun.9cache.com/photo/apQMG9B_460s.jpg
2026-08-29 23:18:16,729 - INFO - parser - parsing result page https://www.bing.com/images/async?q=johnny sins lift carry meme original&first=80
2026-08-29 23:18:16,777 - INFO - downloader - image #63	https://humornama.com/wp-content/uploads/2022/08/Johnny-Sins-Presentation-Meme-561x655.jpg
2026-08-29 23:18:17,035 - INFO - downloader - image #64	https://i.kym-cdn.com/entries/icons/facebook/000/018/655/Screenshot_2022-10-31_at_13.29.40.jpg
2026-08-29 23:18:17,447 - INFO - downloader - image #65	https://i.imgflip.com/6pa83y.jpg
2026-08-29 23:18:17,461 - INFO - downloader - image #66	https://humornama.com/wp-content/uploads/2022/08/Johnny-Sins-Memes-On-Porn-1024x576.jpg
2026-08-29 23:18:17,696 - INFO - downloader - image #67	https://ih1.redbubble.net/image.3052058950.9210/mo,small,flatlay,product_square,600x600.jpg
2026-08-29 23:18:18,304 - INFO - downloader - image #68	https://www.meme-arsenal.com/memes/8bec1405df553f905ad11bd48149bb9e.jpg
2026-08-29 23:18:18,910 - INFO - downloader - image #69	https://img.ifunny.co/images/e223aed18ebe8f53b1c39b5d5d23f1ef7cd025b65881c85ef1e9810f3fbeb5de_1.jpg
2026-08-29 23:18:19,324 - INFO - downloader - image #70	https://wallpapers.com/images/hd/johnny-sins-chad-meme-wa5l69j3l45ihq4a.jpg
2026-08-29 23:18:19,371 - INFO - downloader - image #71	https://www.meme-arsenal.com/memes/2877994a3b11d81d6cebc44aa2a233bc.jpg
2026-08-29 23:18:19,610 - INFO - downloader - image #72	https://humornama.com/wp-content/uploads/2022/08/Art-and-Artist-Meme-on-Johnny-Sins-300x200.jpg
2026-08-29 23:18:19,893 - INFO - downloader - image #73	https://i.redd.it/x2euyd5q7a971.jpg
2026-08-29 23:18:20,175 - INFO - downloader - image #74	https://humornama.com/wp-content/uploads/2022/03/Johnny-Sins-Meme-on-Doctor-608x782.jpg
2026-08-29 23:18:20,236 - INFO - downloader - image #75	https://i.imgflip.com/736kpb.jpg
2026-08-29 23:18:20,537 - INFO - downloader - image #76	https://humornama.com/wp-content/uploads/2022/08/Best-Johnny-Sins-Meme-on-Rookie-Numbers.jpg
2026-08-29 23:18:20,588 - INFO - parser - parsing result page https://www.bing.com/images/async?q=johnny sins lift carry meme original&first=100
2026-08-29 23:18:20,590 - INFO - downloader - image #77	https://www.meme-arsenal.com/memes/47d9162b4f539cfc32132f9d2197d65c.jpg
2026-08-29 23:18:20,621 - INFO - downloader - image #78	https://i.kym-cdn.com/photos/images/original/002/380/939/bba.jpg
2026-08-29 23:18:20,646 - INFO - downloader - image #79	https://i.imgflip.com/3j1obg.jpg
2026-08-29 23:18:20,906 - INFO - downloader - image #80	https://humornama.com/wp-content/uploads/2022/03/Johnny-Sins-Meme-on-Astronaut-608x426.jpg
2026-08-29 23:18:21,626 - INFO - downloader - image #81	https://www.meme-arsenal.com/memes/79c51d45447d7f29fd6c64fa3e0accd4.jpg
2026-08-29 23:18:21,972 - INFO - downloader - image #82	https://humornama.com/wp-content/uploads/2022/08/Johnny-Sins-Memes-On-Porn-728x409.jpg
2026-08-29 23:18:22,137 - INFO - downloader - image #83	https://www.meme-arsenal.com/memes/bf6691030124f071213a9fc10a0700d4.jpg
2026-08-29 23:18:23,038 - INFO - downloader - image #84	https://www.meme-arsenal.com/memes/e2625a8d5fa66104c57516f2fcde9103.jpg
2026-08-29 23:18:23,564 - INFO - downloader - image #85	https://i.pinimg.com/736x/a1/42/6b/a1426ba0803c390dfe8ae8d0429a1254.jpg
2026-08-29 23:18:24,294 - INFO - downloader - image #86	https://www.meme-arsenal.com/memes/f3088ccdfb1f32ca57b173f055007858.jpg
2026-08-29 23:18:24,513 - INFO - downloader - image #87	https://www.meme-arsenal.com/memes/43baed885857d5b82509e44ac8bf92f4.jpg
2026-08-29 23:18:24,671 - INFO - downloader - image #88	https://humornama.com/wp-content/uploads/2022/08/Johnny-Sins-Selfie-Meme-on-Comments-531x620.jpg
2026-08-29 23:18:24,823 - INFO - downloader - image #89	https://i.ytimg.com/vi/smXHCv_pkT8/hqdefault.jpg
2026-08-29 23:18:24,969 - INFO - downloader - image #90	https://humornama.com/wp-content/uploads/2022/08/Johnny-Sins-Presentation-Meme-257x300.jpg
2026-08-29 23:18:25,224 - ERROR - downloader - Response status code 429, file https://humornama.com/wp-content/uploads/2022/08/Art-and-Artist-Meme-on-Johnny-Sins.jpg
2026-08-29 23:18:25,812 - ERROR - downloader - Response status code 429, file https://humornama.com/wp-content/uploads/2022/03/Funny-Johnny-Sins-Meme-on-Kissa-Sins-and-Hadley-Viscara-1-728x679.jpg
2026-08-29 23:18:26,293 - INFO - downloader - image #91	https://www.meme-arsenal.com/memes/f578f7ddcd6b042e358885508bf24c8c.jpg
2026-08-29 23:18:26,401 - INFO - downloader - image #92	https://st1.latestly.com/wp-content/uploads/2022/11/Johnny-Sins-Funny-Memes.jpg
2026-08-29 23:18:26,531 - ERROR - downloader - Response status code 429, file https://humornama.com/wp-content/uploads/2022/08/Chmapaklal-Meme-on-Johnny-Sins.jpg
2026-08-29 23:18:26,658 - ERROR - downloader - Response status code 429, file https://humornama.com/wp-content/uploads/2022/08/Several-nurses-at-a-Maine-hospital-Are-Pregnant-Meme.jpg
2026-08-29 23:18:26,826 - INFO - parser - no more page urls for thread parser-001 to parse
2026-08-29 23:18:26,826 - INFO - parser - thread parser-001 exit
2026-08-29 23:18:31,542 - INFO - downloader - no more download task for thread downloader-002
2026-08-29 23:18:31,543 - INFO - downloader - thread downloader-002 exit
2026-08-29 23:18:31,664 - INFO - downloader - no more download task for thread downloader-001
2026-08-29 23:18:31,664 - INFO - downloader - thread downloader-001 exit
2026-08-29 23:18:32,370 - INFO - icrawler.crawler - Crawling task done!
2026-08-29 23:18:33,406 - INFO - icrawler.crawler - start crawling...
2026-08-29 23:18:33,406 - INFO - icrawler.crawler - starting 1 feeder threads...
2026-08-29 23:18:33,407 - INFO - icrawler.crawler - starting 1 parser threads...
2026-08-29 23:18:33,407 - INFO - icrawler.crawler - starting 2 downloader threads...
2026-08-29 23:18:33,409 - INFO - feeder - thread feeder-001 exit
2026-08-29 23:18:34,141 - INFO - parser - parsing result page https://www.bing.com/images/async?q=johnny sins plumber costume photo&first=0
2026-08-29 23:18:36,888 - INFO - downloader - image #1	https://www.meme-arsenal.com/memes/ff90fbb8b033baec9721ece2a0627719.jpg
2026-08-29 23:18:37,114 - INFO - downloader - image #2	https://www.meme-arsenal.com/memes/513c323db5ca557f2e423684f83e1d07.jpg
2026-08-29 23:18:37,616 - INFO - downloader - image #3	https://www.meme-arsenal.com/memes/4f570a4b488b6c3199e231aa63eabfde.jpg
2026-08-29 23:18:38,087 - ERROR - downloader - Response status code 403, file https://www.bandt.com.au/information/uploads/2020/09/prnhub-ad.jpg
2026-08-29 23:18:39,039 - INFO - downloader - image #4	https://notinerd.com/wp-content/uploads/2022/11/2-8.jpg
2026-08-29 23:18:39,249 - INFO - downloader - image #5	https://i.imgflip.com/736kpb.jpg
2026-08-29 23:18:39,396 - INFO - downloader - image #6	https://www.meme-arsenal.com/memes/7e46ef874207143ff69bdc54c807ba4a.jpg
2026-08-29 23:18:40,159 - INFO - downloader - image #7	https://www.meme-arsenal.com/memes/7065629cb3915949b2c41e446ba2d90b.jpg
2026-08-29 23:18:40,810 - INFO - downloader - image #8	https://i.ytimg.com/vi/89w_kethe7M/maxresdefault.jpg
2026-08-29 23:18:41,294 - INFO - downloader - image #9	https://starboard-media.s3.amazonaws.com/static/user/avatar-yZlgNegGG.jpg
2026-08-29 23:18:41,684 - INFO - downloader - image #10	https://pbs.twimg.com/media/HDj18vGbEAEI_jQ.jpg
2026-08-29 23:18:41,767 - INFO - downloader - image #11	https://www.meme-arsenal.com/memes/2c419d4f677997f44ce513f46fdc5178.jpg
2026-08-29 23:18:41,909 - INFO - downloader - image #12	https://i.kym-cdn.com/photos/images/original/001/034/961/a63.jpg
2026-08-29 23:18:42,114 - INFO - downloader - image #13	https://www.neyazalim.com/wp-content/uploads/Johnny-Sinsin-kariyeri.jpg
2026-08-29 23:18:42,369 - INFO - downloader - image #14	https://wallpapers.com/images/hd/johnny-sins-at-avn-awards-l3lbw03v8wpyzbkq.jpg
2026-08-29 23:18:42,482 - INFO - downloader - image #15	https://wallpapers.com/images/hd/johnny-sins-tearing-shirt-tw0ott4omlhnjyk1.jpg
2026-08-29 23:18:43,749 - INFO - downloader - image #16	https://wikibio.us/wp-content/uploads/2020/06/Johnny-Sins1-1068x801.jpg
2026-08-29 23:18:43,920 - INFO - downloader - image #17	https://hg1.funnyjunk.com/pictures/Johnny+sins+cosplay+yes+he+actually+did+it_dacdbb_7681550.jpg
2026-08-29 23:18:44,155 - INFO - downloader - image #18	https://imgcdn.stablediffusionweb.com/2025/1/20/65166f32-6c1f-465b-bb28-a88ce8ed042c.jpg
2026-08-29 23:18:44,168 - INFO - downloader - image #19	https://imgcdn.stablediffusionweb.com/2024/3/2/f934b701-f6ee-42a6-98b0-47c7634f047b.jpg
2026-08-29 23:18:44,444 - INFO - downloader - image #20	https://i.pinimg.com/originals/56/6a/99/566a99283df2450516135e7ce763ace5.jpg
2026-08-29 23:18:44,545 - INFO - downloader - image #21	https://wallpapers.com/images/hd/smiling-johnny-sins-0hlr7xbb3sx3drnh.jpg
2026-08-29 23:18:44,601 - INFO - downloader - image #22	https://i.pinimg.com/736x/8c/15/d9/8c15d94de70d503298c483f427adb1ce.jpg
2026-08-29 23:18:44,929 - INFO - downloader - image #23	https://ih0.redbubble.net/image.664756783.1475/flat,1000x1000,075,f.jpg
2026-08-29 23:18:44,959 - INFO - downloader - image #24	https://wikibio.in/wp-content/uploads/2019/02/Johnny-Sins-photo.jpg
2026-08-29 23:18:44,999 - INFO - downloader - image #25	https://i.pinimg.com/736x/6e/b9/a8/6eb9a8b43a13cf33dae7d2fcd83daf8a.jpg
2026-08-29 23:18:45,052 - INFO - downloader - image #26	https://i.pinimg.com/736x/85/25/68/852568e86ab468a33870ce011284cc10.jpg
2026-08-29 23:18:45,159 - INFO - parser - parsing result page https://www.bing.com/images/async?q=johnny sins plumber costume photo&first=20
2026-08-29 23:18:45,454 - INFO - downloader - image #27	https://m.media-amazon.com/images/M/MV5BNzZhMDVmMjItZGIwYi00NzdiLWJkZjctNzQ5MzA4Njg4MDBhXkEyXkFqcGc@._V1_FMjpg_UX1000_.jpg
2026-08-29 23:18:46,296 - INFO - downloader - image #28	https://onlywikis.com/johnny-sins/johnny-sins-real-name.jpg
2026-08-29 23:18:48,323 - INFO - downloader - image #29	https://images.meme-arsenal.com/b99e2b20e4faca606ea5612d5da51b12.jpg
2026-08-29 23:18:48,427 - INFO - downloader - image #30	https://www.meme-arsenal.com/memes/27a30e192413c01778848c4d70fdc406.jpg
2026-08-29 23:18:49,116 - INFO - downloader - image #31	https://www.meme-arsenal.com/memes/f5b90487935cda155402b16c428f7652.jpg
2026-08-29 23:18:49,520 - INFO - downloader - image #32	https://i.pinimg.com/736x/18/12/7e/18127ef58d1139e43569e8ae3c1cac02.jpg
2026-08-29 23:18:50,005 - INFO - downloader - image #33	https://i.imgflip.com/2dgggv.jpg
2026-08-29 23:18:50,135 - INFO - downloader - image #34	https://www.meme-arsenal.com/memes/1777efe904f695d60b193d9e6b09dad8.jpg
2026-08-29 23:18:50,302 - ERROR - downloader - Response status code 403, file https://e0.pxfuel.com/wallpapers/793/711/desktop-wallpaper-johnny-sins-doctor-teacher-plumber-deliveryman-preacher-johnny-bhaiya-dentist-yoga-businessman-everything-astronaut-firefighter-cop-army-culprit-johnny-sins.jpg
2026-08-29 23:18:50,724 - INFO - downloader - image #35	https://wikibio.us/wp-content/uploads/2020/06/Johnny-Sins1.jpg
2026-08-29 23:18:51,280 - INFO - downloader - image #36	https://wikilifeng.com/contents/uploads/biographies/biography-1623--i-don-t-know-my-official-body-count-but-it-s-somewhere-around-2-500---adult-star-johnny-sins-reveals-photos--06012025.jpg
2026-08-29 23:18:51,810 - INFO - parser - parsing result page https://www.bing.com/images/async?q=johnny sins plumber costume photo&first=40
2026-08-29 23:18:51,864 - INFO - downloader - image #37	https://i.ytimg.com/vi/0ZmLbJfZCM4/maxresdefault.jpg
2026-08-29 23:18:52,231 - INFO - downloader - image #38	https://images.squarespace-cdn.com/content/v1/6144d106ee0f834ae92b4f60/1683114614331-0RV8KFDTJK0UK67WKGS3/Johnny+Sins+-+It's+all+smiles+from+the+bedroom+setting.jpg
2026-08-29 23:18:52,420 - INFO - downloader - image #39	https://i.pinimg.com/originals/0f/a7/c6/0fa7c6a16ea9eeff456886281e59ab5f.jpg
2026-08-29 23:18:53,520 - INFO - downloader - image #40	https://www.meme-arsenal.com/memes/4a9a1ff2b3496afcf4ad2dfc3e20cb54.jpg
2026-08-29 23:18:54,061 - INFO - downloader - image #41	https://www.ibc24.in/wp-content/uploads/2022/11/JONNY.jpg
2026-08-29 23:18:54,136 - ERROR - downloader - Response status code 404, file https://i.ytimg.com/vi/kiNwQZzr1YQ/hq720.jpg
2026-08-29 23:18:55,081 - INFO - downloader - image #42	https://www.meme-arsenal.com/memes/1e4f1d52aa29ebd3d576c0267cea0496.jpg
2026-08-29 23:18:56,075 - INFO - downloader - image #43	https://images.meme-arsenal.com/c1243e66b47320abd771fecbc5120260.jpg
2026-08-29 23:18:56,894 - ERROR - downloader - Exception caught when downloading file https://1a-1791.com/video/fww1/4d/s8/6/U/R/q/v/URqvy.aiEB.jpg, error: HTTPSConnectionPool(host='1a-1791.com', port=443): Max retries exceeded with url: /video/fww1/4d/s8/6/U/R/q/v/URqvy.aiEB.jpg (Caused by ConnectTimeoutError(<HTTPSConnection(host='1a-1791.com', port=443) at 0x16c8a6640>, 'Connection to 1a-1791.com timed out. (connect timeout=5)')), remaining retry times: 2
2026-08-29 23:18:56,919 - INFO - downloader - image #44	https://www.heavencostumes.com.au/cdn/shop/files/cut-kar-2013-red-plumber-guy-men-s-super-mario-fancy-dress-costume-alt.jpg
2026-08-29 23:18:56,981 - INFO - downloader - image #45	https://i.pinimg.com/736x/5a/75/72/5a75721acbb73a58462492ccb20e7968.jpg
2026-08-29 23:18:57,389 - INFO - downloader - image #46	https://wallpapers.com/images/hd/johnny-sins-wacky-selfie-qkwwxm0y83pqf8jp.jpg
2026-08-29 23:18:57,721 - INFO - parser - parsing result page https://www.bing.com/images/async?q=johnny sins plumber costume photo&first=60
2026-08-29 23:18:57,793 - INFO - downloader - image #47	https://i.pinimg.com/236x/20/84/05/208405ad2c5d7d003f0c241fef0b450c.jpg
2026-08-29 23:18:57,874 - INFO - downloader - image #48	https://wallpapers.com/images/hd/surprised-johnny-sins-55n883u40r8pnrzo.jpg
2026-08-29 23:19:01,232 - INFO - downloader - image #49	https://costumes-hub.com/wp-content/uploads/2024/04/1712834446-1.jpg
2026-08-29 23:19:01,903 - ERROR - downloader - Exception caught when downloading file https://1a-1791.com/video/fww1/4d/s8/6/U/R/q/v/URqvy.aiEB.jpg, error: HTTPSConnectionPool(host='1a-1791.com', port=443): Max retries exceeded with url: /video/fww1/4d/s8/6/U/R/q/v/URqvy.aiEB.jpg (Caused by ConnectTimeoutError(<HTTPSConnection(host='1a-1791.com', port=443) at 0x16ccb0940>, 'Connection to 1a-1791.com timed out. (connect timeout=5)')), remaining retry times: 1
2026-08-29 23:19:03,080 - INFO - downloader - image #50	https://hdnicewallpapers.com/images/hd/johnny-sins-at-film-shoot-yqolr3nzbr33f7zt.jpg
2026-08-29 23:19:03,249 - INFO - downloader - image #51	https://wallpapers.com/images/hd/johnny-sins-pastel-filter-359stlklvh8c67zc.jpg
2026-08-29 23:19:03,294 - INFO - downloader - image #52	https://i.pinimg.com/736x/cb/ec/e2/cbece2857114d45fe8de0f827640eb78.jpg
2026-08-29 23:19:05,728 - INFO - downloader - image #53	https://static.wikia.nocookie.net/the-giant-memeverse/images/6/63/Johnny_Sins.jpg
2026-08-29 23:19:06,811 - INFO - downloader - image #54	https://imgmedia.libero.pe/1200x660/libero/original/2022/09/22/632c6e56215048670104c3c7.jpg
2026-08-29 23:19:06,909 - ERROR - downloader - Exception caught when downloading file https://1a-1791.com/video/fww1/4d/s8/6/U/R/q/v/URqvy.aiEB.jpg, error: HTTPSConnectionPool(host='1a-1791.com', port=443): Max retries exceeded with url: /video/fww1/4d/s8/6/U/R/q/v/URqvy.aiEB.jpg (Caused by ConnectTimeoutError(<HTTPSConnection(host='1a-1791.com', port=443) at 0x16cc9e4f0>, 'Connection to 1a-1791.com timed out. (connect timeout=5)')), remaining retry times: 0
2026-08-29 23:19:07,821 - ERROR - downloader - Response status code 429, file https://humornama.com/wp-content/uploads/2022/08/Johnny-Sins-Meme-on-Moon-Knight.jpg
2026-08-29 23:19:08,364 - INFO - downloader - image #55	https://i.ytimg.com/vi/d1QwDRXT-GI/maxresdefault.jpg
2026-08-29 23:19:08,833 - INFO - downloader - image #56	https://www.neyazalim.com/wp-content/uploads/Johnny-Sins-Kimdir.jpg
2026-08-29 23:19:08,906 - INFO - downloader - image #57	https://wallpapers.com/images/hd/topless-and-muscular-johnny-sins-g69u6wmwjrviav6j.jpg
2026-08-29 23:19:08,923 - INFO - downloader - image #58	https://i.pinimg.com/originals/9c/39/e2/9c39e2ab0982b90b8973727cf10ba4cb.jpg
2026-08-29 23:19:09,003 - INFO - downloader - image #59	https://wallpapers.com/images/hd/johnny-sins-lifting-at-beach-mghn00ldzdyzzdo6.jpg
2026-08-29 23:19:09,076 - INFO - downloader - image #60	https://wallpapers.com/images/hd/fully-suited-johnny-sins-tja2j9hb1g5jbsxd.jpg
2026-08-29 23:19:09,417 - INFO - parser - parsing result page https://www.bing.com/images/async?q=johnny sins plumber costume photo&first=80
2026-08-29 23:19:09,606 - INFO - downloader - image #61	https://i.pinimg.com/736x/86/15/a0/8615a086d3bd1f5fb1b3c04c926dc3f3.jpg
2026-08-29 23:19:09,678 - INFO - downloader - image #62	https://wallpapers.com/images/hd/johnny-sins-with-award-w6rkexvf56geckoe.jpg
2026-08-29 23:19:10,284 - INFO - downloader - image #63	https://cdn11.bigcommerce.com/s-8kavg6zvvb/images/stencil/2560w/products/5092/10065/Green_plumber_man__70352.1688708649.jpg
2026-08-29 23:19:11,301 - INFO - downloader - image #64	http://www.fashionnova.com/cdn/shop/files/06-12-23Studio6_KT_BD_13-57-40_18_552922FN_Charcoal_0260_JB_1200x1200.jpg
2026-08-29 23:19:11,529 - INFO - downloader - image #65	https://libero.cronosmedia.glr.pe/original/2022/09/22/632c6e56215048670104c3c7.jpg
2026-08-29 23:19:11,584 - INFO - downloader - image #66	https://imgcdn.stablediffusionweb.com/2025/1/22/ba0b4ac5-a7a3-40ef-96a2-fb6e37c7f1f6.jpg
2026-08-29 23:19:11,616 - INFO - downloader - image #67	https://wallpapers.com/images/hd/johnny-sins-at-convention-dmrg32u5m6tuw1s0.jpg
2026-08-29 23:19:11,697 - INFO - downloader - image #68	https://wallpapers.com/images/hd/psychedelic-rocker-johnny-sins-7w5ceizz5n1bxp7i.jpg
2026-08-29 23:19:11,730 - INFO - downloader - image #69	https://imgcdn.stablediffusionweb.com/2025/1/27/2613a1e6-7ee3-4395-b2a4-1e9ae6adee02.jpg
2026-08-29 23:19:11,777 - INFO - downloader - image #70	https://wallpapers.com/images/hd/johnny-sins-jojo-meme-l53d7qepl3u296d0.jpg
2026-08-29 23:19:12,638 - INFO - parser - parsing result page https://www.bing.com/images/async?q=johnny sins plumber costume photo&first=100
2026-08-29 23:19:12,763 - INFO - downloader - image #71	https://i.pinimg.com/736x/9d/b5/95/9db595ad765112ed585a054c5bc1c3bd.jpg
2026-08-29 23:19:12,833 - INFO - downloader - image #72	https://artistsimages.b-cdn.net/johnny-sins/johnny-sins-1.jpg
2026-08-29 23:19:12,961 - INFO - downloader - image #73	https://i.ytimg.com/vi/Gn6Crz2ZzIc/maxres2.jpg
2026-08-29 23:19:15,224 - INFO - downloader - image #74	https://wicked-store.com/7320-thickbox_default/plumber-costume.jpg
2026-08-29 23:19:16,513 - INFO - downloader - image #75	https://tylerkirkhamart.com/cdn/shop/products/image_ec92ef13-0d84-4b71-9404-e86472c5ca21_1024x1024@2x.jpg
2026-08-29 23:19:17,953 - INFO - downloader - image #76	https://costumes-hub.com/wp-content/uploads/2024/04/1712834446.jpg
2026-08-29 23:19:18,004 - INFO - downloader - image #77	https://i.pinimg.com/736x/51/12/51/511251606928bd2b49b80d16c3591531.jpg
2026-08-29 23:19:18,011 - ERROR - downloader - Exception caught when downloading file https://ae01.alicdn.com/kf/S8b8addafe1184e62915cff7690f8069ez.jpg, error: HTTPSConnectionPool(host='ae01.alicdn.com', port=443): Max retries exceeded with url: /kf/S8b8addafe1184e62915cff7690f8069ez.jpg (Caused by ConnectTimeoutError(<HTTPSConnection(host='ae01.alicdn.com', port=443) at 0x16cc9ed00>, 'Connection to ae01.alicdn.com timed out. (connect timeout=5)')), remaining retry times: 2
2026-08-29 23:19:18,617 - INFO - downloader - image #78	https://actorshunk.com/wp-content/uploads/2024/02/mosttalentedbaldman_1693082278_3178126955887841998_56681234282.jpg
2026-08-29 23:19:18,858 - INFO - downloader - image #79	https://imgcdn.stablediffusionweb.com/2024/10/10/cbdeab8e-40fe-415f-b931-47b94bb6c813.jpg
2026-08-29 23:19:19,221 - INFO - downloader - image #80	https://wallpapers.com/images/hd/johnny-sins-dslr-selfie-ajxw8yiskr3j0vg5.jpg
2026-08-29 23:19:19,394 - INFO - downloader - image #81	https://i.ytimg.com/vi/PzhVOUbsWU4/hqdefault.jpg
2026-08-29 23:19:19,480 - INFO - downloader - image #82	https://wallpapers.com/images/high/johnny-sins-wacky-selfie-qkwwxm0y83pqf8jp.jpg
2026-08-29 23:19:20,626 - INFO - parser - no more page urls for thread parser-001 to parse
2026-08-29 23:19:20,626 - INFO - parser - thread parser-001 exit
2026-08-29 23:19:20,691 - INFO - downloader - image #83	https://costumes-hub.com/wp-content/uploads/2024/04/1712834444-1.jpg
2026-08-29 23:19:20,859 - INFO - downloader - image #84	https://i.ytimg.com/vi/U756RaODOAY/maxresdefault.jpg
2026-08-29 23:19:23,017 - ERROR - downloader - Exception caught when downloading file https://ae01.alicdn.com/kf/S8b8addafe1184e62915cff7690f8069ez.jpg, error: HTTPSConnectionPool(host='ae01.alicdn.com', port=443): Max retries exceeded with url: /kf/S8b8addafe1184e62915cff7690f8069ez.jpg (Caused by ConnectTimeoutError(<HTTPSConnection(host='ae01.alicdn.com', port=443) at 0x16cc9e2b0>, 'Connection to ae01.alicdn.com timed out. (connect timeout=5)')), remaining retry times: 1
2026-08-29 23:19:25,869 - INFO - downloader - no more download task for thread downloader-002
2026-08-29 23:19:25,869 - INFO - downloader - thread downloader-002 exit
2026-08-29 23:19:28,027 - ERROR - downloader - Exception caught when downloading file https://ae01.alicdn.com/kf/S8b8addafe1184e62915cff7690f8069ez.jpg, error: HTTPSConnectionPool(host='ae01.alicdn.com', port=443): Max retries exceeded with url: /kf/S8b8addafe1184e62915cff7690f8069ez.jpg (Caused by ConnectTimeoutError(<HTTPSConnection(host='ae01.alicdn.com', port=443) at 0x16ccb0640>, 'Connection to ae01.alicdn.com timed out. (connect timeout=5)')), remaining retry times: 0
2026-08-29 23:19:33,031 - INFO - downloader - no more download task for thread downloader-001
2026-08-29 23:19:33,032 - INFO - downloader - thread downloader-001 exit
2026-08-29 23:19:33,817 - INFO - icrawler.crawler - Crawling task done!
2026-08-29 23:19:34,866 - INFO - icrawler.crawler - start crawling...
2026-08-29 23:19:34,866 - INFO - icrawler.crawler - starting 1 feeder threads...
2026-08-29 23:19:34,867 - INFO - icrawler.crawler - starting 1 parser threads...
2026-08-29 23:19:34,867 - INFO - icrawler.crawler - starting 2 downloader threads...
2026-08-29 23:19:34,868 - INFO - feeder - thread feeder-001 exit
2026-08-29 23:19:35,576 - INFO - parser - parsing result page https://www.bing.com/images/async?q=johnny sins firefighter photo&first=0
2026-08-29 23:19:36,635 - INFO - downloader - image #1	https://media.makeameme.org/created/johnny-sins-a.jpg
2026-08-29 23:19:37,071 - INFO - downloader - image #2	https://i.ytimg.com/vi/XsmNRqf1PcI/hqdefault.jpg
2026-08-29 23:19:37,499 - INFO - downloader - image #3	https://ih1.redbubble.net/image.4293135458.5660/bg,f8f8f8-flat,750x,075,f-pad,750x1000,f8f8f8.jpg
2026-08-29 23:19:38,610 - INFO - downloader - image #4	https://i2-prod.coventrytelegraph.net/article32250114.ece/ALTERNATES/s1200e/0_e22f9c7d-ecc3-414f-aec1-87cbb58d99a8.jpg
2026-08-29 23:19:39,346 - INFO - downloader - image #5	https://i.redd.it/grmukbtbawo81.jpg
2026-08-29 23:19:39,714 - INFO - downloader - image #6	https://img-s3.onedio.com/id-636fbcf83b8b7b292ab32188/rev-0/w-1200/h-1058/f-jpg/s-9284d031345ebb25fb3ecaae901b604f979f6777.jpg
2026-08-29 23:19:39,752 - INFO - downloader - image #7	https://qxonaajzqbsildnkckup.supabase.co/storage/v1/object/public/posts/2024/meet-the-team-caliope/johnny-sins.jpg
2026-08-29 23:19:40,017 - INFO - downloader - image #8	https://i.pinimg.com/736x/85/25/68/852568e86ab468a33870ce011284cc10.jpg
2026-08-29 23:19:42,081 - INFO - downloader - image #9	https://www.meme-arsenal.com/memes/fb992c3bb9d1df79762cddcdacbb96ed.jpg
2026-08-29 23:19:42,444 - INFO - downloader - image #10	https://i.pinimg.com/736x/d2/b2/87/d2b287cc32df4a93d0e47f7dfeedfdb8.jpg
2026-08-29 23:19:42,704 - INFO - downloader - image #11	https://www.meme-arsenal.com/memes/7e46ef874207143ff69bdc54c807ba4a.jpg
2026-08-29 23:19:42,902 - INFO - downloader - image #12	https://wallpapers.com/images/hd/young-johnny-sins-kx8znn500rlba14k.jpg
2026-08-29 23:19:42,991 - INFO - downloader - image #13	https://imgcdn.stablediffusionweb.com/2025/1/20/65166f32-6c1f-465b-bb28-a88ce8ed042c.jpg
2026-08-29 23:19:42,991 - INFO - downloader - image #14	https://wallpapers.com/images/hd/johnny-sins-and-roles-9o8lzgri4e0flfks.jpg
2026-08-29 23:19:43,087 - INFO - downloader - image #15	https://wallpapers.com/images/hd/johnny-sins-wacky-selfie-qkwwxm0y83pqf8jp.jpg
2026-08-29 23:19:43,101 - INFO - downloader - image #16	https://imgcdn.stablediffusionweb.com/2024/9/15/0da5d9a2-6b4e-4222-b9e6-8817ab3e945a.jpg
2026-08-29 23:19:43,179 - INFO - downloader - image #17	https://wallpapers.com/images/hd/johnny-sins-with-award-w6rkexvf56geckoe.jpg
2026-08-29 23:19:43,276 - INFO - downloader - image #18	https://wallpapers.com/images/hd/johnny-sins-as-cop-jd4bb79ky3y197nj.jpg
2026-08-29 23:19:43,574 - INFO - parser - parsing result page https://www.bing.com/images/async?q=johnny sins firefighter photo&first=20
2026-08-29 23:19:43,814 - INFO - downloader - image #19	https://www.meme-arsenal.com/memes/ff90fbb8b033baec9721ece2a0627719.jpg
2026-08-29 23:19:43,958 - INFO - downloader - image #20	https://wallpapers.com/images/hd/johnny-sins-pastel-filter-359stlklvh8c67zc.jpg
2026-08-29 23:19:44,385 - INFO - downloader - image #21	https://imgmedia.libero.pe/1200x630/libero/original/2022/09/22/632c6e56215048670104c3c7.jpg
2026-08-29 23:19:44,860 - INFO - downloader - image #22	https://ih1.redbubble.net/image.4293135458.5660/st,small,507x507-pad,600x600,f8f8f8.jpg
2026-08-29 23:19:45,130 - INFO - downloader - image #23	https://img.soccersuck.com/images/2022/05/02/johnny-sins-many-jobs-meme-doctor-teacher-cop-firefighter-astronaut-army.jpg
2026-08-29 23:19:45,930 - INFO - downloader - image #24	https://gamebrott.com/wp-content/uploads/2019/10/2019100217500900-D7CA6266AE0BA0B8685E3F17EDE6840C-2.jpg
2026-08-29 23:19:46,025 - INFO - downloader - image #25	https://i.pinimg.com/originals/d2/b2/87/d2b287cc32df4a93d0e47f7dfeedfdb8.jpg
2026-08-29 23:19:46,084 - INFO - downloader - image #26	https://www.meme-arsenal.com/memes/00b36a0a83332454d720df0c9d8f52ab.jpg
2026-08-29 23:19:46,414 - INFO - parser - parsing result page https://www.bing.com/images/async?q=johnny sins firefighter photo&first=40
2026-08-29 23:19:46,498 - INFO - downloader - image #27	https://i.pinimg.com/originals/11/e8/93/11e893eb7fdf7fcdc372a988ac61ea9c.jpg
2026-08-29 23:19:46,543 - INFO - downloader - image #28	https://i.pinimg.com/736x/51/12/51/511251606928bd2b49b80d16c3591531.jpg
2026-08-29 23:19:46,863 - INFO - downloader - image #29	https://m.media-amazon.com/images/M/MV5BNzZhMDVmMjItZGIwYi00NzdiLWJkZjctNzQ5MzA4Njg4MDBhXkEyXkFqcGc@._V1_FMjpg_UX1000_.jpg
2026-08-29 23:19:47,819 - INFO - downloader - image #30	https://www.meme-arsenal.com/memes/72b1da802902988bf448038c8fe3913f.jpg
2026-08-29 23:19:47,820 - INFO - downloader - image #31	https://www.lovulu.com/images/Johny-Sins.jpg
2026-08-29 23:19:47,914 - INFO - downloader - image #32	https://wallpapers.com/images/hd/johnny-sins-jojo-meme-l53d7qepl3u296d0.jpg
2026-08-29 23:19:48,261 - INFO - downloader - image #33	https://wallpapersok.com/images/hd/smiling-portrait-of-johnny-sins-0hlr7xbb3sx3drnh.jpg
2026-08-29 23:19:48,559 - ERROR - downloader - Response status code 403, file https://townlift.com/wp-content/uploads/2025/03/Price-during-the-stair-climb.jpg
2026-08-29 23:19:48,804 - INFO - downloader - image #34	https://people.com/thmb/gYuGZg7FjNJlkoonnEoFMIc0TZM=/1500x0/filters:no_upscale():max_bytes(150000):strip_icc():focal(999x0:1001x2)/firefighters-3-110922-e1a683bf06cf4f21a9403624261cf734.jpg
2026-08-29 23:19:48,885 - INFO - downloader - image #35	https://wallpapers.com/images/hd/johnny-sins-at-avn-awards-l3lbw03v8wpyzbkq.jpg
2026-08-29 23:19:49,198 - ERROR - downloader - Response status code 403, file https://c.ndtvimg.com/2022-11/98dh5rc8_johnny-sins-military-uniform-650_625x300_22_November_22.jpg
2026-08-29 23:19:49,752 - INFO - downloader - image #36	https://www.meme-arsenal.com/memes/3ebe386688ca71cb1716a804a3bc5e6b.jpg
2026-08-29 23:19:49,988 - INFO - downloader - image #37	https://img.ifunny.co/images/392109bde3d4acbdcbe9ca84f2c431857c779dbc67950433e9417f557cb02307_1.jpg
2026-08-29 23:19:50,063 - INFO - downloader - image #38	https://wallpapers.com/images/hd/topless-and-muscular-johnny-sins-g69u6wmwjrviav6j.jpg
2026-08-29 23:19:50,113 - INFO - downloader - image #39	https://wikilifeng.com/contents/uploads/biographies/biography-1623--i-don-t-know-my-official-body-count-but-it-s-somewhere-around-2-500---adult-star-johnny-sins-reveals-photos--06012025.jpg
2026-08-29 23:19:50,154 - INFO - downloader - image #40	https://wallpapers.com/images/hd/johnny-sins-tearing-shirt-tw0ott4omlhnjyk1.jpg
2026-08-29 23:19:50,654 - INFO - parser - parsing result page https://www.bing.com/images/async?q=johnny sins firefighter photo&first=60
2026-08-29 23:19:50,993 - ERROR - downloader - Response status code 400, file https://media.gettyimages.com/id/862849400/photo/the-tonight-show-starring-johnny-carson-pictured-firefighter-red-adair-during-an-interview.jpg
2026-08-29 23:19:51,101 - INFO - downloader - image #41	https://wallpapers.com/images/hd/johnny-sins-fan-photo-4ltrm6tv44ka0har.jpg
2026-08-29 23:19:51,326 - INFO - downloader - image #42	https://i.pinimg.com/736x/a1/42/6b/a1426ba0803c390dfe8ae8d0429a1254.jpg
2026-08-29 23:19:51,397 - INFO - downloader - image #43	https://i.pinimg.com/736x/6e/b9/a8/6eb9a8b43a13cf33dae7d2fcd83daf8a.jpg
2026-08-29 23:19:51,582 - INFO - downloader - image #44	https://wallpapers.com/images/hd/johnny-sins-showing-off-abs-h3b6p3ued8jususq.jpg
2026-08-29 23:19:52,586 - INFO - downloader - image #45	https://imgmedia.libero.pe/1200x660/libero/original/2022/09/22/632c6e56215048670104c3c7.jpg
2026-08-29 23:19:53,027 - INFO - downloader - image #46	https://notinerd.com/wp-content/uploads/2022/11/2-8.jpg
2026-08-29 23:19:53,157 - INFO - downloader - image #47	https://facts.net/wp-content/uploads/2023/10/22-astounding-facts-about-johnny-sins-1696433310.jpg
2026-08-29 23:19:53,231 - INFO - downloader - image #48	https://wallpapers.com/images/hd/johnny-sins-dslr-selfie-ajxw8yiskr3j0vg5.jpg
2026-08-29 23:19:53,435 - INFO - downloader - image #49	https://i.pinimg.com/736x/97/94/48/979448ef72d617da3199f399b69fd5cb.jpg
2026-08-29 23:19:53,486 - INFO - downloader - image #50	https://i.pinimg.com/736x/8c/15/d9/8c15d94de70d503298c483f427adb1ce.jpg
2026-08-29 23:19:53,564 - INFO - parser - parsing result page https://www.bing.com/images/async?q=johnny sins firefighter photo&first=80
2026-08-29 23:19:53,674 - INFO - downloader - image #51	https://i.imgflip.com/736kpb.jpg
2026-08-29 23:19:54,031 - INFO - downloader - image #52	https://i.ytimg.com/vi/89w_kethe7M/maxresdefault.jpg
2026-08-29 23:19:54,191 - INFO - downloader - image #53	https://i.redd.it/7i8gb6gew81a1.jpg
2026-08-29 23:19:54,264 - INFO - downloader - image #54	https://i.pinimg.com/736x/7d/4d/eb/7d4debc932b6449716cb9e19824affb2.jpg
2026-08-29 23:19:54,525 - INFO - downloader - image #55	https://staticg.sportskeeda.com/editor/2022/11/c17ef-16690608386272-1920.jpg
2026-08-29 23:19:55,526 - INFO - downloader - image #56	https://images.kinorium.com/instagram/320/CkaEheLsoPr.jpg
2026-08-29 23:19:55,888 - INFO - downloader - image #57	https://libero.cronosmedia.glr.pe/original/2022/09/22/632c6e56215048670104c3c7.jpg
2026-08-29 23:19:58,026 - INFO - downloader - image #58	https://www.meme-arsenal.com/memes/4a9a1ff2b3496afcf4ad2dfc3e20cb54.jpg
2026-08-29 23:19:58,128 - INFO - downloader - image #59	https://i.pinimg.com/736x/cb/ec/e2/cbece2857114d45fe8de0f827640eb78.jpg
2026-08-29 23:19:58,462 - INFO - parser - parsing result page https://www.bing.com/images/async?q=johnny sins firefighter photo&first=100
2026-08-29 23:19:58,766 - INFO - downloader - image #60	https://media.fstatic.com/a2ocbvzARtXqhs_svc51Ylu2rM4=/full-fit-in/640x480/media/artists/avatar/2021/04/johnny-sins_a641604.jpg
2026-08-29 23:19:59,103 - INFO - downloader - image #61	https://www.ibc24.in/wp-content/uploads/2022/11/JONNY.jpg
2026-08-29 23:19:59,247 - INFO - downloader - image #62	https://www.meme-arsenal.com/memes/1795a0e1bb0d07b757ef234f06ceba2e.jpg
2026-08-29 23:19:59,453 - INFO - downloader - image #63	https://images.news18.com/static-guju/uploads/2022/11/johnny-sins-space-astronaut-166730441216x9.jpg
2026-08-29 23:19:59,524 - INFO - downloader - image #64	https://i.pinimg.com/736x/8b/bf/53/8bbf539f11f3224c82a338cbabddfd18.jpg
2026-08-29 23:20:01,020 - INFO - downloader - image #65	https://wallpapers.com/images/hd/johnny-sins-artwork-x35i7db6bypcn1gi.jpg
2026-08-29 23:20:01,025 - INFO - downloader - image #66	https://wallpapers.com/images/hd/johnny-sins-youtube-video-wmj4aty0v0wu8rrx.jpg
2026-08-29 23:20:01,486 - INFO - downloader - image #67	https://i.pinimg.com/736x/bf/db/8b/bfdb8b76c0a62e09318093413c1256ad.jpg
2026-08-29 23:20:01,996 - INFO - downloader - image #68	https://i.ytimg.com/vi/084-w-_vHmk/maxresdefault.jpg
2026-08-29 23:20:02,381 - INFO - downloader - image #69	https://cf.kizlarsoruyor.com/q8568905/9e73ba50-a4a5-497b-85a1-0f6b6388f29f.jpg
2026-08-29 23:20:02,889 - INFO - downloader - image #70	https://imgcdn.stablediffusionweb.com/2025/1/22/ba0b4ac5-a7a3-40ef-96a2-fb6e37c7f1f6.jpg
2026-08-29 23:20:02,891 - INFO - downloader - image #71	https://media.wkyc.com/assets/WKYC/images/e0dea374-67e8-4523-bb05-74d72d4d5ade/e0dea374-67e8-4523-bb05-74d72d4d5ade_1920x1080.jpg
2026-08-29 23:20:02,951 - INFO - downloader - image #72	https://i.pinimg.com/originals/5e/a8/80/5ea8806cd41f36d9149d80b81ee8513c.jpg
2026-08-29 23:20:04,070 - INFO - downloader - image #73	https://imagebox.cz.osobnosti.cz/foto/johnny-sins/N797676-ceb2c.jpg
2026-08-29 23:20:04,901 - INFO - parser - no more page urls for thread parser-001 to parse
2026-08-29 23:20:04,901 - INFO - parser - thread parser-001 exit
2026-08-29 23:20:05,093 - INFO - downloader - image #74	https://ewscripps.brightspotcdn.com/dims4/default/e2d509e/2147483647/strip/true/crop/1280x672+0+24/resize/1200x630!/quality/90/?url=http:%2F%2Fewscripps-brightspot.s3.amazonaws.com%2F31%2F02%2F9ba83cc9440591f4ece3e52df951%2Ffirefighter-wft.jpg
2026-08-29 23:20:05,341 - INFO - downloader - image #75	https://www.meme-arsenal.com/memes/43baed885857d5b82509e44ac8bf92f4.jpg
2026-08-29 23:20:05,893 - INFO - downloader - image #76	https://leadstories.com/assets_c/2023/02/sinstweet-thumb-600x781-3104258.jpg
2026-08-29 23:20:06,537 - INFO - downloader - image #77	https://images.tv9hindi.com/wp-content/uploads/2022/11/National-Football-League-Johnny-Sins-pic.jpg
2026-08-29 23:20:08,250 - INFO - downloader - image #78	https://www.firehero.org/wp-content/uploads/2026/03/goines-johnny-1280x1536.jpg
2026-08-29 23:20:11,549 - INFO - downloader - no more download task for thread downloader-001
2026-08-29 23:20:11,549 - INFO - downloader - thread downloader-001 exit
2026-08-29 23:20:13,258 - INFO - downloader - no more download task for thread downloader-002
2026-08-29 23:20:13,259 - INFO - downloader - thread downloader-002 exit
2026-08-29 23:20:14,148 - INFO - icrawler.crawler - Crawling task done!
2026-08-29 23:20:15,188 - INFO - icrawler.crawler - start crawling...
2026-08-29 23:20:15,188 - INFO - icrawler.crawler - starting 1 feeder threads...
2026-08-29 23:20:15,189 - INFO - icrawler.crawler - starting 1 parser threads...
2026-08-29 23:20:15,189 - INFO - icrawler.crawler - starting 2 downloader threads...
2026-08-29 23:20:15,189 - INFO - feeder - thread feeder-001 exit
2026-08-29 23:20:15,925 - INFO - parser - parsing result page https://www.bing.com/images/async?q=johnny sins doctor scrubs photo&first=0
2026-08-29 23:20:16,186 - INFO - downloader - image #1	https://ih1.redbubble.net/image.2382029195.6138/flat,750x,075,f-pad,750x1000,f8f8f8.jpg
2026-08-29 23:20:16,798 - INFO - downloader - image #2	https://ih1.redbubble.net/image.3088477931.2199/flat,750x,075,f-pad,750x1000,f8f8f8.jpg
2026-08-29 23:20:17,040 - INFO - downloader - image #3	https://ih0.redbubble.net/image.664756783.1475/pp,840x830-pad,1000x1000,f8f8f8.jpg
2026-08-29 23:20:17,198 - INFO - downloader - image #4	https://wallpapers.com/images/hd/doctor-johnny-sins-6vleyqyzdu5tcn5c.jpg
2026-08-29 23:20:17,583 - INFO - downloader - image #5	https://ih1.redbubble.net/image.3088477931.2199/poster,504x498,f8f8f8-pad,600x600,f8f8f8.jpg
2026-08-29 23:20:19,895 - INFO - downloader - image #6	https://www.meme-arsenal.com/memes/cf72c83f058e145f7deab33ab7e91e37.jpg
2026-08-29 23:20:19,998 - INFO - downloader - image #7	https://www.meme-arsenal.com/memes/4a9a1ff2b3496afcf4ad2dfc3e20cb54.jpg
2026-08-29 23:20:20,072 - INFO - downloader - image #8	https://ih1.redbubble.net/image.3072761345.4922/fposter,small,wall_texture,square_product,600x600.jpg
2026-08-29 23:20:20,143 - INFO - downloader - image #9	https://ih1.redbubble.net/image.2382029264.6138/flat,750x1000,075,t.jpg
2026-08-29 23:20:20,874 - INFO - downloader - image #10	https://www.meme-arsenal.com/memes/f6787cb06a253b78cfe4e6683974feb7.jpg
2026-08-29 23:20:21,475 - INFO - downloader - image #11	https://www.meme-arsenal.com/memes/908377f80351a3deb5381a4d1a239114.jpg
2026-08-29 23:20:22,144 - INFO - downloader - image #12	https://wikibio.us/wp-content/uploads/2020/06/Johnny-Sins1-1068x801.jpg
2026-08-29 23:20:22,234 - INFO - downloader - image #13	https://www.meme-arsenal.com/memes/ac78a01de69453008ef5a54bfe013df3.jpg
2026-08-29 23:20:22,498 - INFO - downloader - image #14	https://i.pinimg.com/736x/50/56/36/50563657d8c279caa4d49326bfe8a352.jpg
2026-08-29 23:20:22,880 - INFO - downloader - image #15	https://www.meme-arsenal.com/memes/d05ca66b0c6db5bd6950e871798bed2a.jpg
2026-08-29 23:20:23,232 - INFO - downloader - image #16	https://www.meme-arsenal.com/memes/d6f7040848c96a34966b9614e687effd.jpg
2026-08-29 23:20:23,399 - INFO - downloader - image #17	https://i.ytimg.com/vi/ZJ-HbZ6XXIo/maxresdefault.jpg
2026-08-29 23:20:23,635 - ERROR - downloader - Response status code 410, file https://ih1.redbubble.net/image.2382029264.6138/scarfflat,800x-pad,750x1000,f8f8f8.jpg
2026-08-29 23:20:23,852 - INFO - downloader - image #18	https://ih1.redbubble.net/image.2382029195.6138/poster,504x498,f8f8f8-pad,600x600,f8f8f8.jpg
2026-08-29 23:20:24,001 - INFO - downloader - image #19	https://i.ytimg.com/vi/npgbD7_pHg4/hq2.jpg
2026-08-29 23:20:24,904 - INFO - downloader - image #20	https://www.meme-arsenal.com/memes/d6c6fecb899a385969072a0e7eaef4cd.jpg
2026-08-29 23:20:25,121 - INFO - downloader - image #21	https://static1.srcdn.com/wordpress/wp-content/uploads/2024/08/untitled-design-2024-08-06t115558-272.jpg
2026-08-29 23:20:25,302 - ERROR - downloader - Response status code 403, file https://preview.redd.it/cp6ddj9t9w941.jpg
2026-08-29 23:20:25,866 - INFO - parser - parsing result page https://www.bing.com/images/async?q=johnny sins doctor scrubs photo&first=20
2026-08-29 23:20:25,931 - INFO - downloader - image #22	https://static1.srcdn.com/wordpress/wp-content/uploads/2025/06/jd-s-confirmed-change-in-the-scrubs-reboot-is-heartbreaking-for-zach-braff-s-character-but-necessary-for-the-story.jpg
2026-08-29 23:20:26,103 - ERROR - downloader - Response status code 403, file https://preview.redd.it/p19qdfdb7rn41.jpg
2026-08-29 23:20:26,890 - INFO - downloader - image #23	https://static0.srcdn.com/wordpress/wp-content/uploads/2024/08/untitled-design-2024-08-06t114113-339.jpg
2026-08-29 23:20:28,284 - INFO - downloader - image #24	https://media.architecturaldigest.com/photos/699f2f4a9916da2c91b35941/master/w_1600%2Cc_limit/179491_0631.jpg
2026-08-29 23:20:28,794 - INFO - downloader - image #25	https://ilarge.lisimg.com/image/1998653/740full-scrubs-photo.jpg
2026-08-29 23:20:29,313 - INFO - downloader - image #26	https://i.redd.it/2f84v7tzlor81.jpg
2026-08-29 23:20:29,413 - INFO - downloader - image #27	https://i.redd.it/i9u9f5w6yhy71.jpg
2026-08-29 23:20:29,808 - INFO - downloader - image #28	https://ih1.redbubble.net/image.664756799.1475/flat,750x1000,075,t.u1.jpg
2026-08-29 23:20:29,870 - INFO - downloader - image #29	https://ih1.redbubble.net/image.664756783.1475/pp,504x498-pad,600x600,f8f8f8.u3.jpg
2026-08-29 23:20:31,121 - INFO - downloader - image #30	https://www.meme-arsenal.com/memes/1d568de03ac9fa550c7e75b43b711774.jpg
2026-08-29 23:20:31,121 - INFO - downloader - image #31	https://www.meme-arsenal.com/memes/2877994a3b11d81d6cebc44aa2a233bc.jpg
2026-08-29 23:20:31,192 - INFO - downloader - image #32	https://ih1.redbubble.net/image.2382029195.6138/fposter,small,wall_texture,product,750x1000.jpg
2026-08-29 23:20:31,437 - INFO - downloader - image #33	https://ih1.redbubble.net/image.3072761345.4922/flat,750x,075,f-pad,750x1000,f8f8f8.jpg
2026-08-29 23:20:31,696 - INFO - downloader - image #34	https://i.ytimg.com/vi/Vd6ajxK2MbA/maxresdefault.jpg
2026-08-29 23:20:32,404 - INFO - downloader - image #35	https://www.meme-arsenal.com/memes/381532e5fdb5be614949bb2cb674ce23.jpg
2026-08-29 23:20:32,634 - INFO - downloader - image #36	https://i.pinimg.com/736x/97/94/48/979448ef72d617da3199f399b69fd5cb.jpg
2026-08-29 23:20:32,670 - INFO - downloader - image #37	https://www.meme-arsenal.com/memes/e2625a8d5fa66104c57516f2fcde9103.jpg
2026-08-29 23:20:32,688 - INFO - downloader - image #38	https://ih1.redbubble.net/image.3052058950.9210/st,small,507x507-pad,600x600,f8f8f8.jpg
2026-08-29 23:20:33,286 - INFO - parser - parsing result page https://www.bing.com/images/async?q=johnny sins doctor scrubs photo&first=40
2026-08-29 23:20:33,709 - INFO - downloader - image #39	https://www.meme-arsenal.com/memes/a9b41b6d0b50a5cafe26f62c575d4d59.jpg
2026-08-29 23:20:33,879 - INFO - downloader - image #40	https://www.meme-arsenal.com/memes/21a6b8914a3f512248c6da66d9efa522.jpg
2026-08-29 23:20:34,116 - INFO - downloader - image #41	https://i.pinimg.com/736x/36/58/bf/3658bfeb90656ffa0e74d6d30aa60fcd.jpg
2026-08-29 23:20:34,963 - INFO - downloader - image #42	https://www.meme-arsenal.com/memes/ca29777077f3d63f65bfc97e075a5204.jpg
2026-08-29 23:20:35,080 - INFO - downloader - image #43	https://ih1.redbubble.net/image.664756783.1475/flat,750x,075,f-pad,750x1000,f8f8f8.u3.jpg
2026-08-29 23:20:35,129 - INFO - downloader - image #44	https://www.meme-arsenal.com/memes/e7a08c5c23e86a52e16777a13bb4d2f7.jpg
2026-08-29 23:20:35,659 - ERROR - downloader - Response status code 403, file https://e0.pxfuel.com/wallpapers/793/711/desktop-wallpaper-johnny-sins-doctor-teacher-plumber-deliveryman-preacher-johnny-bhaiya-dentist-yoga-businessman-everything-astronaut-firefighter-cop-army-culprit-johnny-sins.jpg
2026-08-29 23:20:36,639 - INFO - downloader - image #45	https://static.wikia.nocookie.net/the-giant-memeverse/images/6/63/Johnny_Sins.jpg
2026-08-29 23:20:36,740 - INFO - downloader - image #46	https://www.meme-arsenal.com/memes/64a1d10c867ee63b5ce5e68c367225ac.jpg
2026-08-29 23:20:37,382 - INFO - downloader - image #47	https://www.meme-arsenal.com/memes/2ef7042659741aeb26d0c7582bdb0d55.jpg
2026-08-29 23:20:37,736 - INFO - downloader - image #48	https://www.meme-arsenal.com/memes/21b3eb2d08f08493116d2d93d8d4db86.jpg
2026-08-29 23:20:38,267 - INFO - downloader - image #49	https://ih1.redbubble.net/image.664756783.1475/fpp,small,lustre,wall_texture,product,750x1000.u3.jpg
2026-08-29 23:20:38,625 - INFO - downloader - image #50	https://ih1.redbubble.net/image.664756805.1475/bg,f8f8f8-flat,750x,075,f-pad,750x1000,f8f8f8.u1.jpg
2026-08-29 23:20:38,626 - INFO - downloader - image #51	https://www.meme-arsenal.com/memes/d65c1ecc06b759eccd0c31869cbdc26c.jpg
2026-08-29 23:20:38,981 - INFO - parser - parsing result page https://www.bing.com/images/async?q=johnny sins doctor scrubs photo&first=60
2026-08-29 23:20:39,011 - INFO - downloader - image #52	https://cdn.coconuts.co/coconuts/wp-content/uploads/2018/01/vaccine-hoax-dr-bernard-header-914x540.jpg
2026-08-29 23:20:39,077 - INFO - downloader - image #53	https://ih1.redbubble.net/image.3052058727.9210/flat,750x,075,f-pad,750x1000,f8f8f8.jpg
2026-08-29 23:20:39,299 - INFO - downloader - image #54	https://i.ytimg.com/vi/9Kbe-dqmn1E/hqdefault.jpg
2026-08-29 23:20:39,360 - INFO - downloader - image #55	https://i.pinimg.com/736x/c6/6a/91/c66a91fdf034fd3f3bd463d460e05f04.jpg
2026-08-29 23:20:39,901 - INFO - downloader - image #56	https://cdn.coconuts.co/coconuts/wp-content/uploads/2018/01/vaccine-hoax-dr-bernard-header.jpg
2026-08-29 23:20:40,052 - INFO - downloader - image #57	https://humornama.com/wp-content/uploads/2022/03/Johnny-Sins-Meme-on-Doctor-608x782.jpg
2026-08-29 23:20:40,235 - INFO - downloader - image #58	https://i.ytimg.com/vi/jCDBoWNXyiI/maxresdefault.jpg
2026-08-29 23:20:40,871 - INFO - downloader - image #59	https://www.meme-arsenal.com/memes/48cdd0d32187d64292cae23000ebdb44.jpg
2026-08-29 23:20:41,615 - INFO - downloader - image #60	https://www.meme-arsenal.com/memes/fb86d81a7175cc813cd7f0af3353be13.jpg
2026-08-29 23:20:41,643 - INFO - downloader - image #61	https://www.meme-arsenal.com/memes/f382dc5fa7da97b5d6254ff71364a635.jpg
2026-08-29 23:20:41,941 - ERROR - downloader - Response status code 410, file https://ih1.redbubble.net/image.2382029105.6138/sn,x600-pad,600x600,f8f8f8.jpg
2026-08-29 23:20:42,011 - INFO - downloader - image #62	https://ih1.redbubble.net/image.664756783.1475/fcp,small,wall_texture,product,750x1000.u3.jpg
2026-08-29 23:20:42,662 - INFO - downloader - image #63	https://www.meme-arsenal.com/memes/79a14cb48553d53084b9fce19c4ee0cd.jpg
2026-08-29 23:20:42,824 - INFO - downloader - image #64	https://i.ytimg.com/vi/P6_tEI3702o/hq720_2.jpg
2026-08-29 23:20:42,993 - INFO - downloader - image #65	https://www.meme-arsenal.com/memes/f578f7ddcd6b042e358885508bf24c8c.jpg
2026-08-29 23:20:43,454 - INFO - downloader - image #66	https://www.meme-arsenal.com/memes/195671453d48ac2dcf65db94519d4cf2.jpg
2026-08-29 23:20:44,011 - INFO - downloader - image #67	https://imgmedia.libero.pe/1200x630/libero/original/2022/09/22/632c6e56215048670104c3c7.jpg
2026-08-29 23:20:44,071 - INFO - downloader - image #68	https://i.pinimg.com/736x/cb/ec/e2/cbece2857114d45fe8de0f827640eb78.jpg
2026-08-29 23:20:44,483 - INFO - parser - parsing result page https://www.bing.com/images/async?q=johnny sins doctor scrubs photo&first=80
2026-08-29 23:20:44,613 - INFO - downloader - image #69	https://i.pinimg.com/736x/ef/be/41/efbe41dd991ee4bdbb72df5649585652.jpg
2026-08-29 23:20:45,368 - INFO - downloader - image #70	https://leadstories.com/sinstweet.jpg
2026-08-29 23:20:45,412 - INFO - downloader - image #71	https://ih1.redbubble.net/image.3495224044.3321/fposter,small,wall_texture,product,750x1000.jpg
2026-08-29 23:20:45,440 - INFO - downloader - image #72	https://i.pinimg.com/736x/85/25/68/852568e86ab468a33870ce011284cc10.jpg
2026-08-29 23:20:45,694 - INFO - downloader - image #73	https://i.ytimg.com/vi/AQ2m9vu97W4/maxresdefault.jpg
2026-08-29 23:20:46,146 - INFO - downloader - image #74	https://i.ytimg.com/vi/JiCRo8p0CqA/maxresdefault.jpg
2026-08-29 23:20:46,821 - INFO - downloader - image #75	https://www.meme-arsenal.com/memes/dfaf7d708b95919ce18a239feaa37317.jpg
2026-08-29 23:20:47,630 - INFO - downloader - image #76	https://i.odatv.com/2/1280/704/storage/old/images/2021_02/2021_02_02/johnny-sins-de-asagi-bakmayacagiz-dedi-02022145_l2.jpg
2026-08-29 23:20:47,787 - INFO - downloader - image #77	https://www.meme-arsenal.com/memes/3871ff5f46637758d28e1cfb18c54ddc.jpg
2026-08-29 23:20:48,164 - INFO - parser - parsing result page https://www.bing.com/images/async?q=johnny sins doctor scrubs photo&first=100
2026-08-29 23:20:48,296 - INFO - downloader - image #78	https://leadstories.com/assets_c/2023/02/sinsolmissvid-thumb-600x550-3104260.jpg
2026-08-29 23:20:48,372 - INFO - downloader - image #79	https://www.meme-arsenal.com/memes/18a8b173de3ec6c3cf41b34ebb088ad3.jpg
2026-08-29 23:20:48,617 - INFO - downloader - image #80	https://i.ytimg.com/vi/gU63I-uXQLA/maxresdefault.jpg
2026-08-29 23:20:49,262 - INFO - downloader - image #81	https://www.meme-arsenal.com/memes/2323841d195edaabf7fc87d7ae8ec127.jpg
2026-08-29 23:20:49,514 - INFO - downloader - image #82	https://images.meme-arsenal.com/a655f653189540b8ea929f3f0bdf5169.jpg
2026-08-29 23:20:50,543 - INFO - downloader - image #83	https://www.meme-arsenal.com/memes/2c419d4f677997f44ce513f46fdc5178.jpg
2026-08-29 23:20:50,833 - INFO - downloader - image #84	https://www.timztell.com/wp-content/uploads/2023/01/04a82fa0-4688-4771-b6bc-cfa001791739-640x359.jpg
2026-08-29 23:20:51,024 - INFO - downloader - image #85	https://i.ytimg.com/vi/W_Ljdeqwbrs/hq720_2.jpg
2026-08-29 23:20:51,374 - INFO - downloader - image #86	https://www.meme-arsenal.com/memes/c11762121b20193b226fdb57e5527b40.jpg
2026-08-29 23:20:51,426 - INFO - downloader - image #87	https://facts.net/wp-content/uploads/2024/10/25-astounding-facts-about-johnny-sins-facts-net-1728278996.jpg
2026-08-29 23:20:51,525 - INFO - parser - no more page urls for thread parser-001 to parse
2026-08-29 23:20:51,525 - INFO - parser - thread parser-001 exit
2026-08-29 23:20:51,559 - INFO - downloader - image #88	https://i.ytimg.com/vi/W_Ljdeqwbrs/maxres2.jpg
2026-08-29 23:20:52,004 - INFO - downloader - image #89	https://i.ytimg.com/vi/Z4a9Qkfy_Cc/maxresdefault.jpg
2026-08-29 23:20:56,570 - INFO - downloader - no more download task for thread downloader-001
2026-08-29 23:20:56,581 - INFO - downloader - thread downloader-001 exit
2026-08-29 23:20:57,015 - INFO - downloader - no more download task for thread downloader-002
2026-08-29 23:20:57,016 - INFO - downloader - thread downloader-002 exit
2026-08-29 23:20:57,498 - INFO - icrawler.crawler - Crawling task done!
2026-08-29 23:20:58,547 - INFO - icrawler.crawler - start crawling...
2026-08-29 23:20:58,547 - INFO - icrawler.crawler - starting 1 feeder threads...
2026-08-29 23:20:58,548 - INFO - icrawler.crawler - starting 1 parser threads...
2026-08-29 23:20:58,549 - INFO - icrawler.crawler - starting 2 downloader threads...
2026-08-29 23:20:58,549 - INFO - feeder - thread feeder-001 exit
2026-08-29 23:20:59,165 - INFO - parser - parsing result page https://www.bing.com/images/async?q=johnny sins award show&first=0
2026-08-29 23:20:59,553 - ERROR - downloader - Response status code 400, file https://media.gettyimages.com/id/632398906/photo/las-vegas-nv-adult-film-actresses-kissa-sins-and-layla-sin-and-adult-film-actor-johnny-sins.jpg
2026-08-29 23:20:59,585 - INFO - downloader - image #1	https://wallpapers.com/images/hd/johnny-sins-at-avn-awards-l3lbw03v8wpyzbkq.jpg
2026-08-29 23:20:59,853 - ERROR - downloader - Response status code 400, file https://media.gettyimages.com/id/632398920/photo/las-vegas-nv-adult-film-actresses-kissa-sins-and-layla-sin-and-adult-film-actor-johnny-sins.jpg
2026-08-29 23:20:59,997 - ERROR - downloader - Response status code 400, file https://media.gettyimages.com/id/632398934/photo/las-vegas-nv-adult-film-actresses-kissa-sins-and-layla-sin-and-adult-film-actor-johnny-sins.jpg
2026-08-29 23:21:00,100 - ERROR - downloader - Response status code 400, file https://media.gettyimages.com/id/911605790/pt/foto/adult-film-actress-alison-rey-adult-film-actor-johnny-sins-and-adult-film-actress-director.jpg
2026-08-29 23:21:00,306 - ERROR - downloader - Response status code 400, file https://media.gettyimages.com/id/911605798/photo/las-vegas-nv-adult-film-actress-alison-rey-adult-film-actor-johnny-sins-and-adult-film-actress.jpg
2026-08-29 23:21:00,623 - INFO - downloader - image #2	https://img-s1.onedio.com/id-636fc0b93b8b7b292ab32193/rev-0/w-635/f-jpg/s-cc4e25c59babd18301ffa112e32272b294492aa1.jpg
2026-08-29 23:21:00,870 - ERROR - downloader - Response status code 400, file https://media.gettyimages.com/id/911346972/ja/ストックフォト/las-vegas-ca-kissa-sins-and-johnny-sins-attend-the-2018-adult-video-news-awards-held-at-hard.jpg
2026-08-29 23:21:00,969 - INFO - downloader - image #3	https://wallpapers.com/images/hd/johnny-sins-with-award-w6rkexvf56geckoe.jpg
2026-08-29 23:21:00,978 - INFO - downloader - image #4	https://celebrealname.com/wp-content/uploads/2024/01/johnny-sins-768x768.jpg
2026-08-29 23:21:01,272 - ERROR - downloader - Response status code 400, file https://media.gettyimages.com/id/911331462/pt/foto/las-vegas-nv-adult-film-actor-johnny-sins-and-adult-film-actress-kissa-sins-attend-the-2018.jpg
2026-08-29 23:21:01,532 - INFO - downloader - image #5	https://i.ytimg.com/vi/4LPwZWjMiLA/maxresdefault.jpg
2026-08-29 23:21:01,862 - INFO - downloader - image #6	https://vz.cnwimg.com/wp-content/uploads/2017/02/js.jpg
2026-08-29 23:21:02,156 - ERROR - downloader - Response status code 400, file https://media.gettyimages.com/id/1125797695/photo/2019-adult-video-news-awards-arrivals.jpg
2026-08-29 23:21:02,504 - INFO - downloader - image #7	https://wallpapers.com/images/high/johnny-sins-posing-at-avn-awards-xj4uhui67ksgo49s.jpg
2026-08-29 23:21:02,602 - INFO - downloader - image #8	https://m.media-amazon.com/images/M/MV5BNzZhMDVmMjItZGIwYi00NzdiLWJkZjctNzQ5MzA4Njg4MDBhXkEyXkFqcGc@._V1_FMjpg_UX1000_.jpg
2026-08-29 23:21:02,759 - ERROR - downloader - Response status code 400, file https://media.gettyimages.com/id/1056597018/photo/johnny-sins-attends-exxxotica-new-jersey-2018-at-expo-center-on-november-2-2018-in-edison-new.jpg
2026-08-29 23:21:02,977 - INFO - downloader - image #9	https://i.ytimg.com/vi/DiMaSmREqZI/hqdefault.jpg
2026-08-29 23:21:03,345 - INFO - downloader - image #10	https://www.gomoral.com/wp-content/uploads/2024/06/Johnny-Sins-Age-2-1536x864.jpg
2026-08-29 23:21:03,576 - INFO - downloader - image #11	https://i.ytimg.com/vi/nhHMMFnLtwI/maxres2.jpg
2026-08-29 23:21:03,671 - INFO - downloader - image #12	https://wallpapers.com/images/hd/johnny-sins-at-convention-dmrg32u5m6tuw1s0.jpg
2026-08-29 23:21:03,905 - INFO - downloader - image #13	https://wikilifeng.com/contents/uploads/biographies/biography-1623--i-don-t-know-my-official-body-count-but-it-s-somewhere-around-2-500---adult-star-johnny-sins-reveals-photos--06012025.jpg
2026-08-29 23:21:04,209 - INFO - parser - parsing result page https://www.bing.com/images/async?q=johnny sins award show&first=20
2026-08-29 23:21:04,473 - INFO - downloader - image #14	https://images.perthnow.com.au/publication/C-14195434/6645e3ea782a95075a238329f8c03df34fa11837.jpg
2026-08-29 23:21:05,043 - INFO - downloader - image #15	https://upload.wikimedia.org/wikipedia/commons/c/cc/Guy%2C_Ava_Lauren_at_XRCO_Awards_2007_1_%28cropped%29.jpg
2026-08-29 23:21:05,382 - INFO - downloader - image #16	https://imgcdn.stablediffusionweb.com/2025/1/24/30a5e5a6-f1c2-4c70-a8cb-8d6668a8435e.jpg
2026-08-29 23:21:05,401 - INFO - downloader - image #17	https://c8.alamy.com/comp/R6RHKB/exxxotica-expo-2018-day-2-featuring-johnny-sins-where-new-york-united-states-when-03-nov-2018-credit-derrick-salterswenncom-R6RHKB.jpg
2026-08-29 23:21:05,851 - ERROR - downloader - Response status code 400, file https://media.gettyimages.com/id/911346972/pt/foto/las-vegas-ca-kissa-sins-and-johnny-sins-attend-the-2018-adult-video-news-awards-held-at-hard.jpg
2026-08-29 23:21:05,855 - ERROR - downloader - Response status code 400, file https://media.gettyimages.com/id/911605798/sv/foto/las-vegas-nv-adult-film-actress-alison-rey-adult-film-actor-johnny-sins-and-adult-film-actress.jpg
2026-08-29 23:21:06,053 - ERROR - downloader - Response status code 403, file https://external-preview.redd.it/bn-NDzUF_FrZThV3GPBQgvL-n4TWv6vPT_OSOCy9aV0.jpg
2026-08-29 23:21:06,147 - ERROR - downloader - Response status code 400, file https://media.gettyimages.com/id/506647234/photo/las-vegas-nv-adult-film-actress-kissa-sins-and-adult-film-actor-johnny-sins-attend-the-2016.jpg
2026-08-29 23:21:06,352 - ERROR - downloader - Response status code 400, file https://media.gettyimages.com/id/506627092/photo/las-vegas-nv-adult-film-actress-kissa-sins-and-adult-film-actor-johnny-sins-attend-the-2016.jpg
2026-08-29 23:21:06,446 - ERROR - downloader - Response status code 400, file https://media.gettyimages.com/id/506573722/photo/las-vegas-nv-adult-film-actress-kissa-sins-and-adult-film-actor-johnny-sins-attend-the-2016.jpg
2026-08-29 23:21:06,752 - ERROR - downloader - Response status code 400, file https://media.gettyimages.com/id/506573734/photo/las-vegas-nv-adult-film-actress-kissa-sins-and-adult-film-actor-johnny-sins-attend-the-2016.jpg
2026-08-29 23:21:07,075 - ERROR - downloader - Response status code 400, file https://media.gettyimages.com/id/506580464/photo/adult-video-news-awards-arrivals.jpg
2026-08-29 23:21:07,107 - INFO - parser - parsing result page https://www.bing.com/images/async?q=johnny sins award show&first=40
2026-08-29 23:21:07,373 - ERROR - downloader - Response status code 400, file https://media.gettyimages.com/id/1056599022/photo/johnny-sins-and-lisa-ann-attend-exxxotica-new-jersey-2018-at-expo-center-on-november-2-2018.jpg
2026-08-29 23:21:09,209 - INFO - downloader - image #18	https://www.mickymuffin.com/themes/easyredbasic/assets/img/micky_muffin_venus_gewinnerin_2025.jpg
2026-08-29 23:21:09,512 - INFO - downloader - image #19	https://nypost.com/wp-content/uploads/sites/2/2022/11/GettyImages-1125797695.jpg
2026-08-29 23:21:09,986 - INFO - downloader - image #20	https://sm.mashable.com/t/mashable_in/photo/default/igl2-1_3tcc.2496.jpg
2026-08-29 23:21:10,813 - INFO - downloader - image #21	https://vz.cnwimg.com/thumbc-300x300/wp-content/uploads/2017/02/js.jpg
2026-08-29 23:21:10,894 - INFO - downloader - image #22	https://celebrealname.com/wp-content/uploads/2024/01/Johnny-sins2-1-1024x1024.jpg
2026-08-29 23:21:11,026 - INFO - downloader - image #23	https://i.pinimg.com/736x/4e/40/ed/4e40ed6f30da3cb2c1e9106c9a375b17.jpg
2026-08-29 23:21:11,662 - INFO - downloader - image #24	https://globalwikibio.com/wp-content/uploads/2023/03/Johnny-Sins-WikiBiography.jpg
2026-08-29 23:21:12,882 - INFO - downloader - image #25	https://wallpapermotion.com/images/hd/smiling-portrait-of-johnny-sins-0hlr7xbb3sx3drnh.jpg
2026-08-29 23:21:14,172 - INFO - parser - parsing result page https://www.bing.com/images/async?q=johnny sins award show&first=60
2026-08-29 23:21:14,233 - INFO - downloader - image #26	https://media.assettype.com/freepressjournal/2026-06-27/qrb93zu9/johnny-sins-samay-raina.jpg
2026-08-29 23:21:14,665 - INFO - downloader - image #27	https://wallpapers.com/images/hd/johnny-sins-commencement-speaker-tuvgdi9myydib8x1.jpg
2026-08-29 23:21:14,733 - INFO - downloader - image #28	https://i.pinimg.com/originals/47/34/89/473489f7b154c89fd81f5e4bc5421425.jpg
2026-08-29 23:21:15,922 - ERROR - downloader - Exception caught when downloading file https://www.xlovecam.com/blog/wp-content/uploads/2024/01/1kbhw77nlzcr3jv8u2dsfpa-1024x576.jpg, error: HTTPSConnectionPool(host='www.xlovecam.com', port=443): Max retries exceeded with url: /blog/wp-content/uploads/2024/01/1kbhw77nlzcr3jv8u2dsfpa-1024x576.jpg (Caused by ConnectTimeoutError(<HTTPSConnection(host='www.xlovecam.com', port=443) at 0x16d444df0>, 'Connection to www.xlovecam.com timed out. (connect timeout=5)')), remaining retry times: 2
2026-08-29 23:21:16,714 - INFO - downloader - image #29	https://www.neyazalim.com/wp-content/uploads/Johnny-Sins-Kimdir.jpg
2026-08-29 23:21:16,886 - INFO - downloader - image #30	https://wallpapers.com/images/hd/johnny-sins-fan-photo-4ltrm6tv44ka0har.jpg
2026-08-29 23:21:17,189 - INFO - downloader - image #31	https://images.perthnow.com.au/publication/C-14195434/6645e3ea782a95075a238329f8c03df34fa11837-16x9-x0y60w595h335.jpg
2026-08-29 23:21:18,859 - INFO - downloader - image #32	https://healthyceleb.com/wp-content/uploads/2020/10/Johnny-Sins-as-seen-in-a-picture-that-was-taken-at-XRCO-Awards-in-2007.jpg
2026-08-29 23:21:19,596 - INFO - downloader - image #33	https://media.fstatic.com/PIlMRDZWAmy56JSzvQjlq2fOM14=/210x303/smart/filters:format(webp)/media/movies/covers/2022/07/Best_in_Sex_2019_AVN_Awards_-_The_36th_AVN_Awards.jpg
2026-08-29 23:21:19,898 - INFO - downloader - image #34	https://images.news18.com/static-guju/uploads/2022/11/johnny-sins-space-astronaut-166730441216x9.jpg
2026-08-29 23:21:20,795 - INFO - downloader - image #35	https://www.neyazalim.com/wp-content/uploads/Johnny-Sinsin-kariyeri.jpg
2026-08-29 23:21:20,928 - ERROR - downloader - Exception caught when downloading file https://www.xlovecam.com/blog/wp-content/uploads/2024/01/1kbhw77nlzcr3jv8u2dsfpa-1024x576.jpg, error: HTTPSConnectionPool(host='www.xlovecam.com', port=443): Max retries exceeded with url: /blog/wp-content/uploads/2024/01/1kbhw77nlzcr3jv8u2dsfpa-1024x576.jpg (Caused by ConnectTimeoutError(<HTTPSConnection(host='www.xlovecam.com', port=443) at 0x16d50f400>, 'Connection to www.xlovecam.com timed out. (connect timeout=5)')), remaining retry times: 1
2026-08-29 23:21:21,151 - INFO - downloader - image #36	https://images.kinorium.com/instagram/320/CkaEheLsoPr.jpg
2026-08-29 23:21:21,480 - INFO - parser - parsing result page https://www.bing.com/images/async?q=johnny sins award show&first=80
2026-08-29 23:21:21,496 - INFO - downloader - image #37	https://images.squarespace-cdn.com/content/v1/6144d106ee0f834ae92b4f60/1683114614331-0RV8KFDTJK0UK67WKGS3/Johnny+Sins+-+It's+all+smiles+from+the+bedroom+setting.jpg
2026-08-29 23:21:21,627 - INFO - downloader - image #38	https://wallpapers.com/images/hd/johnny-sins-pastel-filter-359stlklvh8c67zc.jpg
2026-08-29 23:21:22,985 - INFO - downloader - image #39	https://wallpapersok.com/images/thumbnail/johnny-sins-as-cop-jd4bb79ky3y197nj.jpg
2026-08-29 23:21:23,347 - ERROR - downloader - Response status code 403, file https://lifewithoutandy.com/wp-content/uploads/2019/10/JohnnySins3-1-470x470.jpg
2026-08-29 23:21:23,483 - INFO - downloader - image #40	https://i.pinimg.com/736x/6e/b9/a8/6eb9a8b43a13cf33dae7d2fcd83daf8a.jpg
2026-08-29 23:21:24,833 - INFO - downloader - image #41	https://wikibio.us/wp-content/uploads/2020/06/0bd8f1792a1ecc75d40125fe207c7afd-212x300.jpg
2026-08-29 23:21:25,918 - INFO - downloader - image #42	https://comicvine.gamespot.com/a/uploads/scale_medium/11176/111768637/9060413-jpx5j8xtemu71.jpg
2026-08-29 23:21:25,934 - ERROR - downloader - Exception caught when downloading file https://www.xlovecam.com/blog/wp-content/uploads/2024/01/1kbhw77nlzcr3jv8u2dsfpa-1024x576.jpg, error: HTTPSConnectionPool(host='www.xlovecam.com', port=443): Max retries exceeded with url: /blog/wp-content/uploads/2024/01/1kbhw77nlzcr3jv8u2dsfpa-1024x576.jpg (Caused by ConnectTimeoutError(<HTTPSConnection(host='www.xlovecam.com', port=443) at 0x16d510040>, 'Connection to www.xlovecam.com timed out. (connect timeout=5)')), remaining retry times: 0
2026-08-29 23:21:26,408 - INFO - downloader - image #43	https://facts.net/wp-content/uploads/2023/10/22-astounding-facts-about-johnny-sins-1696433310.jpg
2026-08-29 23:21:26,487 - INFO - downloader - image #44	https://wallpapers.com/images/hd/johnny-sins-in-tweed-suit-svy4gv3vbk1vjlbt.jpg
2026-08-29 23:21:26,557 - INFO - downloader - image #45	https://wallpapers.com/images/hd/johnny-sins-dslr-selfie-ajxw8yiskr3j0vg5.jpg
2026-08-29 23:21:26,724 - INFO - downloader - image #46	https://wikibio.in/wp-content/uploads/2019/02/Johnny-Sins-and-Kissa-Sins.jpg
2026-08-29 23:21:26,799 - INFO - downloader - image #47	https://wallpapers.com/images/hd/johnny-sins-youtube-video-wmj4aty0v0wu8rrx.jpg
2026-08-29 23:21:27,339 - INFO - downloader - image #48	https://i.ytimg.com/vi/7VHiTGjkIvQ/maxresdefault.jpg
2026-08-29 23:21:27,752 - INFO - downloader - image #49	https://famousnetwork.net/wp-content/uploads/2023/06/johnny-sins-1.jpg
2026-08-29 23:21:27,874 - INFO - downloader - image #50	https://images.plex.tv/photo?size=large-480&scale=2&url=https:%2F%2Fmetadata-static.plex.tv%2F1%2Fpeople%2F1946bb2c22f00a4a725815add9c82661.jpg
2026-08-29 23:21:27,919 - INFO - parser - parsing result page https://www.bing.com/images/async?q=johnny sins award show&first=100
2026-08-29 23:21:28,132 - INFO - downloader - image #51	https://wallpapers.com/images/hd/johnny-sins-with-beanie-yfpu5fwa5rpv1iol.jpg
2026-08-29 23:21:28,206 - INFO - downloader - image #52	https://wallpapers.com/images/hd/doctor-johnny-sins-6vleyqyzdu5tcn5c.jpg
2026-08-29 23:21:28,353 - INFO - downloader - image #53	https://images.indianexpress.com/2024/02/johnny-sins.jpg
2026-08-29 23:21:28,620 - INFO - downloader - image #54	https://imgcdn.stablediffusionweb.com/2025/1/20/65166f32-6c1f-465b-bb28-a88ce8ed042c.jpg
2026-08-29 23:21:29,729 - INFO - downloader - image #55	https://actorshunk.com/wp-content/uploads/2024/02/mosttalentedbaldman_1693082278_3178126955887841998_56681234282.jpg
2026-08-29 23:21:30,153 - INFO - downloader - image #56	https://static.wikia.nocookie.net/the-giant-memeverse/images/6/63/Johnny_Sins.jpg
2026-08-29 23:21:30,201 - INFO - downloader - image #57	https://stat4.bollywoodhungama.in/wp-content/uploads/2024/02/Sin-Feature.jpg
2026-08-29 23:21:30,473 - INFO - downloader - image #58	https://imagesvs.oneindia.com/img/2024/02/johnny-sins-small-1707739590.jpg
2026-08-29 23:21:30,554 - INFO - downloader - image #59	https://wallpapers.com/images/hd/johnny-sins-jojo-meme-l53d7qepl3u296d0.jpg
2026-08-29 23:21:30,561 - INFO - downloader - image #60	https://wallpapersok.com/images/hd/amazed-johnny-sins-in-a-candid-shot-55n883u40r8pnrzo.jpg
2026-08-29 23:21:30,982 - ERROR - downloader - Response status code 404, file https://i.ytimg.com/vi/hi3NZdx7vc0/maxresdefault.jpg
2026-08-29 23:21:31,258 - ERROR - downloader - Response status code 403, file https://i.redd.it/johnny-sins-level-100-on-all-jobs-v0-tqzf65thogob1.jpg
2026-08-29 23:21:31,619 - INFO - downloader - image #61	https://i.ytimg.com/vi/l9BlfENe2n8/maxres2.jpg
2026-08-29 23:21:31,780 - INFO - downloader - image #62	https://trsondakika-front.s3.amazonaws.com/uploads/2020/01/JOHNNYSINS.jpg
2026-08-29 23:21:31,915 - INFO - downloader - image #63	https://wallpapers.com/images/hd/johnny-sins-before-filming-cn39dxjdqsg46q4l.jpg
2026-08-29 23:21:32,122 - INFO - downloader - image #64	https://imgcdn.stablediffusionweb.com/2025/1/3/a8c70d49-ce10-4683-bc63-97b2a847c34d.jpg
2026-08-29 23:21:33,031 - INFO - downloader - image #65	https://wallpaperweb.org/images/thumbnail/multifaceted-personality-johnny-sins-in-different-characteristic-roles-9o8lzgri4e0flfks.jpg
2026-08-29 23:21:33,572 - ERROR - downloader - Response status code 403, file https://www.lateja.cr/resizer/v2/VWGYSJWPXRBA5PNYVK32RWRMVM.jpg
2026-08-29 23:21:33,630 - INFO - parser - no more page urls for thread parser-001 to parse
2026-08-29 23:21:33,630 - INFO - parser - thread parser-001 exit
2026-08-29 23:21:34,012 - INFO - downloader - image #66	https://manybackgrounds.com/images/hd/johnny-sins-with-wife-us6fhh6om76wdr5v.jpg
2026-08-29 23:21:38,578 - INFO - downloader - no more download task for thread downloader-001
2026-08-29 23:21:38,579 - INFO - downloader - thread downloader-001 exit
2026-08-29 23:21:39,022 - INFO - downloader - no more download task for thread downloader-002
2026-08-29 23:21:39,023 - INFO - downloader - thread downloader-002 exit
2026-08-29 23:21:39,821 - INFO - icrawler.crawler - Crawling task done!
2026-08-29 23:21:40,866 - INFO - icrawler.crawler - start crawling...
2026-08-29 23:21:40,866 - INFO - icrawler.crawler - starting 1 feeder threads...
2026-08-29 23:21:40,867 - INFO - icrawler.crawler - starting 1 parser threads...
2026-08-29 23:21:40,867 - INFO - icrawler.crawler - starting 2 downloader threads...
2026-08-29 23:21:40,868 - INFO - feeder - thread feeder-001 exit
2026-08-29 23:21:41,529 - INFO - parser - parsing result page https://www.bing.com/images/async?q=johnny sins convention meet fan&first=0
2026-08-29 23:21:42,071 - INFO - downloader - image #1	https://wallpapers.com/images/hd/johnny-sins-fan-photo-4ltrm6tv44ka0har.jpg
2026-08-29 23:21:42,639 - INFO - downloader - image #2	https://i.ytimg.com/vi/5Mw1ALS20vA/hq720_2.jpg
2026-08-29 23:21:43,304 - INFO - downloader - image #3	https://hdnicewallpapers.com/images/high/johnny-sins-at-convention-dmrg32u5m6tuw1s0.jpg
2026-08-29 23:21:43,326 - INFO - downloader - image #4	https://images-cdn.9gag.com/photo/azmXpnq_700b.jpg
2026-08-29 23:21:43,608 - INFO - downloader - image #5	https://i.ytimg.com/vi/H0p49k4XFzA/maxresdefault.jpg
2026-08-29 23:21:43,761 - INFO - downloader - image #6	https://i.ytimg.com/vi/unI3sWcSz3g/hqdefault.jpg
2026-08-29 23:21:43,941 - INFO - downloader - image #7	https://i.ytimg.com/vi/tEguZ3_vhEs/maxres2.jpg
2026-08-29 23:21:44,014 - INFO - downloader - image #8	https://www.the-sun.com/wp-content/uploads/sites/6/2022/11/2022-international-convention-centre-darling-771988300.jpg
2026-08-29 23:21:44,034 - ERROR - downloader - Response status code 404, file https://i.ytimg.com/vi/6Ct6bSSfjEk/maxresdefault.jpg
2026-08-29 23:21:44,201 - ERROR - downloader - Response status code 403, file https://external-preview.redd.it/K6YAsTsg1G32Nb5EP5tJg0gTKng4448z414aI2FBbyk.jpg
2026-08-29 23:21:44,678 - INFO - downloader - image #9	https://i.ytimg.com/vi/Sih92c2dPVM/maxresdefault.jpg
2026-08-29 23:21:44,752 - INFO - downloader - image #10	https://wallpapers.com/images/hd/johnny-sins-with-award-w6rkexvf56geckoe.jpg
2026-08-29 23:21:45,246 - INFO - downloader - image #11	https://pbs.twimg.com/media/BlHMgUYIIAA0EJE.jpg
2026-08-29 23:21:45,399 - ERROR - downloader - Response status code 403, file https://external-preview.redd.it/meet-johnny-misery-sins-v0-rYh-RQxhYGxRsrksKsDQ_WLkpMRhRtv4j69TQoA2muc.jpg
2026-08-29 23:21:45,569 - INFO - downloader - image #12	https://i.ytimg.com/vi/G04uKTsrNks/oar2.jpg
2026-08-29 23:21:45,730 - INFO - downloader - image #13	https://i.ytimg.com/vi/f5rLptSJFzE/maxresdefault.jpg
2026-08-29 23:21:45,913 - INFO - downloader - image #14	https://i.ytimg.com/vi/NW51fqna5ZY/maxres2.jpg
2026-08-29 23:21:46,263 - INFO - downloader - image #15	https://staticg.sportskeeda.com/editor/2022/11/c17ef-16690608386272-1920.jpg
2026-08-29 23:21:46,676 - INFO - downloader - image #16	https://wallpapersok.com/images/hd/smiling-portrait-of-johnny-sins-0hlr7xbb3sx3drnh.jpg
2026-08-29 23:21:46,985 - INFO - downloader - image #17	https://pbs.twimg.com/media/G_Sgx-VbAAERHC5.jpg
2026-08-29 23:21:47,251 - ERROR - downloader - Response status code 403, file https://c.ndtvimg.com/2022-11/98dh5rc8_johnny-sins-military-uniform-650_625x300_22_November_22.jpg
2026-08-29 23:21:47,626 - INFO - parser - parsing result page https://www.bing.com/images/async?q=johnny sins convention meet fan&first=20
2026-08-29 23:21:47,742 - INFO - downloader - image #18	https://pbs.twimg.com/media/BvgLT8cIAAAATct.jpg
2026-08-29 23:21:47,923 - INFO - downloader - image #19	https://i.ytimg.com/vi/fDzmofnQm4U/maxresdefault.jpg
2026-08-29 23:21:48,017 - INFO - downloader - image #20	https://i.ytimg.com/vi/NW51fqna5ZY/oar2.jpg
2026-08-29 23:21:48,026 - INFO - downloader - image #21	https://wikilifeng.com/contents/uploads/biographies/biography-1623--i-don-t-know-my-official-body-count-but-it-s-somewhere-around-2-500---adult-star-johnny-sins-reveals-photos--06012025.jpg
2026-08-29 23:21:48,586 - INFO - downloader - image #22	https://i.dailymail.co.uk/1s/2025/02/18/16/95330281-14409237-It_is_far_from_the_first_time_that_Sins_has_been_the_subject_of_-a-6_1739895933721.jpg
2026-08-29 23:21:48,995 - ERROR - downloader - Response status code 400, file https://media.gettyimages.com/id/1056599022/photo/johnny-sins-and-lisa-ann-attend-exxxotica-new-jersey-2018-at-expo-center-on-november-2-2018.jpg
2026-08-29 23:21:49,377 - INFO - downloader - image #23	https://wallpapers.com/images/hd/psychedelic-rocker-johnny-sins-7w5ceizz5n1bxp7i.jpg
2026-08-29 23:21:49,473 - INFO - downloader - image #24	https://wallpapers.com/images/hd/johnny-sins-at-avn-awards-l3lbw03v8wpyzbkq.jpg
2026-08-29 23:21:49,624 - INFO - downloader - image #25	https://wallpapers.com/images/hd/johnny-sins-posing-at-avn-awards-xj4uhui67ksgo49s.jpg
2026-08-29 23:21:49,706 - INFO - downloader - image #26	https://www.dpzone.in/wp-content/uploads/3/Johnny-Sins-PFP-7.jpg
2026-08-29 23:21:49,869 - INFO - downloader - image #27	https://images.news18.com/static-guju/uploads/2022/11/johnny-sins-space-astronaut-166730441216x9.jpg
2026-08-29 23:21:49,982 - INFO - downloader - image #28	https://i.ytimg.com/vi/7VHiTGjkIvQ/maxresdefault.jpg
2026-08-29 23:21:50,248 - INFO - parser - parsing result page https://www.bing.com/images/async?q=johnny sins convention meet fan&first=40
2026-08-29 23:21:50,555 - ERROR - downloader - Response status code 401, file https://images-wixmp-ed30a86b8c4ca887773594c2.wixmp.com/f/5a40982e-6811-4a61-8af0-df14d1ac1896/dg7m69g-e68e2999-4776-4ac7-a6e6-552202cfc51c.jpg
2026-08-29 23:21:50,773 - INFO - downloader - image #29	https://www.gomoral.com/wp-content/uploads/2024/06/Johnny-Sins-Age-2.jpg
2026-08-29 23:21:50,840 - INFO - downloader - image #30	https://i.redd.it/7i8gb6gew81a1.jpg
2026-08-29 23:21:50,869 - INFO - downloader - image #31	https://wallpapers.com/images/hd/johnny-sins-pastel-filter-359stlklvh8c67zc.jpg
2026-08-29 23:21:50,948 - INFO - downloader - image #32	https://wallpapers.com/images/hd/johnny-sins-dslr-selfie-ajxw8yiskr3j0vg5.jpg
2026-08-29 23:21:51,230 - INFO - downloader - image #33	https://globalwikibio.com/wp-content/uploads/2023/03/Johnny-Sins-WikiBiography.jpg
2026-08-29 23:21:51,344 - INFO - downloader - image #34	https://images.perthnow.com.au/publication/C-14195434/6645e3ea782a95075a238329f8c03df34fa11837-16x9-x0y60w595h335.jpg
2026-08-29 23:21:51,445 - INFO - downloader - image #35	https://i.ytimg.com/vi/4EClw0hhBPU/hqdefault.jpg
2026-08-29 23:21:51,612 - INFO - downloader - image #36	https://i.ytimg.com/vi/QEqfWxxKCS8/maxresdefault.jpg
2026-08-29 23:21:51,705 - INFO - downloader - image #37	https://wallpapers.com/images/hd/johnny-sins-jojo-meme-l53d7qepl3u296d0.jpg
2026-08-29 23:21:51,726 - INFO - downloader - image #38	https://i.ytimg.com/vi/ZrHnpqRLqps/maxresdefault.jpg
2026-08-29 23:21:51,784 - INFO - downloader - image #39	https://wallpapers.com/images/hd/johnny-sins-commencement-speaker-tuvgdi9myydib8x1.jpg
2026-08-29 23:21:51,901 - INFO - downloader - image #40	https://i.ytimg.com/vi/iQQEKcIUXAY/oar2.jpg
2026-08-29 23:21:51,952 - INFO - parser - parsing result page https://www.bing.com/images/async?q=johnny sins convention meet fan&first=60
2026-08-29 23:21:51,975 - INFO - downloader - image #41	https://wallpapers.com/images/hd/johnny-sins-showing-off-green-screen-773oh2qvzu3jb0hj.jpg
2026-08-29 23:21:51,986 - INFO - downloader - image #42	https://images.squarespace-cdn.com/content/v1/6144d106ee0f834ae92b4f60/1683114614331-0RV8KFDTJK0UK67WKGS3/Johnny+Sins+-+It's+all+smiles+from+the+bedroom+setting.jpg
2026-08-29 23:21:52,234 - INFO - downloader - image #43	https://i.ytimg.com/vi/iD1IGxyeAuc/oar2.jpg
2026-08-29 23:21:52,516 - ERROR - downloader - Response status code 404, file https://i.ytimg.com/vi/2tJi8Sc_o4Y/hq720_2.jpg
2026-08-29 23:21:52,721 - INFO - downloader - image #44	https://www.rvcj.com/wp-content/uploads/2016/12/2-1-599x357.jpg
2026-08-29 23:21:52,840 - INFO - downloader - image #45	https://newssow.com/wp-content/uploads/2022/03/Johnny-Sins-Image.jpg
2026-08-29 23:21:52,920 - INFO - downloader - image #46	https://wallpapers.com/images/hd/surprised-johnny-sins-55n883u40r8pnrzo.jpg
2026-08-29 23:21:53,193 - INFO - downloader - image #47	https://i.ytimg.com/vi/UlM92PZYBgo/maxresdefault.jpg
2026-08-29 23:21:53,544 - INFO - parser - parsing result page https://www.bing.com/images/async?q=johnny sins convention meet fan&first=80
2026-08-29 23:21:54,334 - INFO - downloader - image #48	https://www.thebulletintime.com/wp-content/uploads/2024/09/Johnny-Sins-Net-Worth-3.jpg
2026-08-29 23:21:54,664 - INFO - downloader - image #49	https://hdnicewallpapers.com/images/hd/johnny-sins-at-film-shoot-yqolr3nzbr33f7zt.jpg
2026-08-29 23:21:55,150 - INFO - downloader - image #50	https://wallpaperweb.org/images/hd/multifaceted-personality-johnny-sins-in-different-characteristic-roles-9o8lzgri4e0flfks.jpg
2026-08-29 23:21:55,390 - INFO - downloader - image #51	https://i.ytimg.com/vi/tZQ98ZgNgbA/hqdefault.jpg
2026-08-29 23:21:55,470 - INFO - downloader - image #52	https://wallpapers.com/images/hd/johnny-sins-acting-r260tf56tds3new0.jpg
2026-08-29 23:21:56,135 - INFO - downloader - image #53	https://njfamily-images.s3.amazonaws.com/wp-content/uploads/2023/02/Cosplay-Family-Photo-by-Bryan-Bedder_Getty-Images-for-ReedPop-scaled.jpg
2026-08-29 23:21:56,239 - INFO - downloader - image #54	https://i.ytimg.com/vi/Mg5kxutjDUk/hqdefault.jpg
2026-08-29 23:21:56,567 - INFO - downloader - image #55	https://i.ytimg.com/vi/LioxPCsKLQk/maxresdefault.jpg
2026-08-29 23:21:57,286 - INFO - downloader - image #56	https://humornama.com/wp-content/uploads/2022/08/Johnny-Sins-Selfie-Meme-on-Comments-561x655.jpg
2026-08-29 23:21:57,719 - INFO - downloader - image #57	https://nypost.com/wp-content/uploads/sites/2/2022/11/GettyImages-1125797695.jpg
2026-08-29 23:21:57,891 - INFO - downloader - image #58	https://wallpapersok.com/images/thumbnail/johnny-sins-showing-off-green-screen-773oh2qvzu3jb0hj.jpg
2026-08-29 23:21:58,256 - INFO - downloader - image #59	https://www.rvcj.com/wp-content/uploads/2016/12/johhny.jpg
2026-08-29 23:21:58,336 - INFO - downloader - image #60	https://i.ytimg.com/vi/D6L_01cmxTU/maxresdefault.jpg
2026-08-29 23:21:58,410 - INFO - downloader - image #61	https://wallpapers.com/images/hd/doctor-johnny-sins-6vleyqyzdu5tcn5c.jpg
2026-08-29 23:21:58,423 - INFO - downloader - image #62	https://i.ytimg.com/vi/PNRjY1bCNeA/maxresdefault.jpg
2026-08-29 23:21:58,480 - INFO - downloader - image #63	https://wallpapers.com/images/hd/johnny-sins-showing-off-abs-h3b6p3ued8jususq.jpg
2026-08-29 23:21:58,560 - ERROR - downloader - Response status code 404, file https://i.ytimg.com/vi/Z2MRrEJw0ec/maxresdefault.jpg
2026-08-29 23:21:58,628 - INFO - downloader - image #64	https://wallpapers.com/images/hd/johnny-sins-as-cop-jd4bb79ky3y197nj.jpg
2026-08-29 23:21:58,642 - INFO - downloader - image #65	https://imgcdn.stablediffusionweb.com/2025/1/20/65166f32-6c1f-465b-bb28-a88ce8ed042c.jpg
2026-08-29 23:21:58,878 - INFO - downloader - image #66	https://i.pinimg.com/736x/6e/b9/a8/6eb9a8b43a13cf33dae7d2fcd83daf8a.jpg
2026-08-29 23:21:58,968 - INFO - parser - parsing result page https://www.bing.com/images/async?q=johnny sins convention meet fan&first=100
2026-08-29 23:21:59,763 - INFO - downloader - image #67	https://wallpapers.com/images/hd/johnny-sins-relaxing-at-home-krb90gclkelpi5ob.jpg
2026-08-29 23:21:59,926 - INFO - downloader - image #68	https://i.ytimg.com/vi/9yimjcLx_-o/maxresdefault.jpg
2026-08-29 23:22:00,162 - INFO - downloader - image #69	https://i.dailymail.co.uk/1s/2022/10/25/01/63810997-0-image-a-13_1666657427884.jpg
2026-08-29 23:22:01,670 - INFO - downloader - image #70	https://www.rvcj.com/wp-content/uploads/2016/12/4-1-390x357.jpg
2026-08-29 23:22:01,757 - INFO - downloader - image #71	https://wallpapers.com/images/hd/johnny-sins-in-tweed-suit-svy4gv3vbk1vjlbt.jpg
2026-08-29 23:22:01,825 - INFO - downloader - image #72	https://wallpapers.com/images/hd/johnny-sins-wacky-selfie-qkwwxm0y83pqf8jp.jpg
2026-08-29 23:22:03,321 - INFO - downloader - image #73	https://humornama.com/wp-content/uploads/2022/08/Johnny-Sins-Selfie-Meme-on-Comments-257x300.jpg
2026-08-29 23:22:03,891 - ERROR - downloader - Exception caught when downloading file https://www.xlovecam.com/blog/wp-content/uploads/2024/01/1kbhw77nlzcr3jv8u2dsfpa-1024x576.jpg, error: HTTPSConnectionPool(host='www.xlovecam.com', port=443): Max retries exceeded with url: /blog/wp-content/uploads/2024/01/1kbhw77nlzcr3jv8u2dsfpa-1024x576.jpg (Caused by ConnectTimeoutError(<HTTPSConnection(host='www.xlovecam.com', port=443) at 0x16c054820>, 'Connection to www.xlovecam.com timed out. (connect timeout=5)')), remaining retry times: 2
2026-08-29 23:22:04,106 - INFO - downloader - image #74	https://static.tnn.in/thumb/msid-95247831,updatedat-1670002382678,width-1280,height-720,resizemode-75/95247831.jpg
2026-08-29 23:22:04,179 - INFO - downloader - image #75	https://wallpapers.com/images/hd/johnny-sins-chad-meme-wa5l69j3l45ihq4a.jpg
2026-08-29 23:22:04,337 - ERROR - downloader - Response status code 403, file https://preview.redd.it/went-as-johnny-to-my-local-anime-convention-v0-9qis4hgagydb1.jpg
2026-08-29 23:22:04,572 - ERROR - downloader - Response status code 404, file https://i.ytimg.com/vi/M1NmAH3xkyI/hq720.jpg
2026-08-29 23:22:04,645 - ERROR - downloader - Response status code 404, file https://i.ytimg.com/vi/6DWvcC3qHaY/maxresdefault.jpg
2026-08-29 23:22:04,808 - INFO - downloader - image #76	https://i.ytimg.com/vi/2ppDAt0orII/hq2.jpg
2026-08-29 23:22:06,194 - INFO - parser - no more page urls for thread parser-001 to parse
2026-08-29 23:22:06,194 - INFO - parser - thread parser-001 exit
2026-08-29 23:22:08,898 - ERROR - downloader - Exception caught when downloading file https://www.xlovecam.com/blog/wp-content/uploads/2024/01/1kbhw77nlzcr3jv8u2dsfpa-1024x576.jpg, error: HTTPSConnectionPool(host='www.xlovecam.com', port=443): Max retries exceeded with url: /blog/wp-content/uploads/2024/01/1kbhw77nlzcr3jv8u2dsfpa-1024x576.jpg (Caused by ConnectTimeoutError(<HTTPSConnection(host='www.xlovecam.com', port=443) at 0x16b22fbe0>, 'Connection to www.xlovecam.com timed out. (connect timeout=5)')), remaining retry times: 1
2026-08-29 23:22:09,811 - INFO - downloader - no more download task for thread downloader-001
2026-08-29 23:22:09,812 - INFO - downloader - thread downloader-001 exit
2026-08-29 23:22:13,905 - ERROR - downloader - Exception caught when downloading file https://www.xlovecam.com/blog/wp-content/uploads/2024/01/1kbhw77nlzcr3jv8u2dsfpa-1024x576.jpg, error: HTTPSConnectionPool(host='www.xlovecam.com', port=443): Max retries exceeded with url: /blog/wp-content/uploads/2024/01/1kbhw77nlzcr3jv8u2dsfpa-1024x576.jpg (Caused by ConnectTimeoutError(<HTTPSConnection(host='www.xlovecam.com', port=443) at 0x16b2c1520>, 'Connection to www.xlovecam.com timed out. (connect timeout=5)')), remaining retry times: 0
2026-08-29 23:22:18,914 - INFO - downloader - no more download task for thread downloader-002
2026-08-29 23:22:18,914 - INFO - downloader - thread downloader-002 exit
2026-08-29 23:22:19,147 - INFO - icrawler.crawler - Crawling task done!
2026-08-29 23:22:20,197 - INFO - icrawler.crawler - start crawling...
2026-08-29 23:22:20,197 - INFO - icrawler.crawler - starting 1 feeder threads...
2026-08-29 23:22:20,198 - INFO - icrawler.crawler - starting 1 parser threads...
2026-08-29 23:22:20,198 - INFO - icrawler.crawler - starting 2 downloader threads...
2026-08-29 23:22:20,199 - INFO - feeder - thread feeder-001 exit
2026-08-29 23:22:25,209 - INFO - downloader - downloader-002 is waiting for new download tasks
2026-08-29 23:22:25,210 - INFO - downloader - downloader-001 is waiting for new download tasks
2026-08-29 23:22:30,214 - INFO - downloader - downloader-002 is waiting for new download tasks
2026-08-29 23:22:30,217 - ERROR - parser - Exception caught when fetching page https://www.bing.com/images/async?q=site:imdb.com johnny sins&first=0, error: HTTPSConnectionPool(host='www.bing.com', port=443): Max retries exceeded with url: /images/async?q=site:imdb.com%20johnny%20sins&first=0 (Caused by NewConnectionError("HTTPSConnection(host='www.bing.com', port=443): Failed to establish a new connection: [Errno 51] Network is unreachable")), remaining retry times: 2
2026-08-29 23:22:30,218 - INFO - downloader - downloader-001 is waiting for new download tasks
2026-08-29 23:22:34,959 - ERROR - parser - Exception caught when fetching page https://www.bing.com/images/async?q=site:imdb.com johnny sins&first=0, error: HTTPSConnectionPool(host='www.bing.com', port=443): Max retries exceeded with url: /images/async?q=site:imdb.com%20johnny%20sins&first=0 (Caused by NameResolutionError("HTTPSConnection(host='www.bing.com', port=443): Failed to resolve 'www.bing.com' ([Errno 8] nodename nor servname provided, or not known)")), remaining retry times: 1
2026-08-29 23:22:34,968 - ERROR - parser - Exception caught when fetching page https://www.bing.com/images/async?q=site:imdb.com johnny sins&first=0, error: HTTPSConnectionPool(host='www.bing.com', port=443): Max retries exceeded with url: /images/async?q=site:imdb.com%20johnny%20sins&first=0 (Caused by NameResolutionError("HTTPSConnection(host='www.bing.com', port=443): Failed to resolve 'www.bing.com' ([Errno 8] nodename nor servname provided, or not known)")), remaining retry times: 0
2026-08-29 23:22:34,973 - ERROR - parser - Exception caught when fetching page https://www.bing.com/images/async?q=site:imdb.com johnny sins&first=20, error: HTTPSConnectionPool(host='www.bing.com', port=443): Max retries exceeded with url: /images/async?q=site:imdb.com%20johnny%20sins&first=20 (Caused by NameResolutionError("HTTPSConnection(host='www.bing.com', port=443): Failed to resolve 'www.bing.com' ([Errno 8] nodename nor servname provided, or not known)")), remaining retry times: 2
2026-08-29 23:22:34,976 - ERROR - parser - Exception caught when fetching page https://www.bing.com/images/async?q=site:imdb.com johnny sins&first=20, error: HTTPSConnectionPool(host='www.bing.com', port=443): Max retries exceeded with url: /images/async?q=site:imdb.com%20johnny%20sins&first=20 (Caused by NameResolutionError("HTTPSConnection(host='www.bing.com', port=443): Failed to resolve 'www.bing.com' ([Errno 8] nodename nor servname provided, or not known)")), remaining retry times: 1
2026-08-29 23:22:34,979 - ERROR - parser - Exception caught when fetching page https://www.bing.com/images/async?q=site:imdb.com johnny sins&first=20, error: HTTPSConnectionPool(host='www.bing.com', port=443): Max retries exceeded with url: /images/async?q=site:imdb.com%20johnny%20sins&first=20 (Caused by NameResolutionError("HTTPSConnection(host='www.bing.com', port=443): Failed to resolve 'www.bing.com' ([Errno 8] nodename nor servname provided, or not known)")), remaining retry times: 0
2026-08-29 23:22:34,983 - ERROR - parser - Exception caught when fetching page https://www.bing.com/images/async?q=site:imdb.com johnny sins&first=40, error: HTTPSConnectionPool(host='www.bing.com', port=443): Max retries exceeded with url: /images/async?q=site:imdb.com%20johnny%20sins&first=40 (Caused by NameResolutionError("HTTPSConnection(host='www.bing.com', port=443): Failed to resolve 'www.bing.com' ([Errno 8] nodename nor servname provided, or not known)")), remaining retry times: 2
2026-08-29 23:22:34,986 - ERROR - parser - Exception caught when fetching page https://www.bing.com/images/async?q=site:imdb.com johnny sins&first=40, error: HTTPSConnectionPool(host='www.bing.com', port=443): Max retries exceeded with url: /images/async?q=site:imdb.com%20johnny%20sins&first=40 (Caused by NameResolutionError("HTTPSConnection(host='www.bing.com', port=443): Failed to resolve 'www.bing.com' ([Errno 8] nodename nor servname provided, or not known)")), remaining retry times: 1
2026-08-29 23:22:34,990 - ERROR - parser - Exception caught when fetching page https://www.bing.com/images/async?q=site:imdb.com johnny sins&first=40, error: HTTPSConnectionPool(host='www.bing.com', port=443): Max retries exceeded with url: /images/async?q=site:imdb.com%20johnny%20sins&first=40 (Caused by NameResolutionError("HTTPSConnection(host='www.bing.com', port=443): Failed to resolve 'www.bing.com' ([Errno 8] nodename nor servname provided, or not known)")), remaining retry times: 0
2026-08-29 23:22:34,994 - ERROR - parser - Exception caught when fetching page https://www.bing.com/images/async?q=site:imdb.com johnny sins&first=60, error: HTTPSConnectionPool(host='www.bing.com', port=443): Max retries exceeded with url: /images/async?q=site:imdb.com%20johnny%20sins&first=60 (Caused by NameResolutionError("HTTPSConnection(host='www.bing.com', port=443): Failed to resolve 'www.bing.com' ([Errno 8] nodename nor servname provided, or not known)")), remaining retry times: 2
2026-08-29 23:22:34,997 - ERROR - parser - Exception caught when fetching page https://www.bing.com/images/async?q=site:imdb.com johnny sins&first=60, error: HTTPSConnectionPool(host='www.bing.com', port=443): Max retries exceeded with url: /images/async?q=site:imdb.com%20johnny%20sins&first=60 (Caused by NameResolutionError("HTTPSConnection(host='www.bing.com', port=443): Failed to resolve 'www.bing.com' ([Errno 8] nodename nor servname provided, or not known)")), remaining retry times: 1
2026-08-29 23:22:35,000 - ERROR - parser - Exception caught when fetching page https://www.bing.com/images/async?q=site:imdb.com johnny sins&first=60, error: HTTPSConnectionPool(host='www.bing.com', port=443): Max retries exceeded with url: /images/async?q=site:imdb.com%20johnny%20sins&first=60 (Caused by NameResolutionError("HTTPSConnection(host='www.bing.com', port=443): Failed to resolve 'www.bing.com' ([Errno 8] nodename nor servname provided, or not known)")), remaining retry times: 0
2026-08-29 23:22:35,003 - ERROR - parser - Exception caught when fetching page https://www.bing.com/images/async?q=site:imdb.com johnny sins&first=80, error: HTTPSConnectionPool(host='www.bing.com', port=443): Max retries exceeded with url: /images/async?q=site:imdb.com%20johnny%20sins&first=80 (Caused by NameResolutionError("HTTPSConnection(host='www.bing.com', port=443): Failed to resolve 'www.bing.com' ([Errno 8] nodename nor servname provided, or not known)")), remaining retry times: 2
2026-08-29 23:22:35,006 - ERROR - parser - Exception caught when fetching page https://www.bing.com/images/async?q=site:imdb.com johnny sins&first=80, error: HTTPSConnectionPool(host='www.bing.com', port=443): Max retries exceeded with url: /images/async?q=site:imdb.com%20johnny%20sins&first=80 (Caused by NameResolutionError("HTTPSConnection(host='www.bing.com', port=443): Failed to resolve 'www.bing.com' ([Errno 8] nodename nor servname provided, or not known)")), remaining retry times: 1
2026-08-29 23:22:35,009 - ERROR - parser - Exception caught when fetching page https://www.bing.com/images/async?q=site:imdb.com johnny sins&first=80, error: HTTPSConnectionPool(host='www.bing.com', port=443): Max retries exceeded with url: /images/async?q=site:imdb.com%20johnny%20sins&first=80 (Caused by NameResolutionError("HTTPSConnection(host='www.bing.com', port=443): Failed to resolve 'www.bing.com' ([Errno 8] nodename nor servname provided, or not known)")), remaining retry times: 0
2026-08-29 23:22:35,011 - ERROR - parser - Exception caught when fetching page https://www.bing.com/images/async?q=site:imdb.com johnny sins&first=100, error: HTTPSConnectionPool(host='www.bing.com', port=443): Max retries exceeded with url: /images/async?q=site:imdb.com%20johnny%20sins&first=100 (Caused by NameResolutionError("HTTPSConnection(host='www.bing.com', port=443): Failed to resolve 'www.bing.com' ([Errno 8] nodename nor servname provided, or not known)")), remaining retry times: 2
2026-08-29 23:22:35,015 - ERROR - parser - Exception caught when fetching page https://www.bing.com/images/async?q=site:imdb.com johnny sins&first=100, error: HTTPSConnectionPool(host='www.bing.com', port=443): Max retries exceeded with url: /images/async?q=site:imdb.com%20johnny%20sins&first=100 (Caused by NameResolutionError("HTTPSConnection(host='www.bing.com', port=443): Failed to resolve 'www.bing.com' ([Errno 8] nodename nor servname provided, or not known)")), remaining retry times: 1
2026-08-29 23:22:35,018 - ERROR - parser - Exception caught when fetching page https://www.bing.com/images/async?q=site:imdb.com johnny sins&first=100, error: HTTPSConnectionPool(host='www.bing.com', port=443): Max retries exceeded with url: /images/async?q=site:imdb.com%20johnny%20sins&first=100 (Caused by NameResolutionError("HTTPSConnection(host='www.bing.com', port=443): Failed to resolve 'www.bing.com' ([Errno 8] nodename nor servname provided, or not known)")), remaining retry times: 0
2026-08-29 23:22:35,220 - INFO - downloader - downloader-002 is waiting for new download tasks
2026-08-29 23:22:35,228 - INFO - downloader - downloader-001 is waiting for new download tasks
2026-08-29 23:22:37,026 - INFO - parser - no more page urls for thread parser-001 to parse
2026-08-29 23:22:37,027 - INFO - parser - thread parser-001 exit
2026-08-29 23:22:40,230 - INFO - downloader - no more download task for thread downloader-001
2026-08-29 23:22:40,231 - INFO - downloader - no more download task for thread downloader-002
2026-08-29 23:22:40,231 - INFO - downloader - thread downloader-001 exit
2026-08-29 23:22:40,231 - INFO - downloader - thread downloader-002 exit
2026-08-29 23:22:40,310 - INFO - icrawler.crawler - Crawling task done!
2026-08-29 23:22:41,331 - INFO - icrawler.crawler - start crawling...
2026-08-29 23:22:41,331 - INFO - icrawler.crawler - starting 1 feeder threads...
2026-08-29 23:22:41,332 - INFO - icrawler.crawler - starting 1 parser threads...
2026-08-29 23:22:41,332 - INFO - icrawler.crawler - starting 2 downloader threads...
2026-08-29 23:22:41,333 - INFO - feeder - thread feeder-001 exit
2026-08-29 23:22:41,339 - ERROR - parser - Exception caught when fetching page https://www.bing.com/images/async?q=johnny sins behind the scenes set&first=0, error: HTTPSConnectionPool(host='www.bing.com', port=443): Max retries exceeded with url: /images/async?q=johnny%20sins%20behind%20the%20scenes%20set&first=0 (Caused by NameResolutionError("HTTPSConnection(host='www.bing.com', port=443): Failed to resolve 'www.bing.com' ([Errno 8] nodename nor servname provided, or not known)")), remaining retry times: 2
2026-08-29 23:22:41,344 - ERROR - parser - Exception caught when fetching page https://www.bing.com/images/async?q=johnny sins behind the scenes set&first=0, error: HTTPSConnectionPool(host='www.bing.com', port=443): Max retries exceeded with url: /images/async?q=johnny%20sins%20behind%20the%20scenes%20set&first=0 (Caused by NameResolutionError("HTTPSConnection(host='www.bing.com', port=443): Failed to resolve 'www.bing.com' ([Errno 8] nodename nor servname provided, or not known)")), remaining retry times: 1
2026-08-29 23:22:41,349 - ERROR - parser - Exception caught when fetching page https://www.bing.com/images/async?q=johnny sins behind the scenes set&first=0, error: HTTPSConnectionPool(host='www.bing.com', port=443): Max retries exceeded with url: /images/async?q=johnny%20sins%20behind%20the%20scenes%20set&first=0 (Caused by NameResolutionError("HTTPSConnection(host='www.bing.com', port=443): Failed to resolve 'www.bing.com' ([Errno 8] nodename nor servname provided, or not known)")), remaining retry times: 0
2026-08-29 23:22:41,352 - ERROR - parser - Exception caught when fetching page https://www.bing.com/images/async?q=johnny sins behind the scenes set&first=20, error: HTTPSConnectionPool(host='www.bing.com', port=443): Max retries exceeded with url: /images/async?q=johnny%20sins%20behind%20the%20scenes%20set&first=20 (Caused by NameResolutionError("HTTPSConnection(host='www.bing.com', port=443): Failed to resolve 'www.bing.com' ([Errno 8] nodename nor servname provided, or not known)")), remaining retry times: 2
2026-08-29 23:22:41,355 - ERROR - parser - Exception caught when fetching page https://www.bing.com/images/async?q=johnny sins behind the scenes set&first=20, error: HTTPSConnectionPool(host='www.bing.com', port=443): Max retries exceeded with url: /images/async?q=johnny%20sins%20behind%20the%20scenes%20set&first=20 (Caused by NameResolutionError("HTTPSConnection(host='www.bing.com', port=443): Failed to resolve 'www.bing.com' ([Errno 8] nodename nor servname provided, or not known)")), remaining retry times: 1
2026-08-29 23:22:41,358 - ERROR - parser - Exception caught when fetching page https://www.bing.com/images/async?q=johnny sins behind the scenes set&first=20, error: HTTPSConnectionPool(host='www.bing.com', port=443): Max retries exceeded with url: /images/async?q=johnny%20sins%20behind%20the%20scenes%20set&first=20 (Caused by NameResolutionError("HTTPSConnection(host='www.bing.com', port=443): Failed to resolve 'www.bing.com' ([Errno 8] nodename nor servname provided, or not known)")), remaining retry times: 0
2026-08-29 23:22:41,360 - ERROR - parser - Exception caught when fetching page https://www.bing.com/images/async?q=johnny sins behind the scenes set&first=40, error: HTTPSConnectionPool(host='www.bing.com', port=443): Max retries exceeded with url: /images/async?q=johnny%20sins%20behind%20the%20scenes%20set&first=40 (Caused by NameResolutionError("HTTPSConnection(host='www.bing.com', port=443): Failed to resolve 'www.bing.com' ([Errno 8] nodename nor servname provided, or not known)")), remaining retry times: 2
2026-08-29 23:22:41,363 - ERROR - parser - Exception caught when fetching page https://www.bing.com/images/async?q=johnny sins behind the scenes set&first=40, error: HTTPSConnectionPool(host='www.bing.com', port=443): Max retries exceeded with url: /images/async?q=johnny%20sins%20behind%20the%20scenes%20set&first=40 (Caused by NameResolutionError("HTTPSConnection(host='www.bing.com', port=443): Failed to resolve 'www.bing.com' ([Errno 8] nodename nor servname provided, or not known)")), remaining retry times: 1
2026-08-29 23:22:41,367 - ERROR - parser - Exception caught when fetching page https://www.bing.com/images/async?q=johnny sins behind the scenes set&first=40, error: HTTPSConnectionPool(host='www.bing.com', port=443): Max retries exceeded with url: /images/async?q=johnny%20sins%20behind%20the%20scenes%20set&first=40 (Caused by NameResolutionError("HTTPSConnection(host='www.bing.com', port=443): Failed to resolve 'www.bing.com' ([Errno 8] nodename nor servname provided, or not known)")), remaining retry times: 0
2026-08-29 23:22:41,370 - ERROR - parser - Exception caught when fetching page https://www.bing.com/images/async?q=johnny sins behind the scenes set&first=60, error: HTTPSConnectionPool(host='www.bing.com', port=443): Max retries exceeded with url: /images/async?q=johnny%20sins%20behind%20the%20scenes%20set&first=60 (Caused by NameResolutionError("HTTPSConnection(host='www.bing.com', port=443): Failed to resolve 'www.bing.com' ([Errno 8] nodename nor servname provided, or not known)")), remaining retry times: 2
2026-08-29 23:22:41,374 - ERROR - parser - Exception caught when fetching page https://www.bing.com/images/async?q=johnny sins behind the scenes set&first=60, error: HTTPSConnectionPool(host='www.bing.com', port=443): Max retries exceeded with url: /images/async?q=johnny%20sins%20behind%20the%20scenes%20set&first=60 (Caused by NameResolutionError("HTTPSConnection(host='www.bing.com', port=443): Failed to resolve 'www.bing.com' ([Errno 8] nodename nor servname provided, or not known)")), remaining retry times: 1
2026-08-29 23:22:41,378 - ERROR - parser - Exception caught when fetching page https://www.bing.com/images/async?q=johnny sins behind the scenes set&first=60, error: HTTPSConnectionPool(host='www.bing.com', port=443): Max retries exceeded with url: /images/async?q=johnny%20sins%20behind%20the%20scenes%20set&first=60 (Caused by NameResolutionError("HTTPSConnection(host='www.bing.com', port=443): Failed to resolve 'www.bing.com' ([Errno 8] nodename nor servname provided, or not known)")), remaining retry times: 0
2026-08-29 23:22:41,384 - ERROR - parser - Exception caught when fetching page https://www.bing.com/images/async?q=johnny sins behind the scenes set&first=80, error: HTTPSConnectionPool(host='www.bing.com', port=443): Max retries exceeded with url: /images/async?q=johnny%20sins%20behind%20the%20scenes%20set&first=80 (Caused by NameResolutionError("HTTPSConnection(host='www.bing.com', port=443): Failed to resolve 'www.bing.com' ([Errno 8] nodename nor servname provided, or not known)")), remaining retry times: 2
2026-08-29 23:22:41,387 - ERROR - parser - Exception caught when fetching page https://www.bing.com/images/async?q=johnny sins behind the scenes set&first=80, error: HTTPSConnectionPool(host='www.bing.com', port=443): Max retries exceeded with url: /images/async?q=johnny%20sins%20behind%20the%20scenes%20set&first=80 (Caused by NameResolutionError("HTTPSConnection(host='www.bing.com', port=443): Failed to resolve 'www.bing.com' ([Errno 8] nodename nor servname provided, or not known)")), remaining retry times: 1
2026-08-29 23:22:41,390 - ERROR - parser - Exception caught when fetching page https://www.bing.com/images/async?q=johnny sins behind the scenes set&first=80, error: HTTPSConnectionPool(host='www.bing.com', port=443): Max retries exceeded with url: /images/async?q=johnny%20sins%20behind%20the%20scenes%20set&first=80 (Caused by NameResolutionError("HTTPSConnection(host='www.bing.com', port=443): Failed to resolve 'www.bing.com' ([Errno 8] nodename nor servname provided, or not known)")), remaining retry times: 0
2026-08-29 23:22:41,394 - ERROR - parser - Exception caught when fetching page https://www.bing.com/images/async?q=johnny sins behind the scenes set&first=100, error: HTTPSConnectionPool(host='www.bing.com', port=443): Max retries exceeded with url: /images/async?q=johnny%20sins%20behind%20the%20scenes%20set&first=100 (Caused by NameResolutionError("HTTPSConnection(host='www.bing.com', port=443): Failed to resolve 'www.bing.com' ([Errno 8] nodename nor servname provided, or not known)")), remaining retry times: 2
2026-08-29 23:22:41,398 - ERROR - parser - Exception caught when fetching page https://www.bing.com/images/async?q=johnny sins behind the scenes set&first=100, error: HTTPSConnectionPool(host='www.bing.com', port=443): Max retries exceeded with url: /images/async?q=johnny%20sins%20behind%20the%20scenes%20set&first=100 (Caused by NameResolutionError("HTTPSConnection(host='www.bing.com', port=443): Failed to resolve 'www.bing.com' ([Errno 8] nodename nor servname provided, or not known)")), remaining retry times: 1
2026-08-29 23:22:41,401 - ERROR - parser - Exception caught when fetching page https://www.bing.com/images/async?q=johnny sins behind the scenes set&first=100, error: HTTPSConnectionPool(host='www.bing.com', port=443): Max retries exceeded with url: /images/async?q=johnny%20sins%20behind%20the%20scenes%20set&first=100 (Caused by NameResolutionError("HTTPSConnection(host='www.bing.com', port=443): Failed to resolve 'www.bing.com' ([Errno 8] nodename nor servname provided, or not known)")), remaining retry times: 0
2026-08-29 23:22:43,413 - INFO - parser - no more page urls for thread parser-001 to parse
2026-08-29 23:22:43,415 - INFO - parser - thread parser-001 exit
2026-08-29 23:22:46,340 - INFO - downloader - no more download task for thread downloader-002
2026-08-29 23:22:46,341 - INFO - downloader - thread downloader-002 exit
2026-08-29 23:22:46,343 - INFO - downloader - no more download task for thread downloader-001
2026-08-29 23:22:46,343 - INFO - downloader - thread downloader-001 exit
2026-08-29 23:22:46,369 - INFO - icrawler.crawler - Crawling task done!
2026-08-29 23:22:47,384 - INFO - icrawler.crawler - start crawling...
2026-08-29 23:22:47,384 - INFO - icrawler.crawler - starting 1 feeder threads...
2026-08-29 23:22:47,385 - INFO - icrawler.crawler - starting 1 parser threads...
2026-08-29 23:22:47,386 - INFO - icrawler.crawler - starting 2 downloader threads...
2026-08-29 23:22:47,386 - INFO - feeder - thread feeder-001 exit
2026-08-29 23:22:47,402 - ERROR - parser - Exception caught when fetching page https://www.bing.com/images/async?q=johnny sins tiktok face&first=0, error: HTTPSConnectionPool(host='www.bing.com', port=443): Max retries exceeded with url: /images/async?q=johnny%20sins%20tiktok%20face&first=0 (Caused by NameResolutionError("HTTPSConnection(host='www.bing.com', port=443): Failed to resolve 'www.bing.com' ([Errno 8] nodename nor servname provided, or not known)")), remaining retry times: 2
2026-08-29 23:22:47,408 - ERROR - parser - Exception caught when fetching page https://www.bing.com/images/async?q=johnny sins tiktok face&first=0, error: HTTPSConnectionPool(host='www.bing.com', port=443): Max retries exceeded with url: /images/async?q=johnny%20sins%20tiktok%20face&first=0 (Caused by NameResolutionError("HTTPSConnection(host='www.bing.com', port=443): Failed to resolve 'www.bing.com' ([Errno 8] nodename nor servname provided, or not known)")), remaining retry times: 1
2026-08-29 23:22:47,412 - ERROR - parser - Exception caught when fetching page https://www.bing.com/images/async?q=johnny sins tiktok face&first=0, error: HTTPSConnectionPool(host='www.bing.com', port=443): Max retries exceeded with url: /images/async?q=johnny%20sins%20tiktok%20face&first=0 (Caused by NameResolutionError("HTTPSConnection(host='www.bing.com', port=443): Failed to resolve 'www.bing.com' ([Errno 8] nodename nor servname provided, or not known)")), remaining retry times: 0
2026-08-29 23:22:47,415 - ERROR - parser - Exception caught when fetching page https://www.bing.com/images/async?q=johnny sins tiktok face&first=20, error: HTTPSConnectionPool(host='www.bing.com', port=443): Max retries exceeded with url: /images/async?q=johnny%20sins%20tiktok%20face&first=20 (Caused by NameResolutionError("HTTPSConnection(host='www.bing.com', port=443): Failed to resolve 'www.bing.com' ([Errno 8] nodename nor servname provided, or not known)")), remaining retry times: 2
2026-08-29 23:22:47,418 - ERROR - parser - Exception caught when fetching page https://www.bing.com/images/async?q=johnny sins tiktok face&first=20, error: HTTPSConnectionPool(host='www.bing.com', port=443): Max retries exceeded with url: /images/async?q=johnny%20sins%20tiktok%20face&first=20 (Caused by NameResolutionError("HTTPSConnection(host='www.bing.com', port=443): Failed to resolve 'www.bing.com' ([Errno 8] nodename nor servname provided, or not known)")), remaining retry times: 1
2026-08-29 23:22:47,421 - ERROR - parser - Exception caught when fetching page https://www.bing.com/images/async?q=johnny sins tiktok face&first=20, error: HTTPSConnectionPool(host='www.bing.com', port=443): Max retries exceeded with url: /images/async?q=johnny%20sins%20tiktok%20face&first=20 (Caused by NameResolutionError("HTTPSConnection(host='www.bing.com', port=443): Failed to resolve 'www.bing.com' ([Errno 8] nodename nor servname provided, or not known)")), remaining retry times: 0
2026-08-29 23:22:47,430 - ERROR - parser - Exception caught when fetching page https://www.bing.com/images/async?q=johnny sins tiktok face&first=40, error: HTTPSConnectionPool(host='www.bing.com', port=443): Max retries exceeded with url: /images/async?q=johnny%20sins%20tiktok%20face&first=40 (Caused by NameResolutionError("HTTPSConnection(host='www.bing.com', port=443): Failed to resolve 'www.bing.com' ([Errno 8] nodename nor servname provided, or not known)")), remaining retry times: 2
2026-08-29 23:22:47,434 - ERROR - parser - Exception caught when fetching page https://www.bing.com/images/async?q=johnny sins tiktok face&first=40, error: HTTPSConnectionPool(host='www.bing.com', port=443): Max retries exceeded with url: /images/async?q=johnny%20sins%20tiktok%20face&first=40 (Caused by NameResolutionError("HTTPSConnection(host='www.bing.com', port=443): Failed to resolve 'www.bing.com' ([Errno 8] nodename nor servname provided, or not known)")), remaining retry times: 1
2026-08-29 23:22:47,437 - ERROR - parser - Exception caught when fetching page https://www.bing.com/images/async?q=johnny sins tiktok face&first=40, error: HTTPSConnectionPool(host='www.bing.com', port=443): Max retries exceeded with url: /images/async?q=johnny%20sins%20tiktok%20face&first=40 (Caused by NameResolutionError("HTTPSConnection(host='www.bing.com', port=443): Failed to resolve 'www.bing.com' ([Errno 8] nodename nor servname provided, or not known)")), remaining retry times: 0
2026-08-29 23:22:47,441 - ERROR - parser - Exception caught when fetching page https://www.bing.com/images/async?q=johnny sins tiktok face&first=60, error: HTTPSConnectionPool(host='www.bing.com', port=443): Max retries exceeded with url: /images/async?q=johnny%20sins%20tiktok%20face&first=60 (Caused by NameResolutionError("HTTPSConnection(host='www.bing.com', port=443): Failed to resolve 'www.bing.com' ([Errno 8] nodename nor servname provided, or not known)")), remaining retry times: 2
2026-08-29 23:22:47,445 - ERROR - parser - Exception caught when fetching page https://www.bing.com/images/async?q=johnny sins tiktok face&first=60, error: HTTPSConnectionPool(host='www.bing.com', port=443): Max retries exceeded with url: /images/async?q=johnny%20sins%20tiktok%20face&first=60 (Caused by NameResolutionError("HTTPSConnection(host='www.bing.com', port=443): Failed to resolve 'www.bing.com' ([Errno 8] nodename nor servname provided, or not known)")), remaining retry times: 1
2026-08-29 23:22:47,448 - ERROR - parser - Exception caught when fetching page https://www.bing.com/images/async?q=johnny sins tiktok face&first=60, error: HTTPSConnectionPool(host='www.bing.com', port=443): Max retries exceeded with url: /images/async?q=johnny%20sins%20tiktok%20face&first=60 (Caused by NameResolutionError("HTTPSConnection(host='www.bing.com', port=443): Failed to resolve 'www.bing.com' ([Errno 8] nodename nor servname provided, or not known)")), remaining retry times: 0
2026-08-29 23:22:47,452 - ERROR - parser - Exception caught when fetching page https://www.bing.com/images/async?q=johnny sins tiktok face&first=80, error: HTTPSConnectionPool(host='www.bing.com', port=443): Max retries exceeded with url: /images/async?q=johnny%20sins%20tiktok%20face&first=80 (Caused by NameResolutionError("HTTPSConnection(host='www.bing.com', port=443): Failed to resolve 'www.bing.com' ([Errno 8] nodename nor servname provided, or not known)")), remaining retry times: 2
2026-08-29 23:22:47,455 - ERROR - parser - Exception caught when fetching page https://www.bing.com/images/async?q=johnny sins tiktok face&first=80, error: HTTPSConnectionPool(host='www.bing.com', port=443): Max retries exceeded with url: /images/async?q=johnny%20sins%20tiktok%20face&first=80 (Caused by NameResolutionError("HTTPSConnection(host='www.bing.com', port=443): Failed to resolve 'www.bing.com' ([Errno 8] nodename nor servname provided, or not known)")), remaining retry times: 1
2026-08-29 23:22:47,458 - ERROR - parser - Exception caught when fetching page https://www.bing.com/images/async?q=johnny sins tiktok face&first=80, error: HTTPSConnectionPool(host='www.bing.com', port=443): Max retries exceeded with url: /images/async?q=johnny%20sins%20tiktok%20face&first=80 (Caused by NameResolutionError("HTTPSConnection(host='www.bing.com', port=443): Failed to resolve 'www.bing.com' ([Errno 8] nodename nor servname provided, or not known)")), remaining retry times: 0
2026-08-29 23:22:47,461 - ERROR - parser - Exception caught when fetching page https://www.bing.com/images/async?q=johnny sins tiktok face&first=100, error: HTTPSConnectionPool(host='www.bing.com', port=443): Max retries exceeded with url: /images/async?q=johnny%20sins%20tiktok%20face&first=100 (Caused by NameResolutionError("HTTPSConnection(host='www.bing.com', port=443): Failed to resolve 'www.bing.com' ([Errno 8] nodename nor servname provided, or not known)")), remaining retry times: 2
2026-08-29 23:22:47,469 - ERROR - parser - Exception caught when fetching page https://www.bing.com/images/async?q=johnny sins tiktok face&first=100, error: HTTPSConnectionPool(host='www.bing.com', port=443): Max retries exceeded with url: /images/async?q=johnny%20sins%20tiktok%20face&first=100 (Caused by NameResolutionError("HTTPSConnection(host='www.bing.com', port=443): Failed to resolve 'www.bing.com' ([Errno 8] nodename nor servname provided, or not known)")), remaining retry times: 1
2026-08-29 23:22:47,472 - ERROR - parser - Exception caught when fetching page https://www.bing.com/images/async?q=johnny sins tiktok face&first=100, error: HTTPSConnectionPool(host='www.bing.com', port=443): Max retries exceeded with url: /images/async?q=johnny%20sins%20tiktok%20face&first=100 (Caused by NameResolutionError("HTTPSConnection(host='www.bing.com', port=443): Failed to resolve 'www.bing.com' ([Errno 8] nodename nor servname provided, or not known)")), remaining retry times: 0
2026-08-29 23:22:49,480 - INFO - parser - no more page urls for thread parser-001 to parse
2026-08-29 23:22:49,480 - INFO - parser - thread parser-001 exit
2026-08-29 23:22:52,397 - INFO - downloader - no more download task for thread downloader-001
2026-08-29 23:22:52,397 - INFO - downloader - no more download task for thread downloader-002
2026-08-29 23:22:52,398 - INFO - downloader - thread downloader-001 exit
2026-08-29 23:22:52,398 - INFO - downloader - thread downloader-002 exit
2026-08-29 23:22:52,417 - INFO - icrawler.crawler - Crawling task done!
2026-08-29 23:22:53,425 - INFO - icrawler.crawler - start crawling...
2026-08-29 23:22:53,426 - INFO - icrawler.crawler - starting 1 feeder threads...
2026-08-29 23:22:53,426 - INFO - icrawler.crawler - starting 1 parser threads...
2026-08-29 23:22:53,427 - INFO - icrawler.crawler - starting 2 downloader threads...
2026-08-29 23:22:53,427 - INFO - feeder - thread feeder-001 exit
2026-08-29 23:22:53,433 - ERROR - parser - Exception caught when fetching page https://www.bing.com/images/async?q=site:tumblr.com johnny sins&first=0, error: HTTPSConnectionPool(host='www.bing.com', port=443): Max retries exceeded with url: /images/async?q=site:tumblr.com%20johnny%20sins&first=0 (Caused by NameResolutionError("HTTPSConnection(host='www.bing.com', port=443): Failed to resolve 'www.bing.com' ([Errno 8] nodename nor servname provided, or not known)")), remaining retry times: 2
2026-08-29 23:22:53,438 - ERROR - parser - Exception caught when fetching page https://www.bing.com/images/async?q=site:tumblr.com johnny sins&first=0, error: HTTPSConnectionPool(host='www.bing.com', port=443): Max retries exceeded with url: /images/async?q=site:tumblr.com%20johnny%20sins&first=0 (Caused by NameResolutionError("HTTPSConnection(host='www.bing.com', port=443): Failed to resolve 'www.bing.com' ([Errno 8] nodename nor servname provided, or not known)")), remaining retry times: 1
2026-08-29 23:22:53,442 - ERROR - parser - Exception caught when fetching page https://www.bing.com/images/async?q=site:tumblr.com johnny sins&first=0, error: HTTPSConnectionPool(host='www.bing.com', port=443): Max retries exceeded with url: /images/async?q=site:tumblr.com%20johnny%20sins&first=0 (Caused by NameResolutionError("HTTPSConnection(host='www.bing.com', port=443): Failed to resolve 'www.bing.com' ([Errno 8] nodename nor servname provided, or not known)")), remaining retry times: 0
2026-08-29 23:22:53,445 - ERROR - parser - Exception caught when fetching page https://www.bing.com/images/async?q=site:tumblr.com johnny sins&first=20, error: HTTPSConnectionPool(host='www.bing.com', port=443): Max retries exceeded with url: /images/async?q=site:tumblr.com%20johnny%20sins&first=20 (Caused by NameResolutionError("HTTPSConnection(host='www.bing.com', port=443): Failed to resolve 'www.bing.com' ([Errno 8] nodename nor servname provided, or not known)")), remaining retry times: 2
2026-08-29 23:22:53,449 - ERROR - parser - Exception caught when fetching page https://www.bing.com/images/async?q=site:tumblr.com johnny sins&first=20, error: HTTPSConnectionPool(host='www.bing.com', port=443): Max retries exceeded with url: /images/async?q=site:tumblr.com%20johnny%20sins&first=20 (Caused by NameResolutionError("HTTPSConnection(host='www.bing.com', port=443): Failed to resolve 'www.bing.com' ([Errno 8] nodename nor servname provided, or not known)")), remaining retry times: 1
2026-08-29 23:22:53,452 - ERROR - parser - Exception caught when fetching page https://www.bing.com/images/async?q=site:tumblr.com johnny sins&first=20, error: HTTPSConnectionPool(host='www.bing.com', port=443): Max retries exceeded with url: /images/async?q=site:tumblr.com%20johnny%20sins&first=20 (Caused by NameResolutionError("HTTPSConnection(host='www.bing.com', port=443): Failed to resolve 'www.bing.com' ([Errno 8] nodename nor servname provided, or not known)")), remaining retry times: 0
2026-08-29 23:22:53,455 - ERROR - parser - Exception caught when fetching page https://www.bing.com/images/async?q=site:tumblr.com johnny sins&first=40, error: HTTPSConnectionPool(host='www.bing.com', port=443): Max retries exceeded with url: /images/async?q=site:tumblr.com%20johnny%20sins&first=40 (Caused by NameResolutionError("HTTPSConnection(host='www.bing.com', port=443): Failed to resolve 'www.bing.com' ([Errno 8] nodename nor servname provided, or not known)")), remaining retry times: 2
2026-08-29 23:22:53,457 - ERROR - parser - Exception caught when fetching page https://www.bing.com/images/async?q=site:tumblr.com johnny sins&first=40, error: HTTPSConnectionPool(host='www.bing.com', port=443): Max retries exceeded with url: /images/async?q=site:tumblr.com%20johnny%20sins&first=40 (Caused by NameResolutionError("HTTPSConnection(host='www.bing.com', port=443): Failed to resolve 'www.bing.com' ([Errno 8] nodename nor servname provided, or not known)")), remaining retry times: 1
2026-08-29 23:22:53,460 - ERROR - parser - Exception caught when fetching page https://www.bing.com/images/async?q=site:tumblr.com johnny sins&first=40, error: HTTPSConnectionPool(host='www.bing.com', port=443): Max retries exceeded with url: /images/async?q=site:tumblr.com%20johnny%20sins&first=40 (Caused by NameResolutionError("HTTPSConnection(host='www.bing.com', port=443): Failed to resolve 'www.bing.com' ([Errno 8] nodename nor servname provided, or not known)")), remaining retry times: 0
2026-08-29 23:22:53,463 - ERROR - parser - Exception caught when fetching page https://www.bing.com/images/async?q=site:tumblr.com johnny sins&first=60, error: HTTPSConnectionPool(host='www.bing.com', port=443): Max retries exceeded with url: /images/async?q=site:tumblr.com%20johnny%20sins&first=60 (Caused by NameResolutionError("HTTPSConnection(host='www.bing.com', port=443): Failed to resolve 'www.bing.com' ([Errno 8] nodename nor servname provided, or not known)")), remaining retry times: 2
2026-08-29 23:22:53,466 - ERROR - parser - Exception caught when fetching page https://www.bing.com/images/async?q=site:tumblr.com johnny sins&first=60, error: HTTPSConnectionPool(host='www.bing.com', port=443): Max retries exceeded with url: /images/async?q=site:tumblr.com%20johnny%20sins&first=60 (Caused by NameResolutionError("HTTPSConnection(host='www.bing.com', port=443): Failed to resolve 'www.bing.com' ([Errno 8] nodename nor servname provided, or not known)")), remaining retry times: 1
2026-08-29 23:22:53,469 - ERROR - parser - Exception caught when fetching page https://www.bing.com/images/async?q=site:tumblr.com johnny sins&first=60, error: HTTPSConnectionPool(host='www.bing.com', port=443): Max retries exceeded with url: /images/async?q=site:tumblr.com%20johnny%20sins&first=60 (Caused by NameResolutionError("HTTPSConnection(host='www.bing.com', port=443): Failed to resolve 'www.bing.com' ([Errno 8] nodename nor servname provided, or not known)")), remaining retry times: 0
2026-08-29 23:22:53,473 - ERROR - parser - Exception caught when fetching page https://www.bing.com/images/async?q=site:tumblr.com johnny sins&first=80, error: HTTPSConnectionPool(host='www.bing.com', port=443): Max retries exceeded with url: /images/async?q=site:tumblr.com%20johnny%20sins&first=80 (Caused by NameResolutionError("HTTPSConnection(host='www.bing.com', port=443): Failed to resolve 'www.bing.com' ([Errno 8] nodename nor servname provided, or not known)")), remaining retry times: 2
2026-08-29 23:22:53,477 - ERROR - parser - Exception caught when fetching page https://www.bing.com/images/async?q=site:tumblr.com johnny sins&first=80, error: HTTPSConnectionPool(host='www.bing.com', port=443): Max retries exceeded with url: /images/async?q=site:tumblr.com%20johnny%20sins&first=80 (Caused by NameResolutionError("HTTPSConnection(host='www.bing.com', port=443): Failed to resolve 'www.bing.com' ([Errno 8] nodename nor servname provided, or not known)")), remaining retry times: 1
2026-08-29 23:22:53,481 - ERROR - parser - Exception caught when fetching page https://www.bing.com/images/async?q=site:tumblr.com johnny sins&first=80, error: HTTPSConnectionPool(host='www.bing.com', port=443): Max retries exceeded with url: /images/async?q=site:tumblr.com%20johnny%20sins&first=80 (Caused by NameResolutionError("HTTPSConnection(host='www.bing.com', port=443): Failed to resolve 'www.bing.com' ([Errno 8] nodename nor servname provided, or not known)")), remaining retry times: 0
2026-08-29 23:22:53,485 - ERROR - parser - Exception caught when fetching page https://www.bing.com/images/async?q=site:tumblr.com johnny sins&first=100, error: HTTPSConnectionPool(host='www.bing.com', port=443): Max retries exceeded with url: /images/async?q=site:tumblr.com%20johnny%20sins&first=100 (Caused by NameResolutionError("HTTPSConnection(host='www.bing.com', port=443): Failed to resolve 'www.bing.com' ([Errno 8] nodename nor servname provided, or not known)")), remaining retry times: 2
2026-08-29 23:22:53,488 - ERROR - parser - Exception caught when fetching page https://www.bing.com/images/async?q=site:tumblr.com johnny sins&first=100, error: HTTPSConnectionPool(host='www.bing.com', port=443): Max retries exceeded with url: /images/async?q=site:tumblr.com%20johnny%20sins&first=100 (Caused by NameResolutionError("HTTPSConnection(host='www.bing.com', port=443): Failed to resolve 'www.bing.com' ([Errno 8] nodename nor servname provided, or not known)")), remaining retry times: 1
2026-08-29 23:22:53,491 - ERROR - parser - Exception caught when fetching page https://www.bing.com/images/async?q=site:tumblr.com johnny sins&first=100, error: HTTPSConnectionPool(host='www.bing.com', port=443): Max retries exceeded with url: /images/async?q=site:tumblr.com%20johnny%20sins&first=100 (Caused by NameResolutionError("HTTPSConnection(host='www.bing.com', port=443): Failed to resolve 'www.bing.com' ([Errno 8] nodename nor servname provided, or not known)")), remaining retry times: 0
2026-08-29 23:22:55,497 - INFO - parser - no more page urls for thread parser-001 to parse
2026-08-29 23:22:55,497 - INFO - parser - thread parser-001 exit
2026-08-29 23:22:58,433 - INFO - downloader - no more download task for thread downloader-001
2026-08-29 23:22:58,433 - INFO - downloader - thread downloader-001 exit
2026-08-29 23:22:58,437 - INFO - downloader - no more download task for thread downloader-002
2026-08-29 23:22:58,437 - INFO - downloader - thread downloader-002 exit
2026-08-29 23:22:58,469 - INFO - icrawler.crawler - Crawling task done!
2026-08-29 23:22:59,482 - INFO - icrawler.crawler - start crawling...
2026-08-29 23:22:59,482 - INFO - icrawler.crawler - starting 1 feeder threads...
2026-08-29 23:22:59,483 - INFO - icrawler.crawler - starting 1 parser threads...
2026-08-29 23:22:59,483 - INFO - icrawler.crawler - starting 2 downloader threads...
2026-08-29 23:22:59,484 - INFO - feeder - thread feeder-001 exit
2026-08-29 23:22:59,488 - ERROR - parser - Exception caught when fetching page https://www.bing.com/images/async?q=johnny sins onlyfans promo face&first=0, error: HTTPSConnectionPool(host='www.bing.com', port=443): Max retries exceeded with url: /images/async?q=johnny%20sins%20onlyfans%20promo%20face&first=0 (Caused by NameResolutionError("HTTPSConnection(host='www.bing.com', port=443): Failed to resolve 'www.bing.com' ([Errno 8] nodename nor servname provided, or not known)")), remaining retry times: 2
2026-08-29 23:22:59,492 - ERROR - parser - Exception caught when fetching page https://www.bing.com/images/async?q=johnny sins onlyfans promo face&first=0, error: HTTPSConnectionPool(host='www.bing.com', port=443): Max retries exceeded with url: /images/async?q=johnny%20sins%20onlyfans%20promo%20face&first=0 (Caused by NameResolutionError("HTTPSConnection(host='www.bing.com', port=443): Failed to resolve 'www.bing.com' ([Errno 8] nodename nor servname provided, or not known)")), remaining retry times: 1
2026-08-29 23:22:59,496 - ERROR - parser - Exception caught when fetching page https://www.bing.com/images/async?q=johnny sins onlyfans promo face&first=0, error: HTTPSConnectionPool(host='www.bing.com', port=443): Max retries exceeded with url: /images/async?q=johnny%20sins%20onlyfans%20promo%20face&first=0 (Caused by NameResolutionError("HTTPSConnection(host='www.bing.com', port=443): Failed to resolve 'www.bing.com' ([Errno 8] nodename nor servname provided, or not known)")), remaining retry times: 0
2026-08-29 23:22:59,500 - ERROR - parser - Exception caught when fetching page https://www.bing.com/images/async?q=johnny sins onlyfans promo face&first=20, error: HTTPSConnectionPool(host='www.bing.com', port=443): Max retries exceeded with url: /images/async?q=johnny%20sins%20onlyfans%20promo%20face&first=20 (Caused by NameResolutionError("HTTPSConnection(host='www.bing.com', port=443): Failed to resolve 'www.bing.com' ([Errno 8] nodename nor servname provided, or not known)")), remaining retry times: 2
2026-08-29 23:22:59,503 - ERROR - parser - Exception caught when fetching page https://www.bing.com/images/async?q=johnny sins onlyfans promo face&first=20, error: HTTPSConnectionPool(host='www.bing.com', port=443): Max retries exceeded with url: /images/async?q=johnny%20sins%20onlyfans%20promo%20face&first=20 (Caused by NameResolutionError("HTTPSConnection(host='www.bing.com', port=443): Failed to resolve 'www.bing.com' ([Errno 8] nodename nor servname provided, or not known)")), remaining retry times: 1
2026-08-29 23:22:59,506 - ERROR - parser - Exception caught when fetching page https://www.bing.com/images/async?q=johnny sins onlyfans promo face&first=20, error: HTTPSConnectionPool(host='www.bing.com', port=443): Max retries exceeded with url: /images/async?q=johnny%20sins%20onlyfans%20promo%20face&first=20 (Caused by NameResolutionError("HTTPSConnection(host='www.bing.com', port=443): Failed to resolve 'www.bing.com' ([Errno 8] nodename nor servname provided, or not known)")), remaining retry times: 0
2026-08-29 23:22:59,509 - ERROR - parser - Exception caught when fetching page https://www.bing.com/images/async?q=johnny sins onlyfans promo face&first=40, error: HTTPSConnectionPool(host='www.bing.com', port=443): Max retries exceeded with url: /images/async?q=johnny%20sins%20onlyfans%20promo%20face&first=40 (Caused by NameResolutionError("HTTPSConnection(host='www.bing.com', port=443): Failed to resolve 'www.bing.com' ([Errno 8] nodename nor servname provided, or not known)")), remaining retry times: 2
2026-08-29 23:22:59,512 - ERROR - parser - Exception caught when fetching page https://www.bing.com/images/async?q=johnny sins onlyfans promo face&first=40, error: HTTPSConnectionPool(host='www.bing.com', port=443): Max retries exceeded with url: /images/async?q=johnny%20sins%20onlyfans%20promo%20face&first=40 (Caused by NameResolutionError("HTTPSConnection(host='www.bing.com', port=443): Failed to resolve 'www.bing.com' ([Errno 8] nodename nor servname provided, or not known)")), remaining retry times: 1
2026-08-29 23:22:59,515 - ERROR - parser - Exception caught when fetching page https://www.bing.com/images/async?q=johnny sins onlyfans promo face&first=40, error: HTTPSConnectionPool(host='www.bing.com', port=443): Max retries exceeded with url: /images/async?q=johnny%20sins%20onlyfans%20promo%20face&first=40 (Caused by NameResolutionError("HTTPSConnection(host='www.bing.com', port=443): Failed to resolve 'www.bing.com' ([Errno 8] nodename nor servname provided, or not known)")), remaining retry times: 0
2026-08-29 23:22:59,518 - ERROR - parser - Exception caught when fetching page https://www.bing.com/images/async?q=johnny sins onlyfans promo face&first=60, error: HTTPSConnectionPool(host='www.bing.com', port=443): Max retries exceeded with url: /images/async?q=johnny%20sins%20onlyfans%20promo%20face&first=60 (Caused by NameResolutionError("HTTPSConnection(host='www.bing.com', port=443): Failed to resolve 'www.bing.com' ([Errno 8] nodename nor servname provided, or not known)")), remaining retry times: 2
2026-08-29 23:22:59,521 - ERROR - parser - Exception caught when fetching page https://www.bing.com/images/async?q=johnny sins onlyfans promo face&first=60, error: HTTPSConnectionPool(host='www.bing.com', port=443): Max retries exceeded with url: /images/async?q=johnny%20sins%20onlyfans%20promo%20face&first=60 (Caused by NameResolutionError("HTTPSConnection(host='www.bing.com', port=443): Failed to resolve 'www.bing.com' ([Errno 8] nodename nor servname provided, or not known)")), remaining retry times: 1
2026-08-29 23:22:59,524 - ERROR - parser - Exception caught when fetching page https://www.bing.com/images/async?q=johnny sins onlyfans promo face&first=60, error: HTTPSConnectionPool(host='www.bing.com', port=443): Max retries exceeded with url: /images/async?q=johnny%20sins%20onlyfans%20promo%20face&first=60 (Caused by NameResolutionError("HTTPSConnection(host='www.bing.com', port=443): Failed to resolve 'www.bing.com' ([Errno 8] nodename nor servname provided, or not known)")), remaining retry times: 0
2026-08-29 23:22:59,527 - ERROR - parser - Exception caught when fetching page https://www.bing.com/images/async?q=johnny sins onlyfans promo face&first=80, error: HTTPSConnectionPool(host='www.bing.com', port=443): Max retries exceeded with url: /images/async?q=johnny%20sins%20onlyfans%20promo%20face&first=80 (Caused by NameResolutionError("HTTPSConnection(host='www.bing.com', port=443): Failed to resolve 'www.bing.com' ([Errno 8] nodename nor servname provided, or not known)")), remaining retry times: 2
2026-08-29 23:22:59,530 - ERROR - parser - Exception caught when fetching page https://www.bing.com/images/async?q=johnny sins onlyfans promo face&first=80, error: HTTPSConnectionPool(host='www.bing.com', port=443): Max retries exceeded with url: /images/async?q=johnny%20sins%20onlyfans%20promo%20face&first=80 (Caused by NameResolutionError("HTTPSConnection(host='www.bing.com', port=443): Failed to resolve 'www.bing.com' ([Errno 8] nodename nor servname provided, or not known)")), remaining retry times: 1
2026-08-29 23:22:59,534 - ERROR - parser - Exception caught when fetching page https://www.bing.com/images/async?q=johnny sins onlyfans promo face&first=80, error: HTTPSConnectionPool(host='www.bing.com', port=443): Max retries exceeded with url: /images/async?q=johnny%20sins%20onlyfans%20promo%20face&first=80 (Caused by NameResolutionError("HTTPSConnection(host='www.bing.com', port=443): Failed to resolve 'www.bing.com' ([Errno 8] nodename nor servname provided, or not known)")), remaining retry times: 0
2026-08-29 23:22:59,537 - ERROR - parser - Exception caught when fetching page https://www.bing.com/images/async?q=johnny sins onlyfans promo face&first=100, error: HTTPSConnectionPool(host='www.bing.com', port=443): Max retries exceeded with url: /images/async?q=johnny%20sins%20onlyfans%20promo%20face&first=100 (Caused by NameResolutionError("HTTPSConnection(host='www.bing.com', port=443): Failed to resolve 'www.bing.com' ([Errno 8] nodename nor servname provided, or not known)")), remaining retry times: 2
2026-08-29 23:22:59,541 - ERROR - parser - Exception caught when fetching page https://www.bing.com/images/async?q=johnny sins onlyfans promo face&first=100, error: HTTPSConnectionPool(host='www.bing.com', port=443): Max retries exceeded with url: /images/async?q=johnny%20sins%20onlyfans%20promo%20face&first=100 (Caused by NameResolutionError("HTTPSConnection(host='www.bing.com', port=443): Failed to resolve 'www.bing.com' ([Errno 8] nodename nor servname provided, or not known)")), remaining retry times: 1
2026-08-29 23:22:59,545 - ERROR - parser - Exception caught when fetching page https://www.bing.com/images/async?q=johnny sins onlyfans promo face&first=100, error: HTTPSConnectionPool(host='www.bing.com', port=443): Max retries exceeded with url: /images/async?q=johnny%20sins%20onlyfans%20promo%20face&first=100 (Caused by NameResolutionError("HTTPSConnection(host='www.bing.com', port=443): Failed to resolve 'www.bing.com' ([Errno 8] nodename nor servname provided, or not known)")), remaining retry times: 0
2026-08-29 23:23:01,547 - INFO - parser - no more page urls for thread parser-001 to parse
2026-08-29 23:23:01,548 - INFO - parser - thread parser-001 exit
2026-08-29 23:23:04,487 - INFO - downloader - no more download task for thread downloader-001
2026-08-29 23:23:04,487 - INFO - downloader - no more download task for thread downloader-002
2026-08-29 23:23:04,488 - INFO - downloader - thread downloader-001 exit
2026-08-29 23:23:04,488 - INFO - downloader - thread downloader-002 exit
2026-08-29 23:23:04,520 - INFO - icrawler.crawler - Crawling task done!
2026-08-29 23:23:05,525 - INFO - icrawler.crawler - start crawling...
2026-08-29 23:23:05,525 - INFO - icrawler.crawler - starting 1 feeder threads...
2026-08-29 23:23:05,525 - INFO - icrawler.crawler - starting 1 parser threads...
2026-08-29 23:23:05,526 - INFO - icrawler.crawler - starting 2 downloader threads...
2026-08-29 23:23:05,526 - INFO - feeder - thread feeder-001 exit
2026-08-29 23:23:05,534 - ERROR - parser - Exception caught when fetching page https://www.bing.com/images/async?q=johnny sins youtube vlog face&first=0, error: HTTPSConnectionPool(host='www.bing.com', port=443): Max retries exceeded with url: /images/async?q=johnny%20sins%20youtube%20vlog%20face&first=0 (Caused by NameResolutionError("HTTPSConnection(host='www.bing.com', port=443): Failed to resolve 'www.bing.com' ([Errno 8] nodename nor servname provided, or not known)")), remaining retry times: 2
2026-08-29 23:23:05,538 - ERROR - parser - Exception caught when fetching page https://www.bing.com/images/async?q=johnny sins youtube vlog face&first=0, error: HTTPSConnectionPool(host='www.bing.com', port=443): Max retries exceeded with url: /images/async?q=johnny%20sins%20youtube%20vlog%20face&first=0 (Caused by NameResolutionError("HTTPSConnection(host='www.bing.com', port=443): Failed to resolve 'www.bing.com' ([Errno 8] nodename nor servname provided, or not known)")), remaining retry times: 1
2026-08-29 23:23:05,541 - ERROR - parser - Exception caught when fetching page https://www.bing.com/images/async?q=johnny sins youtube vlog face&first=0, error: HTTPSConnectionPool(host='www.bing.com', port=443): Max retries exceeded with url: /images/async?q=johnny%20sins%20youtube%20vlog%20face&first=0 (Caused by NameResolutionError("HTTPSConnection(host='www.bing.com', port=443): Failed to resolve 'www.bing.com' ([Errno 8] nodename nor servname provided, or not known)")), remaining retry times: 0
2026-08-29 23:23:05,544 - ERROR - parser - Exception caught when fetching page https://www.bing.com/images/async?q=johnny sins youtube vlog face&first=20, error: HTTPSConnectionPool(host='www.bing.com', port=443): Max retries exceeded with url: /images/async?q=johnny%20sins%20youtube%20vlog%20face&first=20 (Caused by NameResolutionError("HTTPSConnection(host='www.bing.com', port=443): Failed to resolve 'www.bing.com' ([Errno 8] nodename nor servname provided, or not known)")), remaining retry times: 2
2026-08-29 23:23:05,547 - ERROR - parser - Exception caught when fetching page https://www.bing.com/images/async?q=johnny sins youtube vlog face&first=20, error: HTTPSConnectionPool(host='www.bing.com', port=443): Max retries exceeded with url: /images/async?q=johnny%20sins%20youtube%20vlog%20face&first=20 (Caused by NameResolutionError("HTTPSConnection(host='www.bing.com', port=443): Failed to resolve 'www.bing.com' ([Errno 8] nodename nor servname provided, or not known)")), remaining retry times: 1
2026-08-29 23:23:05,551 - ERROR - parser - Exception caught when fetching page https://www.bing.com/images/async?q=johnny sins youtube vlog face&first=20, error: HTTPSConnectionPool(host='www.bing.com', port=443): Max retries exceeded with url: /images/async?q=johnny%20sins%20youtube%20vlog%20face&first=20 (Caused by NameResolutionError("HTTPSConnection(host='www.bing.com', port=443): Failed to resolve 'www.bing.com' ([Errno 8] nodename nor servname provided, or not known)")), remaining retry times: 0
2026-08-29 23:23:05,554 - ERROR - parser - Exception caught when fetching page https://www.bing.com/images/async?q=johnny sins youtube vlog face&first=40, error: HTTPSConnectionPool(host='www.bing.com', port=443): Max retries exceeded with url: /images/async?q=johnny%20sins%20youtube%20vlog%20face&first=40 (Caused by NameResolutionError("HTTPSConnection(host='www.bing.com', port=443): Failed to resolve 'www.bing.com' ([Errno 8] nodename nor servname provided, or not known)")), remaining retry times: 2
2026-08-29 23:23:05,556 - ERROR - parser - Exception caught when fetching page https://www.bing.com/images/async?q=johnny sins youtube vlog face&first=40, error: HTTPSConnectionPool(host='www.bing.com', port=443): Max retries exceeded with url: /images/async?q=johnny%20sins%20youtube%20vlog%20face&first=40 (Caused by NameResolutionError("HTTPSConnection(host='www.bing.com', port=443): Failed to resolve 'www.bing.com' ([Errno 8] nodename nor servname provided, or not known)")), remaining retry times: 1
2026-08-29 23:23:05,559 - ERROR - parser - Exception caught when fetching page https://www.bing.com/images/async?q=johnny sins youtube vlog face&first=40, error: HTTPSConnectionPool(host='www.bing.com', port=443): Max retries exceeded with url: /images/async?q=johnny%20sins%20youtube%20vlog%20face&first=40 (Caused by NameResolutionError("HTTPSConnection(host='www.bing.com', port=443): Failed to resolve 'www.bing.com' ([Errno 8] nodename nor servname provided, or not known)")), remaining retry times: 0
2026-08-29 23:23:05,562 - ERROR - parser - Exception caught when fetching page https://www.bing.com/images/async?q=johnny sins youtube vlog face&first=60, error: HTTPSConnectionPool(host='www.bing.com', port=443): Max retries exceeded with url: /images/async?q=johnny%20sins%20youtube%20vlog%20face&first=60 (Caused by NameResolutionError("HTTPSConnection(host='www.bing.com', port=443): Failed to resolve 'www.bing.com' ([Errno 8] nodename nor servname provided, or not known)")), remaining retry times: 2
2026-08-29 23:23:05,565 - ERROR - parser - Exception caught when fetching page https://www.bing.com/images/async?q=johnny sins youtube vlog face&first=60, error: HTTPSConnectionPool(host='www.bing.com', port=443): Max retries exceeded with url: /images/async?q=johnny%20sins%20youtube%20vlog%20face&first=60 (Caused by NameResolutionError("HTTPSConnection(host='www.bing.com', port=443): Failed to resolve 'www.bing.com' ([Errno 8] nodename nor servname provided, or not known)")), remaining retry times: 1
2026-08-29 23:23:05,569 - ERROR - parser - Exception caught when fetching page https://www.bing.com/images/async?q=johnny sins youtube vlog face&first=60, error: HTTPSConnectionPool(host='www.bing.com', port=443): Max retries exceeded with url: /images/async?q=johnny%20sins%20youtube%20vlog%20face&first=60 (Caused by NameResolutionError("HTTPSConnection(host='www.bing.com', port=443): Failed to resolve 'www.bing.com' ([Errno 8] nodename nor servname provided, or not known)")), remaining retry times: 0
2026-08-29 23:23:05,571 - ERROR - parser - Exception caught when fetching page https://www.bing.com/images/async?q=johnny sins youtube vlog face&first=80, error: HTTPSConnectionPool(host='www.bing.com', port=443): Max retries exceeded with url: /images/async?q=johnny%20sins%20youtube%20vlog%20face&first=80 (Caused by NameResolutionError("HTTPSConnection(host='www.bing.com', port=443): Failed to resolve 'www.bing.com' ([Errno 8] nodename nor servname provided, or not known)")), remaining retry times: 2
2026-08-29 23:23:05,574 - ERROR - parser - Exception caught when fetching page https://www.bing.com/images/async?q=johnny sins youtube vlog face&first=80, error: HTTPSConnectionPool(host='www.bing.com', port=443): Max retries exceeded with url: /images/async?q=johnny%20sins%20youtube%20vlog%20face&first=80 (Caused by NameResolutionError("HTTPSConnection(host='www.bing.com', port=443): Failed to resolve 'www.bing.com' ([Errno 8] nodename nor servname provided, or not known)")), remaining retry times: 1
2026-08-29 23:23:05,576 - ERROR - parser - Exception caught when fetching page https://www.bing.com/images/async?q=johnny sins youtube vlog face&first=80, error: HTTPSConnectionPool(host='www.bing.com', port=443): Max retries exceeded with url: /images/async?q=johnny%20sins%20youtube%20vlog%20face&first=80 (Caused by NameResolutionError("HTTPSConnection(host='www.bing.com', port=443): Failed to resolve 'www.bing.com' ([Errno 8] nodename nor servname provided, or not known)")), remaining retry times: 0
2026-08-29 23:23:05,580 - ERROR - parser - Exception caught when fetching page https://www.bing.com/images/async?q=johnny sins youtube vlog face&first=100, error: HTTPSConnectionPool(host='www.bing.com', port=443): Max retries exceeded with url: /images/async?q=johnny%20sins%20youtube%20vlog%20face&first=100 (Caused by NameResolutionError("HTTPSConnection(host='www.bing.com', port=443): Failed to resolve 'www.bing.com' ([Errno 8] nodename nor servname provided, or not known)")), remaining retry times: 2
2026-08-29 23:23:05,584 - ERROR - parser - Exception caught when fetching page https://www.bing.com/images/async?q=johnny sins youtube vlog face&first=100, error: HTTPSConnectionPool(host='www.bing.com', port=443): Max retries exceeded with url: /images/async?q=johnny%20sins%20youtube%20vlog%20face&first=100 (Caused by NameResolutionError("HTTPSConnection(host='www.bing.com', port=443): Failed to resolve 'www.bing.com' ([Errno 8] nodename nor servname provided, or not known)")), remaining retry times: 1
2026-08-29 23:23:05,587 - ERROR - parser - Exception caught when fetching page https://www.bing.com/images/async?q=johnny sins youtube vlog face&first=100, error: HTTPSConnectionPool(host='www.bing.com', port=443): Max retries exceeded with url: /images/async?q=johnny%20sins%20youtube%20vlog%20face&first=100 (Caused by NameResolutionError("HTTPSConnection(host='www.bing.com', port=443): Failed to resolve 'www.bing.com' ([Errno 8] nodename nor servname provided, or not known)")), remaining retry times: 0
2026-08-29 23:23:07,597 - INFO - parser - no more page urls for thread parser-001 to parse
2026-08-29 23:23:07,598 - INFO - parser - thread parser-001 exit
2026-08-29 23:23:10,528 - INFO - downloader - no more download task for thread downloader-001
2026-08-29 23:23:10,528 - INFO - downloader - no more download task for thread downloader-002
2026-08-29 23:23:10,529 - INFO - downloader - thread downloader-001 exit
2026-08-29 23:23:10,529 - INFO - downloader - thread downloader-002 exit
2026-08-29 23:23:10,556 - INFO - icrawler.crawler - Crawling task done!
2026-08-29 23:23:11,561 - INFO - icrawler.crawler - start crawling...
2026-08-29 23:23:11,561 - INFO - icrawler.crawler - starting 1 feeder threads...
2026-08-29 23:23:11,562 - INFO - icrawler.crawler - starting 1 parser threads...
2026-08-29 23:23:11,562 - INFO - icrawler.crawler - starting 2 downloader threads...
2026-08-29 23:23:11,562 - INFO - feeder - thread feeder-001 exit
2026-08-29 23:23:11,571 - ERROR - parser - Exception caught when fetching page https://www.bing.com/images/async?q=johnny sins bald interview studio&first=0, error: HTTPSConnectionPool(host='www.bing.com', port=443): Max retries exceeded with url: /images/async?q=johnny%20sins%20bald%20interview%20studio&first=0 (Caused by NameResolutionError("HTTPSConnection(host='www.bing.com', port=443): Failed to resolve 'www.bing.com' ([Errno 8] nodename nor servname provided, or not known)")), remaining retry times: 2
2026-08-29 23:23:11,575 - ERROR - parser - Exception caught when fetching page https://www.bing.com/images/async?q=johnny sins bald interview studio&first=0, error: HTTPSConnectionPool(host='www.bing.com', port=443): Max retries exceeded with url: /images/async?q=johnny%20sins%20bald%20interview%20studio&first=0 (Caused by NameResolutionError("HTTPSConnection(host='www.bing.com', port=443): Failed to resolve 'www.bing.com' ([Errno 8] nodename nor servname provided, or not known)")), remaining retry times: 1
2026-08-29 23:23:11,579 - ERROR - parser - Exception caught when fetching page https://www.bing.com/images/async?q=johnny sins bald interview studio&first=0, error: HTTPSConnectionPool(host='www.bing.com', port=443): Max retries exceeded with url: /images/async?q=johnny%20sins%20bald%20interview%20studio&first=0 (Caused by NameResolutionError("HTTPSConnection(host='www.bing.com', port=443): Failed to resolve 'www.bing.com' ([Errno 8] nodename nor servname provided, or not known)")), remaining retry times: 0
2026-08-29 23:23:11,582 - ERROR - parser - Exception caught when fetching page https://www.bing.com/images/async?q=johnny sins bald interview studio&first=20, error: HTTPSConnectionPool(host='www.bing.com', port=443): Max retries exceeded with url: /images/async?q=johnny%20sins%20bald%20interview%20studio&first=20 (Caused by NameResolutionError("HTTPSConnection(host='www.bing.com', port=443): Failed to resolve 'www.bing.com' ([Errno 8] nodename nor servname provided, or not known)")), remaining retry times: 2
2026-08-29 23:23:11,586 - ERROR - parser - Exception caught when fetching page https://www.bing.com/images/async?q=johnny sins bald interview studio&first=20, error: HTTPSConnectionPool(host='www.bing.com', port=443): Max retries exceeded with url: /images/async?q=johnny%20sins%20bald%20interview%20studio&first=20 (Caused by NameResolutionError("HTTPSConnection(host='www.bing.com', port=443): Failed to resolve 'www.bing.com' ([Errno 8] nodename nor servname provided, or not known)")), remaining retry times: 1
2026-08-29 23:23:11,588 - ERROR - parser - Exception caught when fetching page https://www.bing.com/images/async?q=johnny sins bald interview studio&first=20, error: HTTPSConnectionPool(host='www.bing.com', port=443): Max retries exceeded with url: /images/async?q=johnny%20sins%20bald%20interview%20studio&first=20 (Caused by NameResolutionError("HTTPSConnection(host='www.bing.com', port=443): Failed to resolve 'www.bing.com' ([Errno 8] nodename nor servname provided, or not known)")), remaining retry times: 0
2026-08-29 23:23:11,592 - ERROR - parser - Exception caught when fetching page https://www.bing.com/images/async?q=johnny sins bald interview studio&first=40, error: HTTPSConnectionPool(host='www.bing.com', port=443): Max retries exceeded with url: /images/async?q=johnny%20sins%20bald%20interview%20studio&first=40 (Caused by NameResolutionError("HTTPSConnection(host='www.bing.com', port=443): Failed to resolve 'www.bing.com' ([Errno 8] nodename nor servname provided, or not known)")), remaining retry times: 2
2026-08-29 23:23:11,596 - ERROR - parser - Exception caught when fetching page https://www.bing.com/images/async?q=johnny sins bald interview studio&first=40, error: HTTPSConnectionPool(host='www.bing.com', port=443): Max retries exceeded with url: /images/async?q=johnny%20sins%20bald%20interview%20studio&first=40 (Caused by NameResolutionError("HTTPSConnection(host='www.bing.com', port=443): Failed to resolve 'www.bing.com' ([Errno 8] nodename nor servname provided, or not known)")), remaining retry times: 1
2026-08-29 23:23:11,599 - ERROR - parser - Exception caught when fetching page https://www.bing.com/images/async?q=johnny sins bald interview studio&first=40, error: HTTPSConnectionPool(host='www.bing.com', port=443): Max retries exceeded with url: /images/async?q=johnny%20sins%20bald%20interview%20studio&first=40 (Caused by NameResolutionError("HTTPSConnection(host='www.bing.com', port=443): Failed to resolve 'www.bing.com' ([Errno 8] nodename nor servname provided, or not known)")), remaining retry times: 0
2026-08-29 23:23:11,602 - ERROR - parser - Exception caught when fetching page https://www.bing.com/images/async?q=johnny sins bald interview studio&first=60, error: HTTPSConnectionPool(host='www.bing.com', port=443): Max retries exceeded with url: /images/async?q=johnny%20sins%20bald%20interview%20studio&first=60 (Caused by NameResolutionError("HTTPSConnection(host='www.bing.com', port=443): Failed to resolve 'www.bing.com' ([Errno 8] nodename nor servname provided, or not known)")), remaining retry times: 2
2026-08-29 23:23:11,604 - ERROR - parser - Exception caught when fetching page https://www.bing.com/images/async?q=johnny sins bald interview studio&first=60, error: HTTPSConnectionPool(host='www.bing.com', port=443): Max retries exceeded with url: /images/async?q=johnny%20sins%20bald%20interview%20studio&first=60 (Caused by NameResolutionError("HTTPSConnection(host='www.bing.com', port=443): Failed to resolve 'www.bing.com' ([Errno 8] nodename nor servname provided, or not known)")), remaining retry times: 1
2026-08-29 23:23:11,606 - ERROR - parser - Exception caught when fetching page https://www.bing.com/images/async?q=johnny sins bald interview studio&first=60, error: HTTPSConnectionPool(host='www.bing.com', port=443): Max retries exceeded with url: /images/async?q=johnny%20sins%20bald%20interview%20studio&first=60 (Caused by NameResolutionError("HTTPSConnection(host='www.bing.com', port=443): Failed to resolve 'www.bing.com' ([Errno 8] nodename nor servname provided, or not known)")), remaining retry times: 0
2026-08-29 23:23:11,609 - ERROR - parser - Exception caught when fetching page https://www.bing.com/images/async?q=johnny sins bald interview studio&first=80, error: HTTPSConnectionPool(host='www.bing.com', port=443): Max retries exceeded with url: /images/async?q=johnny%20sins%20bald%20interview%20studio&first=80 (Caused by NameResolutionError("HTTPSConnection(host='www.bing.com', port=443): Failed to resolve 'www.bing.com' ([Errno 8] nodename nor servname provided, or not known)")), remaining retry times: 2
2026-08-29 23:23:11,612 - ERROR - parser - Exception caught when fetching page https://www.bing.com/images/async?q=johnny sins bald interview studio&first=80, error: HTTPSConnectionPool(host='www.bing.com', port=443): Max retries exceeded with url: /images/async?q=johnny%20sins%20bald%20interview%20studio&first=80 (Caused by NameResolutionError("HTTPSConnection(host='www.bing.com', port=443): Failed to resolve 'www.bing.com' ([Errno 8] nodename nor servname provided, or not known)")), remaining retry times: 1
2026-08-29 23:23:11,614 - ERROR - parser - Exception caught when fetching page https://www.bing.com/images/async?q=johnny sins bald interview studio&first=80, error: HTTPSConnectionPool(host='www.bing.com', port=443): Max retries exceeded with url: /images/async?q=johnny%20sins%20bald%20interview%20studio&first=80 (Caused by NameResolutionError("HTTPSConnection(host='www.bing.com', port=443): Failed to resolve 'www.bing.com' ([Errno 8] nodename nor servname provided, or not known)")), remaining retry times: 0
2026-08-29 23:23:11,617 - ERROR - parser - Exception caught when fetching page https://www.bing.com/images/async?q=johnny sins bald interview studio&first=100, error: HTTPSConnectionPool(host='www.bing.com', port=443): Max retries exceeded with url: /images/async?q=johnny%20sins%20bald%20interview%20studio&first=100 (Caused by NameResolutionError("HTTPSConnection(host='www.bing.com', port=443): Failed to resolve 'www.bing.com' ([Errno 8] nodename nor servname provided, or not known)")), remaining retry times: 2
2026-08-29 23:23:11,619 - ERROR - parser - Exception caught when fetching page https://www.bing.com/images/async?q=johnny sins bald interview studio&first=100, error: HTTPSConnectionPool(host='www.bing.com', port=443): Max retries exceeded with url: /images/async?q=johnny%20sins%20bald%20interview%20studio&first=100 (Caused by NameResolutionError("HTTPSConnection(host='www.bing.com', port=443): Failed to resolve 'www.bing.com' ([Errno 8] nodename nor servname provided, or not known)")), remaining retry times: 1
2026-08-29 23:23:11,622 - ERROR - parser - Exception caught when fetching page https://www.bing.com/images/async?q=johnny sins bald interview studio&first=100, error: HTTPSConnectionPool(host='www.bing.com', port=443): Max retries exceeded with url: /images/async?q=johnny%20sins%20bald%20interview%20studio&first=100 (Caused by NameResolutionError("HTTPSConnection(host='www.bing.com', port=443): Failed to resolve 'www.bing.com' ([Errno 8] nodename nor servname provided, or not known)")), remaining retry times: 0
2026-08-29 23:23:13,630 - INFO - parser - no more page urls for thread parser-001 to parse
2026-08-29 23:23:13,630 - INFO - parser - thread parser-001 exit
2026-08-29 23:23:16,564 - INFO - downloader - no more download task for thread downloader-002
2026-08-29 23:23:16,564 - INFO - downloader - thread downloader-002 exit
2026-08-29 23:23:16,565 - INFO - downloader - no more download task for thread downloader-001
2026-08-29 23:23:16,565 - INFO - downloader - thread downloader-001 exit
2026-08-29 23:23:16,597 - INFO - icrawler.crawler - Crawling task done!
2026-08-29 23:23:17,608 - INFO - icrawler.crawler - start crawling...
2026-08-29 23:23:17,608 - INFO - icrawler.crawler - starting 1 feeder threads...
2026-08-29 23:23:17,609 - INFO - icrawler.crawler - starting 1 parser threads...
2026-08-29 23:23:17,609 - INFO - icrawler.crawler - starting 2 downloader threads...
2026-08-29 23:23:17,609 - INFO - feeder - thread feeder-001 exit
2026-08-29 23:23:17,614 - ERROR - parser - Exception caught when fetching page https://www.bing.com/images/async?q=site:news.com johnny sins&first=0, error: HTTPSConnectionPool(host='www.bing.com', port=443): Max retries exceeded with url: /images/async?q=site:news.com%20johnny%20sins&first=0 (Caused by NameResolutionError("HTTPSConnection(host='www.bing.com', port=443): Failed to resolve 'www.bing.com' ([Errno 8] nodename nor servname provided, or not known)")), remaining retry times: 2
2026-08-29 23:23:17,619 - ERROR - parser - Exception caught when fetching page https://www.bing.com/images/async?q=site:news.com johnny sins&first=0, error: HTTPSConnectionPool(host='www.bing.com', port=443): Max retries exceeded with url: /images/async?q=site:news.com%20johnny%20sins&first=0 (Caused by NameResolutionError("HTTPSConnection(host='www.bing.com', port=443): Failed to resolve 'www.bing.com' ([Errno 8] nodename nor servname provided, or not known)")), remaining retry times: 1
2026-08-29 23:23:17,622 - ERROR - parser - Exception caught when fetching page https://www.bing.com/images/async?q=site:news.com johnny sins&first=0, error: HTTPSConnectionPool(host='www.bing.com', port=443): Max retries exceeded with url: /images/async?q=site:news.com%20johnny%20sins&first=0 (Caused by NameResolutionError("HTTPSConnection(host='www.bing.com', port=443): Failed to resolve 'www.bing.com' ([Errno 8] nodename nor servname provided, or not known)")), remaining retry times: 0
2026-08-29 23:23:17,625 - ERROR - parser - Exception caught when fetching page https://www.bing.com/images/async?q=site:news.com johnny sins&first=20, error: HTTPSConnectionPool(host='www.bing.com', port=443): Max retries exceeded with url: /images/async?q=site:news.com%20johnny%20sins&first=20 (Caused by NameResolutionError("HTTPSConnection(host='www.bing.com', port=443): Failed to resolve 'www.bing.com' ([Errno 8] nodename nor servname provided, or not known)")), remaining retry times: 2
2026-08-29 23:23:17,627 - ERROR - parser - Exception caught when fetching page https://www.bing.com/images/async?q=site:news.com johnny sins&first=20, error: HTTPSConnectionPool(host='www.bing.com', port=443): Max retries exceeded with url: /images/async?q=site:news.com%20johnny%20sins&first=20 (Caused by NameResolutionError("HTTPSConnection(host='www.bing.com', port=443): Failed to resolve 'www.bing.com' ([Errno 8] nodename nor servname provided, or not known)")), remaining retry times: 1
2026-08-29 23:23:17,630 - ERROR - parser - Exception caught when fetching page https://www.bing.com/images/async?q=site:news.com johnny sins&first=20, error: HTTPSConnectionPool(host='www.bing.com', port=443): Max retries exceeded with url: /images/async?q=site:news.com%20johnny%20sins&first=20 (Caused by NameResolutionError("HTTPSConnection(host='www.bing.com', port=443): Failed to resolve 'www.bing.com' ([Errno 8] nodename nor servname provided, or not known)")), remaining retry times: 0
2026-08-29 23:23:17,634 - ERROR - parser - Exception caught when fetching page https://www.bing.com/images/async?q=site:news.com johnny sins&first=40, error: HTTPSConnectionPool(host='www.bing.com', port=443): Max retries exceeded with url: /images/async?q=site:news.com%20johnny%20sins&first=40 (Caused by NameResolutionError("HTTPSConnection(host='www.bing.com', port=443): Failed to resolve 'www.bing.com' ([Errno 8] nodename nor servname provided, or not known)")), remaining retry times: 2
2026-08-29 23:23:17,637 - ERROR - parser - Exception caught when fetching page https://www.bing.com/images/async?q=site:news.com johnny sins&first=40, error: HTTPSConnectionPool(host='www.bing.com', port=443): Max retries exceeded with url: /images/async?q=site:news.com%20johnny%20sins&first=40 (Caused by NameResolutionError("HTTPSConnection(host='www.bing.com', port=443): Failed to resolve 'www.bing.com' ([Errno 8] nodename nor servname provided, or not known)")), remaining retry times: 1
2026-08-29 23:23:17,640 - ERROR - parser - Exception caught when fetching page https://www.bing.com/images/async?q=site:news.com johnny sins&first=40, error: HTTPSConnectionPool(host='www.bing.com', port=443): Max retries exceeded with url: /images/async?q=site:news.com%20johnny%20sins&first=40 (Caused by NameResolutionError("HTTPSConnection(host='www.bing.com', port=443): Failed to resolve 'www.bing.com' ([Errno 8] nodename nor servname provided, or not known)")), remaining retry times: 0
2026-08-29 23:23:17,642 - ERROR - parser - Exception caught when fetching page https://www.bing.com/images/async?q=site:news.com johnny sins&first=60, error: HTTPSConnectionPool(host='www.bing.com', port=443): Max retries exceeded with url: /images/async?q=site:news.com%20johnny%20sins&first=60 (Caused by NameResolutionError("HTTPSConnection(host='www.bing.com', port=443): Failed to resolve 'www.bing.com' ([Errno 8] nodename nor servname provided, or not known)")), remaining retry times: 2
2026-08-29 23:23:17,646 - ERROR - parser - Exception caught when fetching page https://www.bing.com/images/async?q=site:news.com johnny sins&first=60, error: HTTPSConnectionPool(host='www.bing.com', port=443): Max retries exceeded with url: /images/async?q=site:news.com%20johnny%20sins&first=60 (Caused by NameResolutionError("HTTPSConnection(host='www.bing.com', port=443): Failed to resolve 'www.bing.com' ([Errno 8] nodename nor servname provided, or not known)")), remaining retry times: 1
2026-08-29 23:23:17,650 - ERROR - parser - Exception caught when fetching page https://www.bing.com/images/async?q=site:news.com johnny sins&first=60, error: HTTPSConnectionPool(host='www.bing.com', port=443): Max retries exceeded with url: /images/async?q=site:news.com%20johnny%20sins&first=60 (Caused by NameResolutionError("HTTPSConnection(host='www.bing.com', port=443): Failed to resolve 'www.bing.com' ([Errno 8] nodename nor servname provided, or not known)")), remaining retry times: 0
2026-08-29 23:23:17,653 - ERROR - parser - Exception caught when fetching page https://www.bing.com/images/async?q=site:news.com johnny sins&first=80, error: HTTPSConnectionPool(host='www.bing.com', port=443): Max retries exceeded with url: /images/async?q=site:news.com%20johnny%20sins&first=80 (Caused by NameResolutionError("HTTPSConnection(host='www.bing.com', port=443): Failed to resolve 'www.bing.com' ([Errno 8] nodename nor servname provided, or not known)")), remaining retry times: 2
2026-08-29 23:23:17,656 - ERROR - parser - Exception caught when fetching page https://www.bing.com/images/async?q=site:news.com johnny sins&first=80, error: HTTPSConnectionPool(host='www.bing.com', port=443): Max retries exceeded with url: /images/async?q=site:news.com%20johnny%20sins&first=80 (Caused by NameResolutionError("HTTPSConnection(host='www.bing.com', port=443): Failed to resolve 'www.bing.com' ([Errno 8] nodename nor servname provided, or not known)")), remaining retry times: 1
2026-08-29 23:23:17,658 - ERROR - parser - Exception caught when fetching page https://www.bing.com/images/async?q=site:news.com johnny sins&first=80, error: HTTPSConnectionPool(host='www.bing.com', port=443): Max retries exceeded with url: /images/async?q=site:news.com%20johnny%20sins&first=80 (Caused by NameResolutionError("HTTPSConnection(host='www.bing.com', port=443): Failed to resolve 'www.bing.com' ([Errno 8] nodename nor servname provided, or not known)")), remaining retry times: 0
2026-08-29 23:23:17,661 - ERROR - parser - Exception caught when fetching page https://www.bing.com/images/async?q=site:news.com johnny sins&first=100, error: HTTPSConnectionPool(host='www.bing.com', port=443): Max retries exceeded with url: /images/async?q=site:news.com%20johnny%20sins&first=100 (Caused by NameResolutionError("HTTPSConnection(host='www.bing.com', port=443): Failed to resolve 'www.bing.com' ([Errno 8] nodename nor servname provided, or not known)")), remaining retry times: 2
2026-08-29 23:23:17,663 - ERROR - parser - Exception caught when fetching page https://www.bing.com/images/async?q=site:news.com johnny sins&first=100, error: HTTPSConnectionPool(host='www.bing.com', port=443): Max retries exceeded with url: /images/async?q=site:news.com%20johnny%20sins&first=100 (Caused by NameResolutionError("HTTPSConnection(host='www.bing.com', port=443): Failed to resolve 'www.bing.com' ([Errno 8] nodename nor servname provided, or not known)")), remaining retry times: 1
2026-08-29 23:23:17,667 - ERROR - parser - Exception caught when fetching page https://www.bing.com/images/async?q=site:news.com johnny sins&first=100, error: HTTPSConnectionPool(host='www.bing.com', port=443): Max retries exceeded with url: /images/async?q=site:news.com%20johnny%20sins&first=100 (Caused by NameResolutionError("HTTPSConnection(host='www.bing.com', port=443): Failed to resolve 'www.bing.com' ([Errno 8] nodename nor servname provided, or not known)")), remaining retry times: 0
2026-08-29 23:23:19,676 - INFO - parser - no more page urls for thread parser-001 to parse
2026-08-29 23:23:19,676 - INFO - parser - thread parser-001 exit
2026-08-29 23:23:22,610 - INFO - downloader - no more download task for thread downloader-002
2026-08-29 23:23:22,611 - INFO - downloader - thread downloader-002 exit
2026-08-29 23:23:22,618 - INFO - downloader - no more download task for thread downloader-001
2026-08-29 23:23:22,618 - INFO - downloader - thread downloader-001 exit
2026-08-29 23:23:22,640 - INFO - icrawler.crawler - Crawling task done!
URL queue 937  bing files 955
/Users/aoxo/Library/Python/3.9/lib/python/site-packages/insightface/utils/transform.py:68: FutureWarning: `rcond` parameter will change to the default of machine precision times ``max(M, N)`` where M and N are the input matrix dimensions.
To use the future default and silence this warning we advise to pass `rcond=None`, to keep using the old, explicitly pass `rcond=-1`.
  P = np.linalg.lstsq(X_homo, Y)[0].T # Affine matrix. 3 x 4
set det-size: (1024, 1024)
set det-size: (640, 640)
set det-size: (1024, 1024)
set det-size: (640, 640)
set det-size: (1024, 1024)
set det-size: (640, 640)
set det-size: (1024, 1024)
set det-size: (640, 640)
set det-size: (1024, 1024)
set det-size: (640, 640)
set det-size: (1024, 1024)
set det-size: (640, 640)
set det-size: (1024, 1024)
set det-size: (640, 640)
set det-size: (1024, 1024)
set det-size: (640, 640)
set det-size: (1024, 1024)
set det-size: (640, 640)
set det-size: (1024, 1024)
set det-size: (640, 640)
set det-size: (1024, 1024)
set det-size: (640, 640)
set det-size: (1024, 1024)
set det-size: (640, 640)
set det-size: (1024, 1024)
set det-size: (640, 640)
set det-size: (1024, 1024)
set det-size: (640, 640)
set det-size: (1024, 1024)
set det-size: (640, 640)
set det-size: (1024, 1024)
set det-size: (640, 640)
set det-size: (1024, 1024)
set det-size: (640, 640)
set det-size: (1024, 1024)
set det-size: (640, 640)
set det-size: (1024, 1024)
set det-size: (640, 640)
set det-size: (1024, 1024)
set det-size: (640, 640)
set det-size: (1024, 1024)
set det-size: (640, 640)
set det-size: (1024, 1024)
set det-size: (640, 640)
set det-size: (1024, 1024)
set det-size: (640, 640)
set det-size: (1024, 1024)
set det-size: (640, 640)
set det-size: (1024, 1024)
set det-size: (640, 640)
set det-size: (1024, 1024)
set det-size: (640, 640)
set det-size: (1024, 1024)
set det-size: (640, 640)
set det-size: (1024, 1024)
set det-size: (640, 640)
set det-size: (1024, 1024)
set det-size: (640, 640)
set det-size: (1024, 1024)
set det-size: (640, 640)
set det-size: (1024, 1024)
set det-size: (640, 640)
set det-size: (1024, 1024)
set det-size: (640, 640)
set det-size: (1024, 1024)
set det-size: (640, 640)
set det-size: (1024, 1024)
set det-size: (640, 640)
set det-size: (1024, 1024)
set det-size: (640, 640)
set det-size: (1024, 1024)
set det-size: (640, 640)
set det-size: (1024, 1024)
set det-size: (640, 640)
set det-size: (1024, 1024)
set det-size: (640, 640)
set det-size: (1024, 1024)
set det-size: (640, 640)
set det-size: (1024, 1024)
set det-size: (640, 640)
set det-size: (1024, 1024)
set det-size: (640, 640)
set det-size: (1024, 1024)
set det-size: (640, 640)
set det-size: (1024, 1024)
set det-size: (640, 640)
set det-size: (1024, 1024)
set det-size: (640, 640)
set det-size: (1024, 1024)
set det-size: (640, 640)
set det-size: (1024, 1024)
set det-size: (640, 640)
set det-size: (1024, 1024)
set det-size: (640, 640)
set det-size: (1024, 1024)
set det-size: (640, 640)
set det-size: (1024, 1024)
set det-size: (640, 640)
set det-size: (1024, 1024)
set det-size: (640, 640)
set det-size: (1024, 1024)
set det-size: (640, 640)
set det-size: (1024, 1024)
set det-size: (640, 640)
set det-size: (1024, 1024)
set det-size: (640, 640)
set det-size: (1024, 1024)
set det-size: (640, 640)
set det-size: (1024, 1024)
set det-size: (640, 640)
set det-size: (1024, 1024)
set det-size: (640, 640)
set det-size: (1024, 1024)
set det-size: (640, 640)
set det-size: (1024, 1024)
set det-size: (640, 640)
set det-size: (1024, 1024)
set det-size: (640, 640)
set det-size: (1024, 1024)
set det-size: (640, 640)
set det-size: (1024, 1024)
set det-size: (640, 640)
set det-size: (1024, 1024)
set det-size: (640, 640)
set det-size: (1024, 1024)
set det-size: (640, 640)
set det-size: (1024, 1024)
set det-size: (640, 640)
set det-size: (1024, 1024)
set det-size: (640, 640)
set det-size: (1024, 1024)
set det-size: (640, 640)
set det-size: (1024, 1024)
set det-size: (640, 640)
set det-size: (1024, 1024)
set det-size: (640, 640)
set det-size: (1024, 1024)
set det-size: (640, 640)
set det-size: (1024, 1024)
set det-size: (640, 640)
set det-size: (1024, 1024)
set det-size: (640, 640)
set det-size: (1024, 1024)
set det-size: (640, 640)
set det-size: (1024, 1024)
set det-size: (640, 640)
set det-size: (1024, 1024)
set det-size: (640, 640)
set det-size: (1024, 1024)
set det-size: (640, 640)
set det-size: (1024, 1024)
set det-size: (640, 640)
set det-size: (1024, 1024)
set det-size: (640, 640)
set det-size: (1024, 1024)
set det-size: (640, 640)
set det-size: (1024, 1024)
set det-size: (640, 640)
set det-size: (1024, 1024)
set det-size: (640, 640)
set det-size: (1024, 1024)
set det-size: (640, 640)
set det-size: (1024, 1024)
set det-size: (640, 640)
set det-size: (1024, 1024)
set det-size: (640, 640)
set det-size: (1024, 1024)
set det-size: (640, 640)
set det-size: (1024, 1024)
set det-size: (640, 640)
set det-size: (1024, 1024)
set det-size: (640, 640)
set det-size: (1024, 1024)
set det-size: (640, 640)
set det-size: (1024, 1024)
set det-size: (640, 640)
set det-size: (1024, 1024)
set det-size: (640, 640)
set det-size: (1024, 1024)
set det-size: (640, 640)
set det-size: (1024, 1024)
set det-size: (640, 640)
set det-size: (1024, 1024)
set det-size: (640, 640)
set det-size: (1024, 1024)
set det-size: (640, 640)
set det-size: (1024, 1024)
set det-size: (640, 640)
set det-size: (1024, 1024)
set det-size: (640, 640)
set det-size: (1024, 1024)
set det-size: (640, 640)
set det-size: (1024, 1024)
set det-size: (640, 640)
set det-size: (1024, 1024)
set det-size: (640, 640)
set det-size: (1024, 1024)
set det-size: (640, 640)
set det-size: (1024, 1024)
set det-size: (640, 640)
set det-size: (1024, 1024)
set det-size: (640, 640)
set det-size: (1024, 1024)
set det-size: (640, 640)
set det-size: (1024, 1024)
set det-size: (640, 640)
  KEPT sins_00261.jpg  sim=+0.524  johnny sins twitch stream face
  KEPT sins_00262.jpg  sim=+0.699  johnny sins twitch stream face
  KEPT sins_00263.jpg  sim=+0.746  johnny sins twitch stream face
  KEPT sins_00264.jpg  sim=+0.770  johnny sins twitch stream face
  KEPT sins_00265.jpg  sim=+0.605  johnny sins twitch stream face
  KEPT sins_00266.jpg  sim=+0.795  johnny sins twitch stream face
set det-size: (1024, 1024)
set det-size: (640, 640)
  KEPT sins_00267.jpg  sim=+0.756  johnny sins twitch stream face
  KEPT sins_00268.jpg  sim=+0.569  johnny sins twitch stream face
  KEPT sins_00269.jpg  sim=+0.325  johnny sins twitch stream face
  KEPT sins_00270.jpg  sim=+0.773  johnny sins twitch stream face
set det-size: (1024, 1024)
set det-size: (640, 640)
  KEPT sins_00271.jpg  sim=+0.634  johnny sins twitch stream face
  KEPT sins_00272.jpg  sim=+0.857  johnny sins cameo advertisement
  KEPT sins_00273.jpg  sim=+0.772  johnny sins cameo advertisement
  KEPT sins_00274.jpg  sim=+0.798  johnny sins cameo advertisement
  KEPT sins_00275.jpg  sim=+0.837  johnny sins cameo advertisement
  KEPT sins_00276.jpg  sim=+0.838  johnny sins cameo advertisement
  KEPT sins_00277.jpg  sim=+0.675  johnny sins cameo advertisement
  KEPT sins_00278.jpg  sim=+0.787  johnny sins cameo advertisement
  KEPT sins_00279.jpg  sim=+0.776  johnny sins cameo advertisement
  KEPT sins_00280.jpg  sim=+0.782  johnny sins cameo advertisement
  KEPT sins_00281.jpg  sim=+0.637  johnny sins cameo advertisement
  KEPT sins_00282.jpg  sim=+0.508  johnny sins cameo advertisement
  KEPT sins_00283.jpg  sim=+0.797  johnny sins cameo advertisement
  KEPT sins_00284.jpg  sim=+0.829  johnny sins cameo advertisement
  KEPT sins_00285.jpg  sim=+0.643  johnny sins cameo advertisement
  KEPT sins_00286.jpg  sim=+0.798  johnny sins cameo advertisement
  KEPT sins_00287.jpg  sim=+0.768  johnny sins cameo advertisement
  KEPT sins_00288.jpg  sim=+0.762  johnny sins cameo advertisement
  KEPT sins_00289.jpg  sim=+0.634  johnny sins cameo advertisement
  KEPT sins_00290.jpg  sim=+0.730  johnny sins cameo advertisement
  KEPT sins_00291.jpg  sim=+0.840  johnny sins cameo advertisement
  KEPT sins_00292.jpg  sim=+0.467  johnny sins cameo advertisement
  KEPT sins_00293.jpg  sim=+0.861  johnny sins cameo advertisement
  KEPT sins_00294.jpg  sim=+0.838  johnny sins cameo advertisement
  KEPT sins_00295.jpg  sim=+0.807  johnny sins cameo advertisement
  KEPT sins_00296.jpg  sim=+0.819  johnny sins cameo advertisement
  KEPT sins_00297.jpg  sim=+0.832  johnny sins cameo advertisement
  KEPT sins_00298.jpg  sim=+0.753  johnny sins cameo advertisement
  KEPT sins_00299.jpg  sim=+0.817  johnny sins cameo advertisement
  KEPT sins_00300.jpg  sim=+0.647  johnny sins cameo advertisement
  KEPT sins_00301.jpg  sim=+0.831  johnny sins cameo advertisement
  KEPT sins_00302.jpg  sim=+0.831  johnny sins cameo advertisement
  KEPT sins_00303.jpg  sim=+0.633  johnny sins cameo advertisement
  KEPT sins_00304.jpg  sim=+0.764  johnny sins cameo advertisement
  KEPT sins_00305.jpg  sim=+0.724  johnny sins cameo advertisement
  KEPT sins_00306.jpg  sim=+0.745  johnny sins cameo advertisement
  KEPT sins_00307.jpg  sim=+0.696  johnny sins cameo advertisement
  KEPT sins_00308.jpg  sim=+0.817  johnny sins cameo advertisement
  KEPT sins_00309.jpg  sim=+0.762  johnny sins cameo advertisement
  KEPT sins_00310.jpg  sim=+0.764  johnny sins cameo advertisement
  KEPT sins_00311.jpg  sim=+0.831  johnny sins cameo advertisement
  KEPT sins_00312.jpg  sim=+0.698  johnny sins cameo advertisement
  KEPT sins_00313.jpg  sim=+0.753  johnny sins cameo advertisement
  KEPT sins_00314.jpg  sim=+0.839  johnny sins cameo advertisement
  KEPT sins_00315.jpg  sim=+0.646  johnny sins cameo advertisement
  KEPT sins_00316.jpg  sim=+0.793  johnny sins cameo advertisement
  KEPT sins_00317.jpg  sim=+0.755  johnny sins cameo advertisement
  KEPT sins_00318.jpg  sim=+0.746  johnny sins cameo advertisement
  KEPT sins_00319.jpg  sim=+0.809  johnny sins cameo advertisement
  KEPT sins_00320.jpg  sim=+0.819  johnny sins cameo advertisement
  KEPT sins_00321.jpg  sim=+0.866  johnny sins cameo advertisement
  KEPT sins_00322.jpg  sim=+0.836  johnny sins cameo advertisement
  KEPT sins_00323.jpg  sim=+0.819  johnny sins cameo advertisement
  KEPT sins_00324.jpg  sim=+0.781  johnny sins cameo advertisement
set det-size: (1024, 1024)
set det-size: (640, 640)
  KEPT sins_00325.jpg  sim=+0.594  johnny sins cameo advertisement
  KEPT sins_00326.jpg  sim=+0.785  johnny sins cameo advertisement
  KEPT sins_00327.jpg  sim=+0.809  johnny sins cameo advertisement
  KEPT sins_00328.jpg  sim=+0.787  johnny sins cameo advertisement
  KEPT sins_00329.jpg  sim=+0.717  johnny sins cameo advertisement
  KEPT sins_00330.jpg  sim=+0.650  johnny sins cameo advertisement
  KEPT sins_00331.jpg  sim=+0.796  johnny sins cameo advertisement
  KEPT sins_00332.jpg  sim=+0.712  johnny sins cameo advertisement
  KEPT sins_00333.jpg  sim=+0.806  johnny sins cameo advertisement
  KEPT sins_00334.jpg  sim=+0.830  johnny sins cameo advertisement
  KEPT sins_00335.jpg  sim=+0.825  johnny sins cameo advertisement
  KEPT sins_00336.jpg  sim=+0.804  johnny sins cameo advertisement
  KEPT sins_00337.jpg  sim=+0.700  johnny sins cameo advertisement
  KEPT sins_00338.jpg  sim=+0.808  johnny sins cameo advertisement
  KEPT sins_00339.jpg  sim=+0.794  johnny sins cameo advertisement
  KEPT sins_00340.jpg  sim=+0.866  johnny sins cameo advertisement
  KEPT sins_00341.jpg  sim=+0.794  johnny sins cameo advertisement
  KEPT sins_00342.jpg  sim=+0.862  johnny sins cameo advertisement
  KEPT sins_00343.jpg  sim=+0.795  johnny sins cameo advertisement
  KEPT sins_00344.jpg  sim=+0.822  johnny sins cameo advertisement
  KEPT sins_00345.jpg  sim=+0.738  johnny sins cameo advertisement
  KEPT sins_00346.jpg  sim=+0.764  johnny sins cameo advertisement
  KEPT sins_00347.jpg  sim=+0.792  johnny sins cameo advertisement
  KEPT sins_00348.jpg  sim=+0.784  johnny sins podcast jre screenshot
  KEPT sins_00349.jpg  sim=+0.582  johnny sins podcast jre screenshot
  KEPT sins_00350.jpg  sim=+0.856  johnny sins podcast jre screenshot
  KEPT sins_00351.jpg  sim=+0.598  johnny sins podcast jre screenshot
  KEPT sins_00352.jpg  sim=+0.738  johnny sins podcast jre screenshot
  KEPT sins_00353.jpg  sim=+0.788  johnny sins podcast jre screenshot
  KEPT sins_00354.jpg  sim=+0.700  johnny sins podcast jre screenshot
  KEPT sins_00355.jpg  sim=+0.779  johnny sins podcast jre screenshot
  KEPT sins_00356.jpg  sim=+0.713  johnny sins podcast jre screenshot
  KEPT sins_00357.jpg  sim=+0.778  johnny sins podcast jre screenshot
  KEPT sins_00358.jpg  sim=+0.792  johnny sins podcast jre screenshot
  KEPT sins_00359.jpg  sim=+0.759  johnny sins podcast jre screenshot
  KEPT sins_00360.jpg  sim=+0.787  johnny sins podcast jre screenshot
  KEPT sins_00361.jpg  sim=+0.822  johnny sins podcast jre screenshot
  KEPT sins_00362.jpg  sim=+0.602  johnny sins podcast jre screenshot
set det-size: (1024, 1024)
set det-size: (640, 640)
  KEPT sins_00363.jpg  sim=+0.731  johnny sins podcast jre screenshot
  KEPT sins_00364.jpg  sim=+0.815  johnny sins podcast jre screenshot
  KEPT sins_00365.jpg  sim=+0.827  johnny sins podcast jre screenshot
  KEPT sins_00366.jpg  sim=+0.710  johnny sins podcast jre screenshot
  KEPT sins_00367.jpg  sim=+0.754  johnny sins podcast jre screenshot
  KEPT sins_00368.jpg  sim=+0.745  johnny sins podcast jre screenshot
  KEPT sins_00369.jpg  sim=+0.830  johnny sins podcast jre screenshot
  KEPT sins_00370.jpg  sim=+0.811  johnny sins podcast jre screenshot
  KEPT sins_00371.jpg  sim=+0.730  johnny sins podcast jre screenshot
  KEPT sins_00372.jpg  sim=+0.783  johnny sins podcast jre screenshot
  KEPT sins_00373.jpg  sim=+0.714  johnny sins podcast jre screenshot
  KEPT sins_00374.jpg  sim=+0.747  johnny sins podcast jre screenshot
  KEPT sins_00375.jpg  sim=+0.774  johnny sins podcast jre screenshot
  KEPT sins_00376.jpg  sim=+0.700  johnny sins podcast jre screenshot
  KEPT sins_00377.jpg  sim=+0.763  johnny sins podcast jre screenshot
  KEPT sins_00378.jpg  sim=+0.742  johnny sins podcast jre screenshot
  KEPT sins_00379.jpg  sim=+0.808  johnny sins podcast jre screenshot
  KEPT sins_00380.jpg  sim=+0.696  johnny sins podcast jre screenshot
  KEPT sins_00381.jpg  sim=+0.720  johnny sins podcast jre screenshot
  KEPT sins_00382.jpg  sim=+0.746  johnny sins lift carry meme original
set det-size: (1024, 1024)
set det-size: (640, 640)
  KEPT sins_00383.jpg  sim=+0.575  johnny sins lift carry meme original
  KEPT sins_00384.jpg  sim=+0.733  johnny sins lift carry meme original
  KEPT sins_00385.jpg  sim=+0.569  johnny sins lift carry meme original
  KEPT sins_00386.jpg  sim=+0.756  johnny sins lift carry meme original
  KEPT sins_00387.jpg  sim=+0.669  johnny sins lift carry meme original
  KEPT sins_00388.jpg  sim=+0.657  johnny sins plumber costume photo
  KEPT sins_00389.jpg  sim=+0.634  johnny sins plumber costume photo
  KEPT sins_00390.jpg  sim=+0.814  johnny sins plumber costume photo
  KEPT sins_00391.jpg  sim=+0.811  johnny sins plumber costume photo
  KEPT sins_00392.jpg  sim=+0.820  johnny sins plumber costume photo
  KEPT sins_00393.jpg  sim=+0.328  johnny sins plumber costume photo
  KEPT sins_00394.jpg  sim=+0.817  johnny sins plumber costume photo
  KEPT sins_00395.jpg  sim=+0.668  johnny sins plumber costume photo
  KEPT sins_00396.jpg  sim=+0.569  johnny sins plumber costume photo
  KEPT sins_00397.jpg  sim=+0.644  johnny sins plumber costume photo
  KEPT sins_00398.jpg  sim=+0.728  johnny sins plumber costume photo
  KEPT sins_00399.jpg  sim=+0.671  johnny sins plumber costume photo
  KEPT sins_00400.jpg  sim=+0.700  johnny sins firefighter photo
set det-size: (1024, 1024)
set det-size: (640, 640)
  KEPT sins_00401.jpg  sim=+0.597  johnny sins firefighter photo
  KEPT sins_00402.jpg  sim=+0.474  johnny sins firefighter photo
  KEPT sins_00403.jpg  sim=+0.544  johnny sins firefighter photo
set det-size: (1024, 1024)
set det-size: (640, 640)
  KEPT sins_00404.jpg  sim=+0.825  johnny sins doctor scrubs photo
  KEPT sins_00405.jpg  sim=+0.846  johnny sins doctor scrubs photo
  KEPT sins_00406.jpg  sim=+0.768  johnny sins doctor scrubs photo
  KEPT sins_00407.jpg  sim=+0.661  johnny sins doctor scrubs photo
  KEPT sins_00408.jpg  sim=+0.741  johnny sins doctor scrubs photo
  KEPT sins_00409.jpg  sim=+0.553  johnny sins doctor scrubs photo
  KEPT sins_00410.jpg  sim=+0.658  johnny sins doctor scrubs photo
  KEPT sins_00411.jpg  sim=+0.805  johnny sins doctor scrubs photo
  KEPT sins_00412.jpg  sim=+0.510  johnny sins award show
  KEPT sins_00413.jpg  sim=+0.866  johnny sins award show
  KEPT sins_00414.jpg  sim=+0.582  johnny sins award show
  KEPT sins_00415.jpg  sim=+0.818  johnny sins award show
  KEPT sins_00416.jpg  sim=+0.848  johnny sins award show
  KEPT sins_00417.jpg  sim=+0.721  johnny sins award show
  KEPT sins_00418.jpg  sim=+0.854  johnny sins award show
  KEPT sins_00419.jpg  sim=+0.822  johnny sins award show
  KEPT sins_00420.jpg  sim=+0.838  johnny sins convention meet fan
  KEPT sins_00421.jpg  sim=+0.671  johnny sins convention meet fan
  KEPT sins_00422.jpg  sim=+0.813  johnny sins convention meet fan
  KEPT sins_00423.jpg  sim=+0.592  johnny sins convention meet fan
  KEPT sins_00424.jpg  sim=+0.801  johnny sins convention meet fan
  KEPT sins_00425.jpg  sim=+0.656  johnny sins convention meet fan
  KEPT sins_00426.jpg  sim=+0.425  johnny sins convention meet fan
  KEPT sins_00427.jpg  sim=+0.689  johnny sins convention meet fan
  KEPT sins_00428.jpg  sim=+0.626  johnny sins convention meet fan
  KEPT sins_00429.jpg  sim=+0.869  johnny sins convention meet fan
  KEPT sins_00430.jpg  sim=+0.833  johnny sins convention meet fan
  KEPT sins_00431.jpg  sim=+0.581  johnny sins convention meet fan
  KEPT sins_00432.jpg  sim=+0.785  johnny sins convention meet fan
  KEPT sins_00433.jpg  sim=+0.813  johnny sins convention meet fan
  KEPT sins_00434.jpg  sim=+0.822  johnny sins convention meet fan
  KEPT sins_00435.jpg  sim=+0.405  johnny sins convention meet fan
  KEPT sins_00436.jpg  sim=+0.773  johnny sins convention meet fan
  KEPT sins_00437.jpg  sim=+0.858  johnny sins convention meet fan
  KEPT sins_00438.jpg  sim=+0.775  johnny sins convention meet fan
  KEPT sins_00439.jpg  sim=+0.753  johnny sins convention meet fan

Run done: +179 kept this run  harvest_total=439  manifest -> /Users/aoxo/vscode/e85/target/harvest/sins/manifest.json
Rebuilt /Users/aoxo/vscode/e85/target/sins.zip  477 unique crops (deduped vs existing zip)
