/Users/aoxo/Library/Python/3.9/lib/python/site-packages/urllib3/__init__.py:35: NotOpenSSLWarning: urllib3 v2 only supports OpenSSL 1.1.1+, currently the 'ssl' module is compiled with 'LibreSSL 2.8.3'. See: https://github.com/urllib3/urllib3/issues/3020
  warnings.warn(
mia: zip=201  harvest_kept=0  target=1000  dedup_seeded=201
/Users/aoxo/Library/Python/3.9/lib/python/site-packages/insightface/utils/transform.py:68: FutureWarning: `rcond` parameter will change to the default of machine precision times ``max(M, N)`` where M and N are the input matrix dimensions.
To use the future default and silence this warning we advise to pass `rcond=None`, to keep using the old, explicitly pass `rcond=-1`.
  P = np.linalg.lstsq(X_homo, Y)[0].T # Affine matrix. 3 x 4
Applied providers: ['CPUExecutionProvider'], with options: {'CPUExecutionProvider': {}}
find model: /Users/aoxo/.insightface/models/buffalo_l/1k3d68.onnx landmark_3d_68 ['None', 3, 192, 192] 0.0 1.0
Applied providers: ['CPUExecutionProvider'], with options: {'CPUExecutionProvider': {}}
find model: /Users/aoxo/.insightface/models/buffalo_l/2d106det.onnx landmark_2d_106 ['None', 3, 192, 192] 0.0 1.0
Applied providers: ['CPUExecutionProvider'], with options: {'CPUExecutionProvider': {}}
find model: /Users/aoxo/.insightface/models/buffalo_l/det_10g.onnx detection [1, 3, '?', '?'] 127.5 128.0
Applied providers: ['CPUExecutionProvider'], with options: {'CPUExecutionProvider': {}}
find model: /Users/aoxo/.insightface/models/buffalo_l/genderage.onnx genderage ['None', 3, 96, 96] 0.0 1.0
Applied providers: ['CPUExecutionProvider'], with options: {'CPUExecutionProvider': {}}
find model: /Users/aoxo/.insightface/models/buffalo_l/w600k_r50.onnx recognition ['None', 3, 112, 112] 127.5 127.5
set det-size: (640, 640)
identity centroid from /Users/aoxo/vscode/e85/target/mia.zip
set det-size: (1024, 1024)
set det-size: (640, 640)
set det-size: (1024, 1024)
set det-size: (640, 640)
set det-size: (1024, 1024)
set det-size: (640, 640)
set det-size: (1024, 1024)
set det-size: (640, 640)
set det-size: (1024, 1024)
set det-size: (640, 640)
set det-size: (1024, 1024)
set det-size: (640, 640)
set det-size: (1024, 1024)
set det-size: (640, 640)
set det-size: (1024, 1024)
set det-size: (640, 640)
set det-size: (1024, 1024)
set det-size: (640, 640)
set det-size: (1024, 1024)
set det-size: (640, 640)
set det-size: (1024, 1024)
set det-size: (640, 640)
set det-size: (1024, 1024)
set det-size: (640, 640)
set det-size: (1024, 1024)
set det-size: (640, 640)
set det-size: (1024, 1024)
set det-size: (640, 640)
set det-size: (1024, 1024)
set det-size: (640, 640)
set det-size: (1024, 1024)
set det-size: (640, 640)
set det-size: (1024, 1024)
set det-size: (640, 640)
set det-size: (1024, 1024)
set det-size: (640, 640)
set det-size: (1024, 1024)
set det-size: (640, 640)
set det-size: (1024, 1024)
set det-size: (640, 640)
set det-size: (1024, 1024)
set det-size: (640, 640)
set det-size: (1024, 1024)
set det-size: (640, 640)
set det-size: (1024, 1024)
set det-size: (640, 640)
set det-size: (1024, 1024)
set det-size: (640, 640)
set det-size: (1024, 1024)
set det-size: (640, 640)
set det-size: (1024, 1024)
set det-size: (640, 640)
set det-size: (1024, 1024)
set det-size: (640, 640)
set det-size: (1024, 1024)
set det-size: (640, 640)
set det-size: (1024, 1024)
set det-size: (640, 640)
set det-size: (1024, 1024)
set det-size: (640, 640)
set det-size: (1024, 1024)
set det-size: (640, 640)
set det-size: (1024, 1024)
set det-size: (640, 640)
set det-size: (1024, 1024)
set det-size: (640, 640)
set det-size: (1024, 1024)
set det-size: (640, 640)
set det-size: (1024, 1024)
set det-size: (640, 640)
set det-size: (1024, 1024)
set det-size: (640, 640)
set det-size: (1024, 1024)
set det-size: (640, 640)
set det-size: (1024, 1024)
set det-size: (640, 640)
set det-size: (1024, 1024)
set det-size: (640, 640)
set det-size: (1024, 1024)
set det-size: (640, 640)
set det-size: (1024, 1024)
set det-size: (640, 640)
set det-size: (1024, 1024)
set det-size: (640, 640)
set det-size: (1024, 1024)
set det-size: (640, 640)
set det-size: (1024, 1024)
set det-size: (640, 640)
set det-size: (1024, 1024)
set det-size: (640, 640)
set det-size: (1024, 1024)
set det-size: (640, 640)
set det-size: (1024, 1024)
set det-size: (640, 640)
set det-size: (1024, 1024)
set det-size: (640, 640)
set det-size: (1024, 1024)
set det-size: (640, 640)
set det-size: (1024, 1024)
set det-size: (640, 640)
set det-size: (1024, 1024)
set det-size: (640, 640)
set det-size: (1024, 1024)
set det-size: (640, 640)
set det-size: (1024, 1024)
set det-size: (640, 640)
set det-size: (1024, 1024)
set det-size: (640, 640)
set det-size: (1024, 1024)
set det-size: (640, 640)
set det-size: (1024, 1024)
set det-size: (640, 640)
set det-size: (1024, 1024)
set det-size: (640, 640)
set det-size: (1024, 1024)
set det-size: (640, 640)
set det-size: (1024, 1024)
set det-size: (640, 640)
set det-size: (1024, 1024)
set det-size: (640, 640)
set det-size: (1024, 1024)
set det-size: (640, 640)
set det-size: (1024, 1024)
set det-size: (640, 640)
set det-size: (1024, 1024)
set det-size: (640, 640)
set det-size: (1024, 1024)
set det-size: (640, 640)
set det-size: (1024, 1024)
set det-size: (640, 640)
set det-size: (1024, 1024)
set det-size: (640, 640)
set det-size: (1024, 1024)
set det-size: (640, 640)
set det-size: (1024, 1024)
set det-size: (640, 640)
set det-size: (1024, 1024)
set det-size: (640, 640)
set det-size: (1024, 1024)
set det-size: (640, 640)
set det-size: (1024, 1024)
set det-size: (640, 640)
set det-size: (1024, 1024)
set det-size: (640, 640)
set det-size: (1024, 1024)
set det-size: (640, 640)
set det-size: (1024, 1024)
set det-size: (640, 640)
set det-size: (1024, 1024)
set det-size: (640, 640)
set det-size: (1024, 1024)
set det-size: (640, 640)
set det-size: (1024, 1024)
set det-size: (640, 640)
set det-size: (1024, 1024)
set det-size: (640, 640)
DDG search: 15 queries x 100
LAION-5B search: 6 queries x 100
  LAION fail 'mia khalifa portrait': HTTPSConnectionPool(host='knn5.laion.ai', port=443): Max retries exceeded with url: /knn-service (Caused by NewConnectionError("HTTPSConnection(host='knn5.laion.ai', port=443): Failed to establish a new connection: [Errno 60] Operation timed out"))
  LAION fail 'mia khalifa face photo': HTTPSConnectionPool(host='knn5.laion.ai', port=443): Max retries exceeded with url: /knn-service (Caused by NewConnectionError("HTTPSConnection(host='knn5.laion.ai', port=443): Failed to establish a new connection: [Errno 60] Operation timed out"))
  LAION fail 'miakhalifa instagram selfie': HTTPSConnectionPool(host='knn5.laion.ai', port=443): Max retries exceeded with url: /knn-service (Caused by NewConnectionError("HTTPSConnection(host='knn5.laion.ai', port=443): Failed to establish a new connection: [Errno 60] Operation timed out"))
  LAION fail 'mia khalifa interview': HTTPSConnectionPool(host='knn5.laion.ai', port=443): Max retries exceeded with url: /knn-service (Caused by NewConnectionError("HTTPSConnection(host='knn5.laion.ai', port=443): Failed to establish a new connection: [Errno 60] Operation timed out"))
  LAION fail 'mia khalifa red carpet': HTTPSConnectionPool(host='knn5.laion.ai', port=443): Max retries exceeded with url: /knn-service (Caused by NewConnectionError("HTTPSConnection(host='knn5.laion.ai', port=443): Failed to establish a new connection: [Errno 60] Operation timed out"))
  LAION fail 'mia khalifa headshot': HTTPSConnectionPool(host='knn5.laion.ai', port=443): Max retries exceeded with url: /knn-service (Caused by NewConnectionError("HTTPSConnection(host='knn5.laion.ai', port=443): Failed to establish a new connection: [Errno 60] Operation timed out"))
Bing crawl: 15 queries x 100
2026-08-29 20:10:02,621 - INFO - icrawler.crawler - start crawling...
2026-08-29 20:10:02,622 - INFO - icrawler.crawler - starting 1 feeder threads...
2026-08-29 20:10:02,624 - INFO - feeder - thread feeder-001 exit
2026-08-29 20:10:02,624 - INFO - icrawler.crawler - starting 1 parser threads...
2026-08-29 20:10:02,624 - INFO - icrawler.crawler - starting 2 downloader threads...
2026-08-29 20:10:03,324 - INFO - parser - parsing result page https://www.bing.com/images/async?q=mia khalifa portrait photoshoot&first=0
2026-08-29 20:10:04,423 - INFO - downloader - image #1	http://les-stars-nues.biz/allphotos/cms/photos-news/2024/13747/MESQBSK_o.jpg
2026-08-29 20:10:04,608 - INFO - downloader - image #2	https://www.masala.com/cloud/2023/09/14/377887471_873878864082343_3106071047226586230_n.jpg
2026-08-29 20:10:05,197 - INFO - downloader - image #3	https://d.newsweek.com/en/full/2292361/mia-khalifa.jpg
2026-08-29 20:10:05,731 - ERROR - downloader - Response status code 400, file https://media.gettyimages.com/id/1500496518/es/foto/paris-france-mia-khalifa-wears-orange-squared-sunglasses-gold-necklaces-a-multicolored-print.jpg
2026-08-29 20:10:06,204 - INFO - downloader - image #4	https://i.pinimg.com/736x/6b/7d/15/6b7d1589a71f5e1874306cc1610a9d9d.jpg
2026-08-29 20:10:06,428 - INFO - downloader - image #5	https://www.hawtcelebs.com/wp-content/uploads/2024/03/mia-khalifa-for-vogue-india-december-2023-4.jpg
2026-08-29 20:10:07,935 - INFO - downloader - image #6	https://images.newsfilecorp.com/files/2017/163645_108df10c449d8a68_001full.jpg
2026-08-29 20:10:08,430 - INFO - downloader - image #7	https://wallpapers.com/images/hd/mia-khalifa-blank-stare-fzucw1n4ug3af0s3.jpg
2026-08-29 20:10:08,716 - INFO - downloader - image #8	https://blogger.googleusercontent.com/img/b/R29vZ2xl/AVvXsEgmwTeUM6B6f_m5slL9MD3c9oX7JjjsaafEmdzBzQznKEWjoGj-Dx6Zt0nzTpf-6WE_kPmlPB4raOmjatqbdGoCN6_oAtwSZzR_hwimj3q3a4sKsmzsmnCYh__e-BXvUw5MORGmPqokvmyVx4rM83APh7ZhTzE7utGYHQNtIqLgXqM8MNu6BZo_zqac-Q/s1600/Mia Khalifa2.jpg
2026-08-29 20:10:08,737 - ERROR - downloader - Response status code 400, file https://media.gettyimages.com/id/1500496519/es/foto/paris-france-mia-khalifa-wears-orange-squared-sunglasses-gold-necklaces-a-multicolored-print.jpg
2026-08-29 20:10:08,839 - INFO - downloader - image #9	https://wallpapers.com/images/hd/mia-khalifa-pictures-cus96rliebyyqrnz.jpg
2026-08-29 20:10:09,157 - ERROR - downloader - Response status code 400, file https://media.gettyimages.com/id/1458037530/es/foto/paris-france-mia-khalifa-attends-the-kenzo-menswear-fall-winter-2023-2024-show-as-part-of.jpg
2026-08-29 20:10:09,269 - INFO - downloader - image #10	https://i.pinimg.com/originals/79/43/51/7943512a7603cb0984b3b1d2c1458d02.jpg
2026-08-29 20:10:09,413 - ERROR - downloader - Response status code 400, file https://media.gettyimages.com/id/2201987809/photo/dsquared2-f-w-2025-2026-front-row.jpg
2026-08-29 20:10:09,607 - INFO - downloader - image #11	https://www.hawtcelebs.com/wp-content/uploads/2023/06/mia-khalifa-at-louis-vuitton-menswear-spring-summer-2024-show-in-paris-06-20-2023-6.jpg
2026-08-29 20:10:09,718 - INFO - downloader - image #12	https://imgcdn.stablediffusionweb.com/2024/9/22/4e368e44-9186-44d6-b7c4-74dea5a4ea3b.jpg
2026-08-29 20:10:09,753 - INFO - downloader - image #13	https://wallpapers.com/images/hd/mia-khalifa-eyeglass-selfie-d7pfaqrvfcv8fz3s.jpg
2026-08-29 20:10:10,127 - INFO - downloader - image #14	https://wallpapers.com/images/hd/mia-khalifa-wearing-a-suit-7eqmr734xd960yam.jpg
2026-08-29 20:10:10,307 - INFO - downloader - image #15	https://imgcdn.stablediffusionweb.com/2024/4/3/b508ebcc-8019-4155-b710-59f0005a2f6b.jpg
2026-08-29 20:10:10,740 - INFO - downloader - image #16	https://i.pinimg.com/736x/a2/88/33/a288336f355e865fa9047b789267920e.jpg
2026-08-29 20:10:10,797 - INFO - parser - parsing result page https://www.bing.com/images/async?q=mia khalifa portrait photoshoot&first=20
2026-08-29 20:10:10,921 - INFO - downloader - image #17	https://vulplex.com/images/featured/Sleek-Digital-Art-Wallpaper-of-Mia-Khalifa-in-Black-Glasses-and-Blue-Shirt-69e89c913c6ee.jpg
2026-08-29 20:10:11,387 - INFO - downloader - image #18	https://www.viapais.com.ar/resizer/v2/2KU3TWUVGFGTZFIVYM2XTYPLFU.jpg
2026-08-29 20:10:11,797 - INFO - downloader - image #19	https://c8.alamy.com/comp/2WN4T2T/mia-khalifa-attends-the-off-white-fallwinter-2024-2025-ready-to-wear-collection-presented-thursday-feb-29-2024-in-paris-photo-by-vianney-le-caerinvisionap-2WN4T2T.jpg
2026-08-29 20:10:12,370 - INFO - downloader - image #20	https://blogger.googleusercontent.com/img/b/R29vZ2xl/AVvXsEifFnEdG_MXJDntxnz0pK8b8-cJLMDSEWoFNA280pfYiIhq2yf2vIygVwX8wck-f-0Di4FQiepBOhapzD8LsjtEZ5bYDWvYVOTTJA6GU_Rs0MS8lrTTIBOmzL1AnWvOdwMo5hWPJtlKzFb5rgxqtEv213nmJBQ-7IhfzB-nYImLwQB46OexCXCGRA6j7w/s1600/Mia Khalifa.jpg
2026-08-29 20:10:12,736 - INFO - downloader - image #21	https://www.oneindia.com/ph-big/2023/01/photos_167517175570.jpg
2026-08-29 20:10:13,453 - INFO - downloader - image #22	https://wallpapercave.com/wp/wp5254996.jpg
2026-08-29 20:10:13,503 - INFO - downloader - image #23	https://i.ytimg.com/vi/za7Zmk4Qv_k/maxresdefault.jpg
2026-08-29 20:10:13,569 - INFO - downloader - image #24	https://c8.alamy.com/comp/2J5DG1K/las-vegas-nv-usa-21st-apr-2022-mia-khalifa-at-arrivals-for-2022-latin-american-music-awards-part-2-michelob-ultra-arena-mandalay-bay-resort-casino-las-vegas-nv-april-21-2022-credit-jaeverett-collectionalamy-live-news-2J5DG1K.jpg
2026-08-29 20:10:13,942 - INFO - downloader - image #25	https://wallpapers.com/images/hd/mia-khalifa-pictures-4phzdxvmtpkx8n2l.jpg
2026-08-29 20:10:14,539 - INFO - downloader - image #26	https://i.ytimg.com/vi/XhIkEosxZyA/maxresdefault.jpg
2026-08-29 20:10:14,719 - INFO - downloader - image #27	https://www.oneindia.com/ph-big/2022/08/photos_165953238300.jpg
2026-08-29 20:10:14,832 - INFO - downloader - image #28	https://wallpapers.com/images/hd/mia-khalifa-fierce-in-red-b32lrzr0rtbvx9dt.jpg
2026-08-29 20:10:15,012 - INFO - downloader - image #29	https://blogger.googleusercontent.com/img/b/R29vZ2xl/AVvXsEh4-sEHXPFYDjLdhGiq9BEJMjnLXQtVrwVm5zrSb87wE2uEV6qyjtP3xhPxCvw6PT_Tmefs3uDHk70NCe9_dKEysx8YcydH6K8Y8K8mVCjPRFaqHcIYgGqJ__GM9U7xK5tBAgjgXgGddDwkjqkG43EMXOoT0fN_I6U6P3KJw-MY0IGVeVlhrbkLoaVSBw/s1600/Mia Khalifa3.jpg
2026-08-29 20:10:15,243 - INFO - downloader - image #30	https://imgcdn.stablediffusionweb.com/2024/11/5/dd1ba7d2-41b4-4fec-a59d-bc73abd87e06.jpg
2026-08-29 20:10:15,452 - INFO - parser - parsing result page https://www.bing.com/images/async?q=mia khalifa portrait photoshoot&first=40
2026-08-29 20:10:15,621 - INFO - downloader - image #31	https://assets.vogue.in/photos/658aefe768afa25d49ca1c61/2:3/w_2560%2Cc_limit/Mia%2520Khalifa%2520homepage.jpg
2026-08-29 20:10:15,769 - INFO - downloader - image #32	https://www.oneindia.com/ph-big/2022/09/photos_166437180600.jpg
2026-08-29 20:10:16,283 - INFO - downloader - image #33	https://imagesvs.oneindia.com/ph-big/2022/09/photos_166437176080.jpg
2026-08-29 20:10:16,681 - INFO - downloader - image #34	https://i.mdel.net/i/db/2024/1/2127689/2127689-800w.jpg
2026-08-29 20:10:17,201 - INFO - downloader - image #35	https://www.mandatory.com/wp-content/uploads/sites/10/2025/12/17_82fe39.jpg
2026-08-29 20:10:17,422 - INFO - downloader - image #36	https://www.oneindia.com/ph-big/2022/08/photos_165953234370.jpg
2026-08-29 20:10:17,684 - INFO - downloader - image #37	https://imgcdn.stablediffusionweb.com/2025/4/19/10a8bbef-791c-4483-b7ff-d10c5fd4113f.jpg
2026-08-29 20:10:17,857 - INFO - parser - parsing result page https://www.bing.com/images/async?q=mia khalifa portrait photoshoot&first=60
2026-08-29 20:10:17,984 - INFO - downloader - image #38	https://blogger.googleusercontent.com/img/b/R29vZ2xl/AVvXsEjpi1er_ywm4vuWS_igF1IvTNeDJsEKPelYCZX-y98597qoDYfB4Rc5bpDkqrirhMycoX4pru-NuasdaePZV-sIVfyagh_Wj8hcO6ZiCKF41SvceKYzlXIHdo3hXJtkbGML21CnYEvL5-qkKY34Qr08l17Br6TqGef3-rIqiFrupIPy0KrF2nbYSXckGw/s1600/Mia Khalifa1.jpg
2026-08-29 20:10:18,177 - INFO - downloader - image #39	https://imgcdn.stablediffusionweb.com/2024/12/28/1661fad9-d9f8-4326-96c0-1fd07c5a9459.jpg
2026-08-29 20:10:18,241 - INFO - downloader - image #40	https://wallpapers.com/images/hd/mia-khalifa-pictures-5l8n7h2rgr82ezaw.jpg
2026-08-29 20:10:18,480 - INFO - downloader - image #41	https://i.pinimg.com/originals/cf/61/e4/cf61e48026bd17ec2ccc0428fecb5992.jpg
2026-08-29 20:10:18,554 - INFO - downloader - image #42	https://wallpapers.com/images/hd/mia-khalifa-digital-art-k99aq2d2f88u3rrc.jpg
2026-08-29 20:10:18,776 - INFO - downloader - image #43	https://imagesvs.oneindia.com/ph-big/2023/01/photos_167517175580.jpg
2026-08-29 20:10:18,987 - ERROR - downloader - Response status code 403, file https://preview.redd.it/mia-khalifa-sexy-and-hot-from-latest-photoshoot-v0-hlv2mt0ec3ea1.jpg
2026-08-29 20:10:19,311 - INFO - downloader - image #44	https://wallpapers.com/images/hd/summer-with-mia-khalifa-c7fb0bjzu70sic09.jpg
2026-08-29 20:10:19,387 - INFO - downloader - image #45	https://wallpapers.com/images/hd/mia-khalifa-half-smile-qde2b6g452s3kqhr.jpg
2026-08-29 20:10:19,683 - INFO - downloader - image #46	https://blogger.googleusercontent.com/img/b/R29vZ2xl/AVvXsEgmGkVoon56pBUF5tZoYx_SCbeydUadaq3L8AId1y5AqHcZrK-mXvF5q55FbMUb6PxXtO8cUnb9aO-IVaC1WV3-DsdkC0XnZTSWOeN7zNk26Qc-UIKdT1-xLs7xJde4sWL34uXhNF9ttUgj57jytU_zXJJFUtiLFRZOaIwaWXrb3iphZU99b0B_MFdB/s1280/mia-khalifa-heaven-by-marc-jacobs-campaign-1.jpg
2026-08-29 20:10:19,701 - INFO - parser - parsing result page https://www.bing.com/images/async?q=mia khalifa portrait photoshoot&first=80
2026-08-29 20:10:19,879 - INFO - downloader - image #47	https://www.oneindia.com/ph-big/2022/08/photos_165953234490.jpg
2026-08-29 20:10:19,949 - INFO - downloader - image #48	https://wallpapers.com/images/hd/mia-khalifa-pictures-b2s64gdild6q68yl.jpg
2026-08-29 20:10:20,105 - ERROR - downloader - Response status code 403, file https://preview.redd.it/mia-khalifa-sexy-and-hot-from-latest-photoshoot-v0-8mhf8t0ec3ea1.jpg
2026-08-29 20:10:20,238 - INFO - downloader - image #49	https://static.spotboye.com/uploads/Mia_Khalifa_2022-1-19-9-26-53_thumbnail_2022-2-8-13-42-35_thumbnail.jpg
2026-08-29 20:10:20,264 - ERROR - downloader - Response status code 403, file https://preview.redd.it/mia-khalifa-sexy-and-hot-from-latest-photoshoot-v0-0g7ve52ec3ea1.jpg
2026-08-29 20:10:20,452 - INFO - downloader - image #50	https://i.mdel.net/i/db/2023/10/2079109/2079109-500w.jpg
2026-08-29 20:10:21,281 - INFO - downloader - image #51	https://www.rvcj.com/wp-content/uploads/2018/11/mia-khalifa-lingerie.jpg
2026-08-29 20:10:21,506 - INFO - downloader - image #52	https://media.hero-magazine.com/wp-content/uploads/2023/09/14135150/Cover_MIA-KHALIFA_HEROINE-19_2000px.jpg
2026-08-29 20:10:22,431 - INFO - downloader - image #53	https://i.pinimg.com/originals/27/cc/e9/27cce9e233926dca3257675bc03f84e2.jpg
2026-08-29 20:10:22,485 - INFO - downloader - image #54	https://prestonswindowsoffun.wordpress.com/wp-content/uploads/2024/09/khalifa-12.jpg
2026-08-29 20:10:24,678 - INFO - downloader - image #55	https://mrwallpaper.com/images/hd/mia-khalifa-instagram-story-4wp1ii4zt58g30jz.jpg
2026-08-29 20:10:25,200 - INFO - downloader - image #56	https://imgcdn.stablediffusionweb.com/2024/10/6/747a258d-e15d-4f01-b94f-fb00bd37a67c.jpg
2026-08-29 20:10:25,603 - INFO - downloader - image #57	https://viapais.com.ar/resizer/EEmT95XTmgd08rpyymt6gcSsAsI=/1023x1278/smart/cloudfront-us-east-1.images.arcpublishing.com/grupoclarin/5GCOUYYS3JBBNIM7JXTPWU6PAI.jpg
2026-08-29 20:10:25,754 - INFO - downloader - image #58	https://mrwallpaper.com/images/hd/mia-khalifa-digital-drawing-xq319bqgkw0o07y1.jpg
2026-08-29 20:10:26,249 - INFO - downloader - image #59	https://i.pinimg.com/originals/fd/69/b0/fd69b0adcc9d45fafbccfcd029956555.jpg
2026-08-29 20:10:26,440 - INFO - downloader - image #60	https://imgcdn.stablediffusionweb.com/2024/12/31/f7242d59-225c-4f99-938a-91c09270e8ed.jpg
2026-08-29 20:10:26,500 - INFO - parser - no more page urls for thread parser-001 to parse
2026-08-29 20:10:26,500 - INFO - parser - thread parser-001 exit
2026-08-29 20:10:26,547 - INFO - downloader - image #61	https://wallpaperbat.com/img/637641-digital-painting.jpg
2026-08-29 20:10:31,446 - INFO - downloader - no more download task for thread downloader-001
2026-08-29 20:10:31,447 - INFO - downloader - thread downloader-001 exit
2026-08-29 20:10:31,552 - INFO - downloader - no more download task for thread downloader-002
2026-08-29 20:10:31,553 - INFO - downloader - thread downloader-002 exit
2026-08-29 20:10:31,748 - INFO - icrawler.crawler - Crawling task done!
2026-08-29 20:10:32,774 - INFO - icrawler.crawler - start crawling...
2026-08-29 20:10:32,774 - INFO - icrawler.crawler - starting 1 feeder threads...
2026-08-29 20:10:32,774 - INFO - feeder - thread feeder-001 exit
2026-08-29 20:10:32,774 - INFO - icrawler.crawler - starting 1 parser threads...
2026-08-29 20:10:32,775 - INFO - icrawler.crawler - starting 2 downloader threads...
2026-08-29 20:10:33,464 - INFO - parser - parsing result page https://www.bing.com/images/async?q=mia khalifa interview face&first=0
2026-08-29 20:10:34,379 - INFO - downloader - image #1	https://i.ytimg.com/vi/jMfxzJUt69E/maxresdefault.jpg
2026-08-29 20:10:34,764 - INFO - downloader - image #2	https://ichef.bbci.co.uk/images/ic/1200x675/p07lxgyv.jpg
2026-08-29 20:10:35,423 - INFO - downloader - image #3	https://i.ytimg.com/vi/ciUdNFZJpDo/maxresdefault.jpg
2026-08-29 20:10:36,244 - INFO - downloader - image #4	https://static0.thethingsimages.com/wordpress/wp-content/uploads/2022/10/Mia-Khalifa-interview.jpg
2026-08-29 20:10:36,457 - INFO - downloader - image #5	https://i.ytimg.com/vi/SlaEaN2sm14/maxresdefault.jpg
2026-08-29 20:10:36,675 - INFO - downloader - image #6	https://cherry.img.pmdstatic.net/fit/https.3A.2F.2Fimg.2Egentside.2Ede.2Fs3.2Fesgts.2F1280.2Fmia-khalifa.2Fdefault_2019-09-03_b5c3eba8-7f3e-4704-9fc8-0567be311b11.2Ejpeg/1200x675/quality/80/mia-khalifa-im-bbc-interview.jpg
2026-08-29 20:10:36,892 - INFO - downloader - image #7	https://wp.scoopwhoop.com/wp-content/uploads/2019/08/5d6a65229d041365efc80e21_7bf85aa3-9a2a-4e43-a3df-8f8396346374.jpg
2026-08-29 20:10:37,162 - INFO - downloader - image #8	https://static0.thethingsimages.com/wordpress/wp-content/uploads/2023/05/mia-khalifa-in-an-interview.jpg
2026-08-29 20:10:37,383 - INFO - downloader - image #9	https://i.ytimg.com/vi/ZEO8zOqSlnI/oar2.jpg
2026-08-29 20:10:37,864 - INFO - downloader - image #10	https://i.ytimg.com/vi/ixmU9rnRscc/hq2.jpg
2026-08-29 20:10:38,173 - INFO - downloader - image #11	https://i.ytimg.com/vi/Dg_jPcPvvM4/maxresdefault.jpg
2026-08-29 20:10:38,610 - INFO - downloader - image #12	https://www.nickiswift.com/img/gallery/the-terrifying-incident-that-changed-mia-khalifas-life-forever/intro-1652229028.jpg
2026-08-29 20:10:38,914 - INFO - downloader - image #13	https://i.ytimg.com/vi/dKLqFdmMpEI/hq720_2.jpg
2026-08-29 20:10:39,002 - ERROR - downloader - Response status code 404, file https://i.ytimg.com/vi/gHnu4lVb-aU/oar2.jpg
2026-08-29 20:10:39,030 - INFO - downloader - image #14	https://dcusoqhsuupgy.cloudfront.net/cover/YAGed000_cover_with_play_icon.jpg
2026-08-29 20:10:39,283 - INFO - downloader - image #15	https://wp.scoopwhoop.com/wp-content/uploads/2021/07/60e83b3c8a373a7f8659359a_c1361e64-bac6-44c9-b311-29a1eb5baa01.jpg
2026-08-29 20:10:39,545 - INFO - downloader - image #16	https://i.ytimg.com/vi/hwasDVOelr0/hq720.jpg
2026-08-29 20:10:39,592 - INFO - downloader - image #17	https://dwgyu36up6iuz.cloudfront.net/heru80fdn/image/upload/c_fill,d_placeholder_vogueindia.png,fl_progressive,g_face,h_1080,q_80,w_1920/v1741274007/vogueindia_mia-khalifa-gets-ready-for-the-chanel-show-at-milan-fashion-week-last-looks-vogue-india.jpg
2026-08-29 20:10:39,886 - INFO - downloader - image #18	https://i.ytimg.com/vi/bQRam_ahKLU/maxresdefault.jpg
2026-08-29 20:10:40,042 - INFO - parser - parsing result page https://www.bing.com/images/async?q=mia khalifa interview face&first=20
2026-08-29 20:10:40,334 - INFO - downloader - image #19	https://i.ytimg.com/vi/uXJYqz-vG68/oar2.jpg
2026-08-29 20:10:40,414 - INFO - downloader - image #20	https://static01.nyt.com/images/2024/10/19/autossell/TI-Mia-Onsite-Thumb/TI-Mia-Onsite-Thumb-videoSixteenByNineJumbo1600.jpg
2026-08-29 20:10:40,831 - INFO - downloader - image #21	https://static01.nyt.com/images/2024/10/27/magazine/27mag-interview-khalifa-02/27mag-interview-khalifa-02-facebookJumbo.jpg
2026-08-29 20:10:41,009 - INFO - downloader - image #22	https://i.ytimg.com/vi/RwTAgom_VX8/maxresdefault.jpg
2026-08-29 20:10:41,263 - ERROR - downloader - Response status code 403, file https://c.ndtvimg.com/2021-02/7de7cl08_mia-khalifa_625x300_12_February_21.jpg
2026-08-29 20:10:41,370 - INFO - downloader - image #23	https://media.themoviedb.org/t/p/w600_and_h900_face/kTyiUhfDBSy6VewznroJLqcqPhd.jpg
2026-08-29 20:10:41,920 - INFO - downloader - image #24	https://i.ytimg.com/vi/AEF8ApDAY9s/maxresdefault.jpg
2026-08-29 20:10:42,241 - INFO - downloader - image #25	https://i.ytimg.com/vi/6SP1TZPBikM/maxresdefault.jpg
2026-08-29 20:10:42,455 - INFO - downloader - image #26	https://wp.scoopwhoop.com/wp-content/uploads/2020/06/5ef2fdcd18ac814c4104515c_30528c3b-d071-4f2b-868f-7449baba8208.jpg
2026-08-29 20:10:42,765 - INFO - downloader - image #27	https://i.ytimg.com/vi/HHzyFlfMLx0/hq720_2.jpg
2026-08-29 20:10:42,909 - INFO - downloader - image #28	https://static.india.com/wp-content/uploads/2019/09/mia-khalifa-interview-main.jpg
2026-08-29 20:10:43,072 - INFO - downloader - image #29	https://wp.scoopwhoop.com/wp-content/uploads/2019/08/5d53c2b4e2a04c57823e3d36_5cea1a60-2751-4c47-b089-f0e0641311f3.jpg
2026-08-29 20:10:43,124 - INFO - parser - parsing result page https://www.bing.com/images/async?q=mia khalifa interview face&first=40
2026-08-29 20:10:43,464 - INFO - downloader - image #30	https://i.ytimg.com/vi/jLaZd_md-Y4/oar2.jpg
2026-08-29 20:10:44,193 - INFO - downloader - image #31	https://mmnews.tv/wp-content/uploads/2024/11/Mia-Khalifa.jpg
2026-08-29 20:10:44,321 - INFO - downloader - image #32	https://i2-prod.dailystar.co.uk/article33435982.ece/ALTERNATES/s1200/1_Twitter.jpg
2026-08-29 20:10:44,625 - INFO - downloader - image #33	https://i.ytimg.com/vi/cy2HHw7KPuU/maxresdefault.jpg
2026-08-29 20:10:45,104 - INFO - downloader - image #34	https://i.ytimg.com/vi/oM0eq5ft2ck/maxresdefault.jpg
2026-08-29 20:10:45,433 - INFO - downloader - image #35	https://i2-prod.dailystar.co.uk/incoming/article30293786.ece/ALTERNATES/s1200/1_Bluemarble-show-Front-Row-Spring-Summer-2024-Paris-Fashion-Week-Mens-France-21-Jun-2023.jpg
2026-08-29 20:10:45,786 - INFO - downloader - image #36	https://i.ytimg.com/vi/mwEB8cIsvxE/maxres2.jpg
2026-08-29 20:10:45,842 - INFO - downloader - image #37	https://sm.mashable.com/mashable_me/seo/2/27304/27304_jpa2.jpg
2026-08-29 20:10:46,039 - INFO - downloader - image #38	https://wp.scoopwhoop.com/wp-content/uploads/2019/08/5d53c2b4e2a04c57823e3d36_df91a285-79a7-430c-8ccd-58f35a2806b2.jpg
2026-08-29 20:10:48,364 - INFO - downloader - image #39	https://instafamosos.com.br/wp-content/uploads/2024/09/instagram-mia-khalifa-1-730x438.jpg
2026-08-29 20:10:48,415 - INFO - downloader - image #40	https://cdn.dnaindia.com/sites/default/files/styles/full/public/2019/09/01/864454-mia-khalifa-bbc-interview.jpg
2026-08-29 20:10:48,728 - INFO - parser - parsing result page https://www.bing.com/images/async?q=mia khalifa interview face&first=60
2026-08-29 20:10:48,859 - INFO - downloader - image #41	https://i.ytimg.com/vi/CffKZqgoCSw/hq2.jpg
2026-08-29 20:10:49,565 - INFO - downloader - image #42	https://i.ytimg.com/vi/QRCFV6Cm4js/maxresdefault.jpg
2026-08-29 20:10:50,042 - INFO - downloader - image #43	https://i.ytimg.com/vi/W4tEDzZIlTk/maxresdefault.jpg
2026-08-29 20:10:51,686 - INFO - downloader - image #44	https://d.newsweek.com/en/full/2296063/mia-khalifa.jpg
2026-08-29 20:10:52,188 - INFO - downloader - image #45	https://i.ytimg.com/vi/2CYILVoufrY/maxresdefault.jpg
2026-08-29 20:10:52,402 - INFO - parser - parsing result page https://www.bing.com/images/async?q=mia khalifa interview face&first=80
2026-08-29 20:10:52,815 - INFO - downloader - image #46	https://www.gymbuddynow.com/storage/uploads/Face Closeup_1697626404.jpg
2026-08-29 20:10:53,151 - INFO - downloader - image #47	https://i.ytimg.com/vi/cSBUebNM0Iw/maxresdefault.jpg
2026-08-29 20:10:54,208 - INFO - downloader - image #48	https://image.simplecastcdn.com/images/89dbd88c-2405-42ec-ac2f-5f0877183f6d/81ae6c00-61ad-49ce-9fd0-77c3fd650172/3000x3000/19theinterview-applespotify-small.jpg
2026-08-29 20:10:54,369 - INFO - downloader - image #49	https://whereisthebuzz.com/wp-content/uploads/2026/03/img_8604.jpg
2026-08-29 20:10:54,787 - INFO - downloader - image #50	https://i.ytimg.com/vi/yp3AC0bPuMc/maxresdefault.jpg
2026-08-29 20:10:54,893 - ERROR - downloader - Response status code 403, file https://www.devdiscourse.com/remote.axd?https://devdiscourse.blob.core.windows.net/devnews/24_08_2019_11_46_57_1450814.jpg
2026-08-29 20:10:55,544 - INFO - downloader - image #51	https://i.ytimg.com/vi/lr3XcnZOWrU/maxresdefault.jpg
2026-08-29 20:10:55,615 - INFO - downloader - image #52	https://static01.nyt.com/images/2024/10/27/magazine/27mag-interview-khalifa-02/27mag-interview-khalifa-02-videoSixteenByNine3000.jpg
2026-08-29 20:10:56,036 - INFO - downloader - image #53	https://i.ytimg.com/vi/MmwcsRCM4RE/maxresdefault.jpg
2026-08-29 20:10:56,769 - INFO - downloader - image #54	https://i2-prod.dailystar.co.uk/article34555644.ece/ALTERNATES/s1200/1_mia3.jpg
2026-08-29 20:10:57,143 - INFO - downloader - image #55	https://wallpapers.com/images/hd/mia-khalifa-pictures-wlbmtdpvqmkdionm.jpg
2026-08-29 20:10:57,256 - INFO - downloader - image #56	https://wallpapers.com/images/hd/mia-khalifa-half-smile-qde2b6g452s3kqhr.jpg
2026-08-29 20:10:57,550 - INFO - parser - no more page urls for thread parser-001 to parse
2026-08-29 20:10:57,550 - INFO - parser - thread parser-001 exit
2026-08-29 20:10:57,729 - INFO - downloader - image #57	https://i.ytimg.com/vi/Zh0dWBg1q0U/hqdefault.jpg
2026-08-29 20:10:58,024 - INFO - downloader - image #58	https://gumlet.vikatan.com/vikatan/2019-08/7e938048-c8c6-418b-86f1-2aee5083262c/7395eccb48a366ded706f19d7e58c36c.jpg
2026-08-29 20:11:02,736 - INFO - downloader - no more download task for thread downloader-001
2026-08-29 20:11:02,736 - INFO - downloader - thread downloader-001 exit
2026-08-29 20:11:03,031 - INFO - downloader - no more download task for thread downloader-002
2026-08-29 20:11:03,031 - INFO - downloader - thread downloader-002 exit
2026-08-29 20:11:03,888 - INFO - icrawler.crawler - Crawling task done!
2026-08-29 20:11:04,912 - INFO - icrawler.crawler - start crawling...
2026-08-29 20:11:04,912 - INFO - icrawler.crawler - starting 1 feeder threads...
2026-08-29 20:11:04,913 - INFO - feeder - thread feeder-001 exit
2026-08-29 20:11:04,913 - INFO - icrawler.crawler - starting 1 parser threads...
2026-08-29 20:11:04,913 - INFO - icrawler.crawler - starting 2 downloader threads...
2026-08-29 20:11:05,704 - INFO - parser - parsing result page https://www.bing.com/images/async?q=mia khalifa red carpet&first=0
2026-08-29 20:11:06,126 - ERROR - downloader - Response status code 400, file https://media.gettyimages.com/id/1354112505/photo/the-22nd-annual-latin-grammy-awards-red-carpet.jpg
2026-08-29 20:11:06,175 - ERROR - downloader - Response status code 400, file https://media.gettyimages.com/id/1354127398/photo/the-22nd-annual-latin-grammy-awards-red-carpet.jpg
2026-08-29 20:11:06,481 - INFO - downloader - image #1	https://c8.alamy.com/comp/2XC6K4X/milan-italien-15th-june-2024-mia-khalifa-attends-dsquared2-springsummer-2025-runway-during-milan-fashion-week-menswear-on-june-2024-milan-italy-14062024-credit-dpaalamy-live-news-2XC6K4X.jpg
2026-08-29 20:11:09,144 - INFO - downloader - image #2	https://www.hawtcelebs.com/wp-content/uploads/2023/06/mia-khalifa-at-louis-vuitton-menswear-spring-summer-2024-show-in-paris-06-20-2023-3.jpg
2026-08-29 20:11:09,148 - INFO - downloader - image #3	https://images.dailycaller.com/image/width=1280,height=549,fit=cover,format=webp,f=auto/https://cdn01.dailycaller.com/wp-content/uploads/2023/07/Mia-Khalifa-and-Gal-Gadot-e1689011539832.jpg
2026-08-29 20:11:09,648 - INFO - downloader - image #4	https://www.billboard.com/wp-content/uploads/2022/04/Jhay-Cortez-and-Mia-Khalifa-latin-amas-2022-red-carpet-billboard-1548.jpg
2026-08-29 20:11:10,098 - INFO - downloader - image #5	https://www.the-sun.com/wp-content/uploads/sites/6/2023/09/NINTCHDBPICT000845811906.jpg
2026-08-29 20:11:10,367 - ERROR - downloader - Response status code 400, file https://media.gettyimages.com/id/1458037530/es/foto/paris-france-mia-khalifa-attends-the-kenzo-menswear-fall-winter-2023-2024-show-as-part-of.jpg
2026-08-29 20:11:10,573 - INFO - downloader - image #6	https://i.ytimg.com/vi/c-SXdAzZ1rc/hq720_2.jpg
2026-08-29 20:11:11,183 - INFO - downloader - image #7	https://mpyanews.com/wp-content/uploads/2024/01/Shutterstock_12608689pu.jpg
2026-08-29 20:11:12,331 - INFO - downloader - image #8	https://www.hawtcelebs.com/wp-content/uploads/2023/06/mia-khalifa-at-ludovic-de-saint-sernin-menswear-spring-summer-2024-show-in-paris-06-25-2023-2.jpg
2026-08-29 20:11:12,529 - INFO - downloader - image #9	https://cloudfront-us-east-1.images.arcpublishing.com/eluniversal/NTYFH5NOZBBMLM3JK4FG4OTRUA.jpg
2026-08-29 20:11:12,584 - INFO - downloader - image #10	https://www.billboard.com/wp-content/uploads/2021/11/mia-khalifa-jhay-cortez-grammy-red-carpet-2021-billboard-1548.jpg
2026-08-29 20:11:12,645 - INFO - downloader - image #11	https://c8.alamy.com/comp/2J5DG19/las-vegas-nv-usa-21st-apr-2022-mia-khalifa-jhay-cortez-at-arrivals-for-2022-latin-american-music-awards-part-2-michelob-ultra-arena-mandalay-bay-resort-casino-las-vegas-nv-april-21-2022-credit-jaeverett-collectionalamy-live-news-2J5DG19.jpg
2026-08-29 20:11:13,848 - INFO - downloader - image #12	https://www.hawtcelebs.com/wp-content/uploads/2023/06/mia-khalifa-at-louis-vuitton-menswear-spring-summer-2024-show-in-paris-06-20-2023-4.jpg
2026-08-29 20:11:14,487 - INFO - downloader - image #13	https://www.les-stars-nues.biz/allphotos/cms/photos-news/2024/13603/thumbs/Mia_Khalifa_at_Schiaparelli_Show_at_Paris_Fashion_Week_02_29_2024__2_.jpg
2026-08-29 20:11:14,727 - INFO - downloader - image #14	https://www.hawtcelebs.com/wp-content/uploads/2023/02/mia-khalifa-at-gcds-fashion-show-at-milan-fashion-week-02-23-2023-1.jpg
2026-08-29 20:11:15,562 - ERROR - downloader - Response status code 202, file https://www.show.news/img/2021/05/18/mia-khalifa-modelo-y-empresaria-libanesa.jpg
2026-08-29 20:11:16,451 - INFO - downloader - image #15	https://i.ytimg.com/vi/c-SXdAzZ1rc/maxresdefault.jpg
2026-08-29 20:11:16,870 - ERROR - downloader - Response status code 403, file https://celebmafia.com/wp-content/uploads/2024/03/mia-khalifa-at-schiaparelli-show-during-paris-fashion-week-02-29-2024-2.jpg
2026-08-29 20:11:16,973 - INFO - downloader - image #16	https://wallpapers.com/images/hd/mia-khalifa-pictures-4y2cchoty3pi6r2k.jpg
2026-08-29 20:11:17,704 - INFO - downloader - image #17	https://remezcla.com/wp-content/uploads/sites/3/2022/09/GettyImages-1392876893.jpg
2026-08-29 20:11:18,082 - ERROR - downloader - Response status code 400, file https://media.gettyimages.com/id/1457768408/photo/paris-france-mia-khalifa-seen-wearing-an-oversized-white-and-red-striped-blouse-and-white.jpg
2026-08-29 20:11:18,646 - INFO - downloader - image #18	https://mpyanews.com/wp-content/uploads/2024/01/1649422369-300x300.jpg
2026-08-29 20:11:18,809 - INFO - downloader - image #19	https://www.hawtcelebs.com/wp-content/uploads/2023/06/mia-khalifa-at-louis-vuitton-menswear-spring-summer-2024-show-in-paris-06-20-2023-2.jpg
2026-08-29 20:11:19,401 - INFO - downloader - image #20	https://c8.alamy.com/compit/2nyrtxd/mia-khalifa-poses-before-the-off-white-fall-winter-2023-2024-ready-to-wear-collection-presented-thursday-march-2-2023-in-paris-vianney-le-caer-invision-ap-2nyrtxd.jpg
2026-08-29 20:11:19,404 - INFO - parser - parsing result page https://www.bing.com/images/async?q=mia khalifa red carpet&first=20
2026-08-29 20:11:19,556 - INFO - downloader - image #21	https://l450v.alamy.com/450v/2j5dfx7/las-vegas-nv-usa-21st-apr-2022-mia-khalifa-jhay-cortez-at-arrivals-for-2022-latin-american-music-awards-part-2-michelob-ultra-arena-mandalay-bay-resort-casino-las-vegas-nv-april-21-2022-credit-jaeverett-collectionalamy-live-news-2j5dfx7.jpg
2026-08-29 20:11:20,760 - INFO - downloader - image #22	https://www.hawtcelebs.com/wp-content/uploads/2023/06/mia-khalifa-at-louis-vuitton-menswear-spring-summer-2024-show-in-paris-06-20-2023-5.jpg
2026-08-29 20:11:21,243 - INFO - downloader - image #23	https://www.hawtcelebs.com/wp-content/uploads/2023/02/mia-khalifa-at-gcds-fashion-show-at-milan-fashion-week-02-23-2023-0.jpg
2026-08-29 20:11:21,989 - INFO - downloader - image #24	https://www.hawtcelebs.com/wp-content/uploads/2023/06/mia-khalifa-at-louis-vuitton-menswear-spring-summer-2024-show-in-paris-06-20-2023-6.jpg
2026-08-29 20:11:22,060 - INFO - downloader - image #25	https://wallpapers.com/images/hd/mia-khalifa-pictures-xi0tdysctgckkurx.jpg
2026-08-29 20:11:23,208 - INFO - downloader - image #26	https://i2-prod.dailystar.co.uk/incoming/article29060006.ece/ALTERNATES/s615b/1_Satanic-Mia-Khalifa-slammed-by-Christians-by-comparing-herself-to-the-Virgin-Mary.jpg
2026-08-29 20:11:23,256 - INFO - downloader - image #27	https://www.hawtcelebs.com/wp-content/uploads/2022/01/mia-khalifa-and-jhay-cortez-at-nobu-in-malibu-01-30-2022-6_thumbnail.jpg
2026-08-29 20:11:23,545 - ERROR - downloader - Response status code 403, file https://celebmafia.com/wp-content/uploads/2023/06/mia-khalifa-louis-vuitton-menswear-spring-summer-2024-show-in-paris-06-20-2023-0.jpg
2026-08-29 20:11:23,600 - ERROR - downloader - Response status code 403, file https://celebmafia.com/wp-content/uploads/2023/06/mia-khalifa-louis-vuitton-menswear-spring-summer-2024-show-in-paris-06-20-2023-3.jpg
2026-08-29 20:11:24,176 - INFO - downloader - image #28	https://heraldodemexico.com.mx/u/fotografias/m/2022/10/20/f768x1-600499_600626_15.jpg
2026-08-29 20:11:24,481 - INFO - parser - parsing result page https://www.bing.com/images/async?q=mia khalifa red carpet&first=40
2026-08-29 20:11:24,511 - INFO - downloader - image #29	https://thumbs.dreamstime.com/b/actress-mia-maestro-arrives-red-carpet-premiere-action-movie-hit-mission-impossible-iii-ziegfeld-theatre-new-253304643.jpg
2026-08-29 20:11:25,574 - INFO - downloader - image #30	https://www.hawtcelebs.com/wp-content/uploads/2023/02/mia-khalifa-at-gcds-fashion-show-at-milan-fashion-week-02-23-2023-1_thumbnail.jpg
2026-08-29 20:11:26,058 - INFO - downloader - image #31	https://assets.newsweek.com/wp-content/uploads/2025/08/2422724-mia-khalifa-red-carpet.jpg
2026-08-29 20:11:26,461 - INFO - downloader - image #32	https://d.newsweek.com/en/full/2296063/mia-khalifa.jpg
2026-08-29 20:11:27,191 - INFO - downloader - image #33	https://media.npr.org/assets/img/2021/11/19/ponders-npr-2021-latin-grammeys--9364_custom-18bf9a89743b2aab30673eee9f7e439886c57020-s1200.jpg
2026-08-29 20:11:27,359 - INFO - downloader - image #34	https://assets.newsweek.com/wp-content/uploads/2025/08/2329455-mia-khalifa.jpg
2026-08-29 20:11:27,499 - INFO - downloader - image #35	https://i.ytimg.com/vi/nBRGxJ-JY7A/oardefault.jpg
2026-08-29 20:11:27,761 - INFO - downloader - image #36	https://wallpapers.com/images/hd/mia-khalifa-wearing-red-jacket-f4ysaz0llz17qi0s.jpg
2026-08-29 20:11:28,344 - INFO - downloader - image #37	https://viapais.com.ar/resizer/1NkJcfJWaSeuJ1hLccz-iGAD9ms=/0x0:0x0/980x640/filters:quality(80):format(webp)/cloudfront-us-east-1.images.arcpublishing.com/grupoclarin/ALGZ7YI6GZEWVJLZWYTRKDF7RA.jpg
2026-08-29 20:11:28,601 - INFO - downloader - image #38	https://www.hawtcelebs.com/wp-content/uploads/2023/05/mia-khalifa-in-huck-magazine-spring-summer-2023-8.jpg
2026-08-29 20:11:28,621 - INFO - downloader - image #39	https://viapais.com.ar/resizer/KUeA2F98dbGurqyGZoLwuFAS1xk=/980x640/smart/cloudfront-us-east-1.images.arcpublishing.com/grupoclarin/6RDTCGCAAFC7DECMCBGIW5N6PU.jpg
2026-08-29 20:11:28,960 - INFO - parser - parsing result page https://www.bing.com/images/async?q=mia khalifa red carpet&first=60
2026-08-29 20:11:30,409 - INFO - downloader - image #40	https://masterherald.com/wp-content/uploads/2015/02/mia-khalifa.jpg
2026-08-29 20:11:30,705 - INFO - downloader - image #41	https://www.viapais.com.ar/resizer/v2/2KU3TWUVGFGTZFIVYM2XTYPLFU.jpg
2026-08-29 20:11:32,336 - INFO - downloader - image #42	https://s.24.hu/app/uploads/2024/06/mia-khalifa-1536x864.jpg
2026-08-29 20:11:32,713 - INFO - downloader - image #43	https://www.mojeh.com/wp-content/uploads/2026/01/2-9-1024x768.jpg
2026-08-29 20:11:33,030 - INFO - downloader - image #44	https://viapais.com.ar/resizer/u00PWZNNR1QB7Ha2PMoHCvtAyf8=/1023x1264/smart/cloudfront-us-east-1.images.arcpublishing.com/grupoclarin/EW44W4HM2JEXNFLQSYZ4ZQ3LUE.jpg
2026-08-29 20:11:33,198 - INFO - downloader - image #45	https://wallpapers.com/images/file/mia-khalifa-pictures-xi0tdysctgckkurx.jpg
2026-08-29 20:11:33,319 - INFO - downloader - image #46	https://mmnews.tv/wp-content/uploads/2023/05/mia-khalifa.jpg
2026-08-29 20:11:34,606 - INFO - downloader - image #47	https://i2-prod.dailystar.co.uk/article29060006.ece/ALTERNATES/s1200e/1_Satanic-Mia-Khalifa-slammed-by-Christians-by-comparing-herself-to-the-Virgin-Mary.jpg
2026-08-29 20:11:35,137 - INFO - downloader - image #48	https://www.the-sun.com/wp-content/uploads/sites/6/2023/09/mia-khalifa-wows-fans-sensational-843717148.jpg
2026-08-29 20:11:35,280 - INFO - downloader - image #49	https://viapais.com.ar/resizer/-sXLWlOSo-oPOWisqh99uV9Yc84=/980x640/smart/filters:quality(75):format(webp)/cloudfront-us-east-1.images.arcpublishing.com/grupoclarin/O4SQS7X42JEXHBJ25ZK6XAGFBQ.jpg
2026-08-29 20:11:35,348 - INFO - downloader - image #50	https://wallpapers.com/images/hd/mia-khalifa-pictures-wlbmtdpvqmkdionm.jpg
2026-08-29 20:11:35,905 - INFO - downloader - image #51	https://static.spotboye.com/uploads/Mia_Khalifa_(1)_2023-8-21-14-44-34_thumbnail_2023-8-24-13-24-32_thumbnail_2023-9-11-12-52-55_thumbnail_2023-9-25-7-39-12_thumbnail_2023-10-5-11-18-14_thumbnail.jpg
2026-08-29 20:11:35,934 - INFO - parser - parsing result page https://www.bing.com/images/async?q=mia khalifa red carpet&first=80
2026-08-29 20:11:36,640 - INFO - downloader - image #52	https://moodmagazin.com/wp-content/uploads/2026/04/389084-872x1024.jpg
2026-08-29 20:11:37,309 - INFO - downloader - image #53	https://www.desiblitz.com/wp-content/uploads/2022/11/Mia-Khalifa-titillates-Fans-with-her-Shoes-3.jpg
2026-08-29 20:11:37,775 - INFO - downloader - image #54	https://d.newsweek.com/en/full/2292361/mia-khalifa.jpg
2026-08-29 20:11:38,371 - INFO - downloader - image #55	https://www.newindian.in/wp-content/uploads/2023/10/New-Project-9.jpg
2026-08-29 20:11:40,482 - INFO - downloader - image #56	https://www.bladna.nl/img/jpg/mia-khalifa-marokko.jpg
2026-08-29 20:11:41,698 - INFO - downloader - image #57	https://d.newsweek.com/en/full/2329455/mia-khalifa.jpg
2026-08-29 20:11:41,812 - INFO - downloader - image #58	https://www.soho.co/resizer/9lkCEAkiSSgiSrhP6l8_chosy58=/1280x720/smart/filters:format(jpg):quality(80)/cloudfront-us-east-1.images.arcpublishing.com/semana/URSANASDVRDMTNT2V5X7FW3O44.jpg
2026-08-29 20:11:42,356 - INFO - downloader - image #59	https://orah.co/wp-content/uploads/2024/08/Thumb_Mia_Khalifa_2023_Web_Nueva-1440x1080-1.jpg
2026-08-29 20:11:43,435 - INFO - downloader - image #60	https://media.losandes.com.ar/adjuntos/368/migration/resizer/s_Hvl2fcqAvgiFKZKbYsUXskDXg=/1023x1278/smart/cloudfront-us-east-1.images.arcpublishing.com/grupoclarin/4OGTX6OCQVCHZKKZ3JKDYX5WOQ.jpg
2026-08-29 20:11:43,749 - ERROR - downloader - Response status code 403, file https://celebmafia.com/wp-content/uploads/2022/09/mia-goth-pearl-red-carpet-at-venice-film-festival-09-03-2022-7.jpg
2026-08-29 20:11:44,540 - INFO - downloader - image #61	https://instafamosos.com.br/wp-content/uploads/2024/07/instagram-mia-khalifa-730x438.jpg
2026-08-29 20:11:44,817 - INFO - downloader - image #62	https://i2-prod.dailystar.co.uk/article29060006.ece/ALTERNATES/s1200/1_Satanic-Mia-Khalifa-slammed-by-Christians-by-comparing-herself-to-the-Virgin-Mary.jpg
2026-08-29 20:11:45,048 - INFO - downloader - image #63	https://wallpapers.com/images/hd/mia-khalifa-courtside-seat-npxp6z2i3cv65pn2.jpg
2026-08-29 20:11:45,338 - INFO - downloader - image #64	https://static.jewishnews.co.uk/jewishnews/uploads/2023/07/Twitter.jpg
2026-08-29 20:11:45,447 - INFO - parser - no more page urls for thread parser-001 to parse
2026-08-29 20:11:45,447 - INFO - parser - thread parser-001 exit
2026-08-29 20:11:46,474 - INFO - downloader - image #65	https://highxtar.com/wp-content/uploads/2023/04/highxtar-wiz-mia-khalifa-1024x576.jpg
2026-08-29 20:11:47,241 - INFO - downloader - image #66	https://cdnph.upi.com/svc/sv/upi/9721696796552/2023/1/c3efe8e39230fa07362f7424f0d5d7fb/Kylie-Jenner-posts-then-deletes-pro-Israel-messages-as-Mia-Khalifa-supports-Palestine.jpg
2026-08-29 20:11:51,485 - INFO - downloader - no more download task for thread downloader-001
2026-08-29 20:11:51,486 - INFO - downloader - thread downloader-001 exit
2026-08-29 20:11:52,244 - INFO - downloader - no more download task for thread downloader-002
2026-08-29 20:11:52,244 - INFO - downloader - thread downloader-002 exit
2026-08-29 20:11:52,362 - INFO - icrawler.crawler - Crawling task done!
2026-08-29 20:11:53,387 - INFO - icrawler.crawler - start crawling...
2026-08-29 20:11:53,387 - INFO - icrawler.crawler - starting 1 feeder threads...
2026-08-29 20:11:53,388 - INFO - feeder - thread feeder-001 exit
2026-08-29 20:11:53,388 - INFO - icrawler.crawler - starting 1 parser threads...
2026-08-29 20:11:53,388 - INFO - icrawler.crawler - starting 2 downloader threads...
2026-08-29 20:11:54,059 - INFO - parser - parsing result page https://www.bing.com/images/async?q=mia khalifa instagram selfie&first=0
2026-08-29 20:11:55,347 - INFO - downloader - image #1	https://www.realitytea.com/wp-content/uploads/sites/6/2025/11/Mia-Khalifas-Selfie-in-Daring-Top-Demands-Attention.jpg
2026-08-29 20:11:55,835 - INFO - downloader - image #2	https://viapais.com.ar/resizer/PkyeYzmCm1PcippTBxUkR8PoWjw=/1023x1278/smart/cloudfront-us-east-1.images.arcpublishing.com/grupoclarin/S2KMWQCKAVA7FD5BZ7T6U2G5WQ.jpg
2026-08-29 20:11:56,544 - INFO - downloader - image #3	https://ofuxico.com.br/wp-content/uploads/2021/07/mia-khalifa-em-selfie-solar-1050x700.jpg
2026-08-29 20:11:57,062 - INFO - downloader - image #4	https://www.viapais.com.ar/resizer/v2/GCCBKTC74RFKFPHSJIMB25F2PA.jpg
2026-08-29 20:12:00,427 - INFO - downloader - image #5	https://www.revistaclase.mx/sites/default/files/styles/v2022_detalle_nota_mobile/public/field/image/mia-khalifa-selfie.jpg
2026-08-29 20:12:00,752 - INFO - downloader - image #6	https://www.oneindia.com/ph-big/2022/08/photos_166091454500.jpg
2026-08-29 20:12:01,036 - INFO - downloader - image #7	https://www.soho.co/resizer/euOyg6BoK40ZPwIiQz-KCCZQBVQ=/1280x720/smart/filters:format(jpg):quality(80)/cloudfront-us-east-1.images.arcpublishing.com/semana/R67SL5P6DBCFLP6OY3VWLQDQLQ.jpg
2026-08-29 20:12:01,146 - INFO - downloader - image #8	https://www.viapais.com.ar/resizer/v2/2KU3TWUVGFGTZFIVYM2XTYPLFU.jpg
2026-08-29 20:12:03,064 - INFO - downloader - image #9	https://www.hawtcelebs.com/wp-content/uploads/2026/04/mia-khalifa-instagram-photos-03-31-2026-9.jpg
2026-08-29 20:12:03,215 - INFO - downloader - image #10	https://www.ofuxico.com.br/wp-content/uploads/2021/07/mia-khalifa-selfie.jpg
2026-08-29 20:12:03,297 - ERROR - downloader - Response status code 403, file https://www.revistaclase.mx/resizer/v2/3BSUT2DKMJBBFGJ3E6DH4ZSK3Y.jpg
2026-08-29 20:12:03,947 - INFO - downloader - image #11	https://i.pinimg.com/originals/78/c2/68/78c26834fb564aedb53d3a3504f3e518.jpg
2026-08-29 20:12:04,124 - INFO - downloader - image #12	https://www.realitytea.com/wp-content/uploads/sites/6/2026/04/Mia-Khalifa-1-1.jpg
2026-08-29 20:12:04,348 - INFO - downloader - image #13	https://wallpapers.com/images/hd/mia-khalifa-eyeglass-selfie-d7pfaqrvfcv8fz3s.jpg
2026-08-29 20:12:04,979 - INFO - parser - parsing result page https://www.bing.com/images/async?q=mia khalifa instagram selfie&first=20
2026-08-29 20:12:06,384 - INFO - downloader - image #14	https://www.hawtcelebs.com/wp-content/uploads/2026/03/mia-khalifa-instagram-photos-02-28-2026-36.jpg
2026-08-29 20:12:08,222 - INFO - downloader - image #15	https://www.hawtcelebs.com/wp-content/uploads/2026/03/mia-khalifa-instagram-photos-03-03-2026-1.jpg
2026-08-29 20:12:08,431 - INFO - downloader - image #16	https://wallpapers.com/images/hd/mia-khalifa-instagram-story-4wp1ii4zt58g30jz.jpg
2026-08-29 20:12:09,512 - INFO - downloader - image #17	https://1.bp.blogspot.com/-TNyEoEpvPAk/WPm1iiwFU1I/AAAAAAAASUg/abKYtAd97HcSEPJxesby3FvR3h3xpzBaQCLcB/s640/Mia-Khalifa-New-Lastest-Image%2B%25281%2529.jpg
2026-08-29 20:12:10,548 - INFO - downloader - image #18	https://www.thefashionspot.com/wp-content/uploads/sites/11/2026/06/Mia-Khalifa-selfie.jpg
2026-08-29 20:12:10,728 - INFO - downloader - image #19	https://www.stylethatmatters.com/img/14168966327816.jpg
2026-08-29 20:12:11,279 - INFO - downloader - image #20	https://heraldodemexico.com.mx/u/fotografias/m/2020/9/25/f1280x720-5092_136767_5050.jpg
2026-08-29 20:12:11,879 - INFO - downloader - image #21	https://img.gurugamer.com/resize/740x-/2020/06/16/1-miakhalifa-92319441-611182316406176-685795978186-8ace.jpg
2026-08-29 20:12:12,725 - INFO - downloader - image #22	https://viapais.com.ar/resizer/j3xlQNTFWqTveg9tKrVtxvoA2Fc=/1023x1206/smart/cloudfront-us-east-1.images.arcpublishing.com/grupoclarin/GHEAVS6JLBCUVEV4NSUPNT4QR4.jpg
2026-08-29 20:12:12,804 - INFO - downloader - image #23	https://www.hawtcelebs.com/wp-content/uploads/2026/04/mia-khalifa-instagram-photos-04-03-2026-1.jpg
2026-08-29 20:12:13,186 - INFO - downloader - image #24	https://1.bp.blogspot.com/-TNyEoEpvPAk/WPm1iiwFU1I/AAAAAAAASUg/abKYtAd97HcSEPJxesby3FvR3h3xpzBaQCLcB/w1200-h630-p-k-no-nu/Mia-Khalifa-New-Lastest-Image%2B%25281%2529.jpg
2026-08-29 20:12:14,751 - INFO - downloader - image #25	https://www.hawtcelebs.com/wp-content/uploads/2026/03/mia-khalifa-instagram-photos-03-04-2026-6_thumbnail.jpg
2026-08-29 20:12:15,901 - INFO - downloader - image #26	https://phantom-marca.unidadeditorial.es/b9c9b5a0b04b952059eaddf2f0cae25a/assets/multimedia/imagenes/2019/01/10/15471207687986.jpg
2026-08-29 20:12:16,123 - ERROR - downloader - Response status code 403, file https://preview.redd.it/instagram-story-v0-m9xf3j7vq7mb1.jpg
2026-08-29 20:12:16,454 - INFO - parser - parsing result page https://www.bing.com/images/async?q=mia khalifa instagram selfie&first=40
2026-08-29 20:12:16,615 - INFO - downloader - image #27	https://www.hawtcelebs.com/wp-content/uploads/2026/04/mia-khalifa-instagram-photos-04-13-2026-4.jpg
2026-08-29 20:12:17,018 - INFO - downloader - image #28	https://imagesvs.oneindia.com/ph-big/2022/08/photos_1661775923120.jpg
2026-08-29 20:12:17,096 - INFO - downloader - image #29	https://www.thefashionspot.com/wp-content/uploads/sites/11/2026/04/Mia-Khalifa-1-1.jpg
2026-08-29 20:12:18,039 - INFO - downloader - image #30	https://www.thesun.ie/wp-content/uploads/sites/3/2023/06/desert-baby-812503806-1.jpg
2026-08-29 20:12:18,146 - INFO - downloader - image #31	https://www.hawtcelebs.com/wp-content/uploads/2026/04/mia-khalifa-instagram-photos-04-24-2026-11.jpg
2026-08-29 20:12:19,253 - INFO - downloader - image #32	https://i2-prod.dailystar.co.uk/incoming/article24519518.ece/ALTERNATES/s615b/1_miakhalifa_198652783_410387199986025_5118850515229147020_n.jpg
2026-08-29 20:12:20,699 - INFO - downloader - image #33	https://www.elcentavo.co/wp-content/uploads/2023/10/Mia-Khalifa-@miakhalifa-Instagram-1024x585.jpg
2026-08-29 20:12:21,023 - INFO - downloader - image #34	https://www.hawtcelebs.com/wp-content/uploads/2026/03/mia-khalifa-instagram-photos-03-25-2026-3.jpg
2026-08-29 20:12:21,944 - INFO - downloader - image #35	https://s4.kh1.co/33/33c6ca2a47dc6469871525d4c315b06446b4debc.jpg
2026-08-29 20:12:22,325 - INFO - parser - parsing result page https://www.bing.com/images/async?q=mia khalifa instagram selfie&first=60
2026-08-29 20:12:22,828 - INFO - downloader - image #36	https://www.hawtcelebs.com/wp-content/uploads/2026/04/mia-khalifa-instagram-photos-04-13-2026-0.jpg
2026-08-29 20:12:24,066 - INFO - downloader - image #37	https://blogger.googleusercontent.com/img/b/R29vZ2xl/AVvXsEhg2IPjT5EjZzs5jG6dCm_A3Sa-u3VICceSEJ_3LPmhOzRl11qm_p_JPRP9iHqenBKllQZShB97BqKgliaV9cfvVs2pdhrsUq3Avn4JwZXGhhRpbUndUqygNm1TB_k-sf0m4ohIMVgBEl5KUKFl7jWtCcDUDt2mW8LH4SbOrenVh0SXEIUHoG_yb-1Y/s1350/Snapinsta.app_312562817_117731337627128_1988382427094607541_n_1080.jpg
2026-08-29 20:12:24,403 - INFO - downloader - image #38	https://www.hawtcelebs.com/wp-content/uploads/2026/03/mia-khalifa-instagram-photos-03-03-2026-2.jpg
2026-08-29 20:12:25,416 - INFO - downloader - image #39	https://tvovermind.com/wp-content/uploads/2023/07/Mia-Khalifa-drinking-wine.jpg
2026-08-29 20:12:25,849 - INFO - downloader - image #40	https://imagesvs.oneindia.com/ph-big/2022/08/photos_166091451420.jpg
2026-08-29 20:12:26,146 - INFO - downloader - image #41	https://www.hawtcelebs.com/wp-content/uploads/2026/04/mia-khalifa-instagram-photos-04-24-2026-10.jpg
2026-08-29 20:12:26,397 - INFO - downloader - image #42	https://www.realitytea.com/wp-content/uploads/sites/6/2026/07/Mia-Khalifa-Selfie.jpg
2026-08-29 20:12:27,427 - INFO - downloader - image #43	https://images.squarespace-cdn.com/content/v1/6144d106ee0f834ae92b4f60/1687438541883-PMZ30KPXTNZHPEUJ6OZR/Mia+Khalifa+-+The+jaw-dropping+beauty+can+never+take+enough+selfies.jpg
2026-08-29 20:12:27,794 - INFO - downloader - image #44	https://wallpapers.com/images/hd/mia-khalifa-pictures-7sao1zwzj9kvy7ir.jpg
2026-08-29 20:12:28,163 - INFO - downloader - image #45	https://lehren.com/wp-content/uploads/2022/05/5-Pics-Of-Mia-Khalifa-on-Instagram-That-Are-Too-Hot-To-Handle.jpg
2026-08-29 20:12:28,492 - INFO - downloader - image #46	https://www.viapais.com.ar/resizer/v2/FMHRE7PFTBGOLCW7JTDMO6XH2I.jpg
2026-08-29 20:12:29,965 - INFO - downloader - image #47	https://www.hawtcelebs.com/wp-content/uploads/2026/06/mia-khalifa-instagram-photos-05-31-2026-7.jpg
2026-08-29 20:12:30,332 - INFO - downloader - image #48	https://ofuxico.com.br/wp-content/uploads/2021/07/mia-khalifa-em-selfie-solar-1024x683.jpg
2026-08-29 20:12:30,653 - INFO - downloader - image #49	https://www.iwmbuzz.com/wp-content/uploads/2021/02/private-washroom-selfie-leaked-mia-khalifa-looks-smoking-hot-in-latest-sports-bra-look-fans-cant-stop-drooling-920x518.jpg
2026-08-29 20:12:31,204 - INFO - downloader - image #50	https://www.stylevore.com/wp-content/uploads/2020/03/mia-khalifa-hot-pose-picture-15832174008lcp4.jpg
2026-08-29 20:12:31,233 - INFO - parser - parsing result page https://www.bing.com/images/async?q=mia khalifa instagram selfie&first=80
2026-08-29 20:12:33,015 - INFO - downloader - image #51	https://www.hawtcelebs.com/wp-content/uploads/2026/06/mia-khalifa-instagram-photos-06-08-2026-2.jpg
2026-08-29 20:12:33,300 - INFO - downloader - image #52	https://www.hawtcelebs.com/wp-content/uploads/2026/04/mia-khalifa-instagram-photos-04-01-2026-1.jpg
2026-08-29 20:12:34,168 - INFO - downloader - image #53	https://viapais.com.ar/resizer/fybeNizJRGQHjcqodpC87pClswY=/1023x1277/smart/cloudfront-us-east-1.images.arcpublishing.com/grupoclarin/M6LU7PN56JDGFETFZ4XMJCIW2Q.jpg
2026-08-29 20:12:35,039 - INFO - downloader - image #54	https://www.hawtcelebs.com/wp-content/uploads/2026/04/mia-khalifa-instagram-photos-04-13-2026-2.jpg
2026-08-29 20:12:35,661 - INFO - downloader - image #55	https://www.hawtcelebs.com/wp-content/uploads/2026/04/mia-khalifa-instagram-photos-03-31-2026-12_thumbnail.jpg
2026-08-29 20:12:36,562 - INFO - downloader - image #56	https://www.hawtcelebs.com/wp-content/uploads/2026/03/mia-khalifa-instagram-photos-03-11-2026-1.jpg
2026-08-29 20:12:36,646 - INFO - downloader - image #57	https://i2-prod.dailystar.co.uk/incoming/article32718481.ece/ALTERNATES/s615b/1_8.jpg
2026-08-29 20:12:37,023 - INFO - downloader - image #58	https://static.spotboye.com/uploads/MIA2_2022-9-14-12-53-54_original.jpg
2026-08-29 20:12:37,187 - INFO - downloader - image #59	https://wallpapers.com/images/high/mia-khalifa-eyeglass-selfie-d7pfaqrvfcv8fz3s.jpg
2026-08-29 20:12:37,642 - INFO - downloader - image #60	https://www.hawtcelebs.com/wp-content/uploads/2026/05/mia-khalifa-instagram-photos-05-25-2026-5.jpg
2026-08-29 20:12:37,975 - INFO - downloader - image #61	http://www.whoa.in/20150417-Whoa/Mia-Khalifa-Selfie-HD-Sizzling-HD-Wallpaper.jpg
2026-08-29 20:12:38,057 - INFO - downloader - image #62	https://imagesvs.oneindia.com/ph-big/2022/08/photos_166177592350.jpg
2026-08-29 20:12:38,611 - INFO - downloader - image #63	https://www.viapais.com.ar/resizer/v2/25RMJERZX5HCDJHT64S2CQSOCA.jpg
2026-08-29 20:12:39,525 - INFO - downloader - image #64	https://www.hawtcelebs.com/wp-content/uploads/2026/03/mia-khalifa-instagram-photos-02-28-2026-18.jpg
2026-08-29 20:12:40,400 - INFO - downloader - image #65	https://1.bp.blogspot.com/-TNyEoEpvPAk/WPm1iiwFU1I/AAAAAAAASUg/abKYtAd97HcSEPJxesby3FvR3h3xpzBaQCLcB/s1600/Mia-Khalifa-New-Lastest-Image%2B%25281%2529.jpg
2026-08-29 20:12:40,401 - INFO - downloader - image #66	https://www.hawtcelebs.com/wp-content/uploads/2026/03/mia-khalifa-instagram-photos-02-28-2026-23.jpg
2026-08-29 20:12:42,085 - INFO - downloader - image #67	https://4.bp.blogspot.com/-rwpJTmvO7VE/WPm1vFA1GjI/AAAAAAAASU4/tdz0LJ77sFEByVqplKQdjZGQ4KEeHDzuwCLcB/s1600/Mia-Khalifa-New-Lastest-Image%2B%252815%2529.jpg
2026-08-29 20:12:42,131 - INFO - downloader - image #68	https://www.hawtcelebs.com/wp-content/uploads/2026/03/mia-khalifa-instagram-photos-02-28-2026-17.jpg
2026-08-29 20:12:42,407 - INFO - parser - no more page urls for thread parser-001 to parse
2026-08-29 20:12:42,408 - INFO - parser - thread parser-001 exit
2026-08-29 20:12:42,957 - INFO - downloader - image #69	https://tvovermind.com/wp-content/uploads/2023/07/Mia-Khalifa_--e1691549777524.jpg
2026-08-29 20:12:43,284 - INFO - downloader - image #70	https://images.squarespace-cdn.com/content/v1/638e544697854a20835cc60e/1692100547194-6S3R7H0Z05KZ8N7X1P6W/Mia+Khalifa+-+Lose+your+mind+to+her+endless+and+mind-blowing+selfies.jpg
2026-08-29 20:12:43,670 - INFO - downloader - image #71	https://e00-marca.uecdn.es/assets/multimedia/imagenes/2019/01/10/15471207687986.jpg
2026-08-29 20:12:44,369 - INFO - downloader - image #72	https://tvovermind.com/wp-content/uploads/2023/07/Mia-Khalifa-drinking-wine-921x1024.jpg
2026-08-29 20:12:44,386 - INFO - downloader - image #73	https://www.hawtcelebs.com/wp-content/uploads/2026/04/mia-khalifa-instagram-photos-04-07-2026-2_thumbnail.jpg
2026-08-29 20:12:49,380 - INFO - downloader - no more download task for thread downloader-001
2026-08-29 20:12:49,381 - INFO - downloader - thread downloader-001 exit
2026-08-29 20:12:49,397 - INFO - downloader - no more download task for thread downloader-002
2026-08-29 20:12:49,397 - INFO - downloader - thread downloader-002 exit
2026-08-29 20:12:49,779 - INFO - icrawler.crawler - Crawling task done!
2026-08-29 20:12:50,816 - INFO - icrawler.crawler - start crawling...
2026-08-29 20:12:50,817 - INFO - icrawler.crawler - starting 1 feeder threads...
2026-08-29 20:12:50,817 - INFO - feeder - thread feeder-001 exit
2026-08-29 20:12:50,817 - INFO - icrawler.crawler - starting 1 parser threads...
2026-08-29 20:12:50,818 - INFO - icrawler.crawler - starting 2 downloader threads...
2026-08-29 20:12:51,488 - INFO - parser - parsing result page https://www.bing.com/images/async?q=mia khalifa podcast screenshot&first=0
2026-08-29 20:12:52,166 - INFO - downloader - image #1	https://i.ytimg.com/vi/DhMGAJfu5G8/maxres2.jpg
2026-08-29 20:12:55,228 - INFO - downloader - image #2	https://miakalifa.live/assets/images/mia-2019-enhanced.jpg
2026-08-29 20:12:55,305 - ERROR - downloader - Response status code 404, file https://i.ytimg.com/vi/SzypsfkWNXc/maxres2.jpg
2026-08-29 20:12:56,072 - INFO - downloader - image #3	https://i.ytimg.com/vi/t4euCXy9ecU/oar2.jpg
2026-08-29 20:12:56,560 - INFO - downloader - image #4	https://i.ytimg.com/vi/_40sNdI6A2E/oar2.jpg
2026-08-29 20:12:57,154 - ERROR - downloader - Response status code 404, file https://is1-ssl.mzstatic.com/image/thumb/Podcasts221/v4/16/8f/fa/168ffa46-1df5-3223-1f7b-75f93c771097/mza_3239644820014481261.jpg
2026-08-29 20:12:57,417 - INFO - downloader - image #5	https://i.ytimg.com/vi/vojtTDptaQg/maxresdefault.jpg
2026-08-29 20:12:57,702 - INFO - downloader - image #6	https://i.ytimg.com/vi/kovElCoExgk/maxres2.jpg
2026-08-29 20:12:58,193 - INFO - downloader - image #7	https://i.ytimg.com/vi/VuxX7FoSxqI/maxresdefault.jpg
2026-08-29 20:12:58,302 - INFO - downloader - image #8	https://onlywikis.com/mia-khalifa/mia-khalifa-podcast.jpg
2026-08-29 20:12:58,706 - INFO - downloader - image #9	https://i.ytimg.com/vi/Wx50NfqvKac/oar2.jpg
2026-08-29 20:12:58,817 - INFO - downloader - image #10	https://i.ytimg.com/vi/_40sNdI6A2E/maxres2.jpg
2026-08-29 20:12:58,976 - INFO - downloader - image #11	https://i.ytimg.com/vi/cRgC7GZdtPk/hqdefault.jpg
2026-08-29 20:12:59,099 - INFO - downloader - image #12	https://i.ytimg.com/vi/KBg-bc33BdM/oardefault.jpg
2026-08-29 20:12:59,498 - INFO - downloader - image #13	https://m.media-amazon.com/images/M/MV5BMzhhYTY4ODctZWRlYS00MjkxLTllMDctMjNlMjIzNGQ3OTI1XkEyXkFqcGc@._V1_FMjpg_UX1000_.jpg
2026-08-29 20:12:59,966 - INFO - downloader - image #14	https://i.ytimg.com/vi/0C2i-wi1ZwE/maxresdefault.jpg
2026-08-29 20:13:00,519 - INFO - downloader - image #15	https://i.ytimg.com/vi/tg9VhADyNho/maxresdefault.jpg
2026-08-29 20:13:00,544 - INFO - downloader - image #16	https://www.lascimmiapensa.com/wp-content/uploads/2024/09/mia-khalifa.jpg
2026-08-29 20:13:00,602 - ERROR - downloader - Response status code 404, file https://i.ytimg.com/vi/2Y4nYZLbnbs/oardefault.jpg
2026-08-29 20:13:00,852 - INFO - downloader - image #17	https://m.media-amazon.com/images/I/51SXWShkvyL._SL10_UR1600,800_CR200,50,1200,630_CLa|1200,630|51SXWShkvyL.jpg
2026-08-29 20:13:01,058 - ERROR - downloader - Response status code 400, file https://www.narcity.com/media-library/mia-khalifa-on-emily-ratajkowski-s-podcast-right-emily-ratajkowski-on-her-podcast.jpg
2026-08-29 20:13:01,323 - INFO - downloader - image #18	https://m.media-amazon.com/images/I/61a0ZARVmSL._SL10_UR1600,800_CR200,50,1200,630_CLa|1200,630|61a0ZARVmSL.jpg
2026-08-29 20:13:01,497 - INFO - parser - parsing result page https://www.bing.com/images/async?q=mia khalifa podcast screenshot&first=20
2026-08-29 20:13:01,645 - INFO - downloader - image #19	https://i.ytimg.com/vi/3OYNwxETGlM/oar2.jpg
2026-08-29 20:13:02,165 - INFO - downloader - image #20	https://i.ytimg.com/vi/xhmOv195LTM/maxres2.jpg
2026-08-29 20:13:02,643 - INFO - downloader - image #21	https://www.lapilulecast.com/content/images/size/w1200/2024/03/mia.jpg
2026-08-29 20:13:02,833 - INFO - downloader - image #22	https://i.ytimg.com/vi/lr3XcnZOWrU/maxresdefault.jpg
2026-08-29 20:13:03,107 - INFO - downloader - image #23	https://i.ytimg.com/vi/DMbl71cHBMg/hq2.jpg
2026-08-29 20:13:03,240 - INFO - downloader - image #24	https://i.ytimg.com/vi/PT6hDFqJaW8/maxresdefault.jpg
2026-08-29 20:13:03,387 - INFO - downloader - image #25	https://i.ytimg.com/vi/DIhR8GRZ5k4/maxres2.jpg
2026-08-29 20:13:03,415 - INFO - downloader - image #26	https://i.ytimg.com/vi/PmvU3K8jGHc/oar2.jpg
2026-08-29 20:13:03,595 - INFO - downloader - image #27	https://i.ytimg.com/vi/bJvpbQC7UWw/hq2.jpg
2026-08-29 20:13:03,872 - INFO - downloader - image #28	https://i.ytimg.com/vi/xhmOv195LTM/oar2.jpg
2026-08-29 20:13:04,310 - ERROR - downloader - Response status code 404, file https://i.ytimg.com/vi/A-mLJk-KCGQ/maxresdefault.jpg
2026-08-29 20:13:04,313 - INFO - downloader - image #29	https://i.ytimg.com/vi/DIhR8GRZ5k4/oar2.jpg
2026-08-29 20:13:04,584 - INFO - downloader - image #30	https://i.ytimg.com/vi/5Tke0RqknVo/maxres2.jpg
2026-08-29 20:13:04,857 - INFO - downloader - image #31	https://i.ytimg.com/vi/v7V-rww9Yso/maxresdefault.jpg
2026-08-29 20:13:04,900 - INFO - parser - parsing result page https://www.bing.com/images/async?q=mia khalifa podcast screenshot&first=40
2026-08-29 20:13:05,054 - INFO - downloader - image #32	https://i.ytimg.com/vi/QH8r88Kn0Wg/maxres2.jpg
2026-08-29 20:13:05,058 - INFO - downloader - image #33	https://i.ytimg.com/vi/Rrr6MSTP3dY/maxres2.jpg
2026-08-29 20:13:05,216 - ERROR - downloader - Response status code 404, file https://i.ytimg.com/vi/VpgvnIafMDQ/maxresdefault.jpg
2026-08-29 20:13:05,362 - INFO - downloader - image #34	https://i.ytimg.com/vi/S8uSY8nIsbs/oar2.jpg
2026-08-29 20:13:05,374 - INFO - downloader - image #35	https://i.ytimg.com/vi/V9S2Z1DEHf8/hq2.jpg
2026-08-29 20:13:05,442 - ERROR - downloader - Response status code 404, file https://i.ytimg.com/vi/HVT_oGqI0A4/oardefault.jpg
2026-08-29 20:13:05,526 - ERROR - downloader - Response status code 404, file https://i.ytimg.com/vi/sfJ6LUYHecc/oardefault.jpg
2026-08-29 20:13:05,718 - INFO - downloader - image #36	https://i.ytimg.com/vi/---45TDKFQ8/oar2.jpg
2026-08-29 20:13:05,937 - INFO - downloader - image #37	https://i.ytimg.com/vi/HHJm16er6pc/maxresdefault.jpg
2026-08-29 20:13:06,277 - INFO - downloader - image #38	https://i.ytimg.com/vi/CyoZOG0rs6U/maxres2.jpg
2026-08-29 20:13:06,306 - INFO - downloader - image #39	https://i.ytimg.com/vi/er1bjmjgg5M/hq720.jpg
2026-08-29 20:13:06,532 - INFO - downloader - image #40	https://i.ytimg.com/vi/VUxSpXfkKwc/maxres2.jpg
2026-08-29 20:13:06,764 - INFO - downloader - image #41	https://i.ytimg.com/vi/E1ljDQwTezg/oardefault.jpg
2026-08-29 20:13:07,175 - INFO - downloader - image #42	https://images.topindiannews.com/wp-content/uploads/2023/10/Mia-Khalifa.jpg
2026-08-29 20:13:07,319 - INFO - downloader - image #43	https://i.ytimg.com/vi/VDQGeE7J-S4/maxresdefault.jpg
2026-08-29 20:13:07,499 - INFO - downloader - image #44	https://i.ytimg.com/vi/xTA1jQMOzm4/oar2.jpg
2026-08-29 20:13:07,508 - INFO - parser - parsing result page https://www.bing.com/images/async?q=mia khalifa podcast screenshot&first=60
2026-08-29 20:13:07,674 - INFO - downloader - image #45	https://i.ytimg.com/vi/QVKdcYewZQU/maxresdefault.jpg
2026-08-29 20:13:07,846 - INFO - downloader - image #46	https://i.ytimg.com/vi/_5mBWK2E9bI/maxres2.jpg
2026-08-29 20:13:07,865 - INFO - downloader - image #47	https://i.ytimg.com/vi/dE8XDeg4FqA/maxresdefault.jpg
2026-08-29 20:13:08,038 - INFO - downloader - image #48	https://i.ytimg.com/vi/Jf4NEwNLiWg/maxresdefault.jpg
2026-08-29 20:13:08,340 - INFO - downloader - image #49	https://i.ytimg.com/vi/NRalUEfHndo/maxresdefault.jpg
2026-08-29 20:13:08,434 - INFO - downloader - image #50	https://i.ytimg.com/vi/2Cvqa-7zYDQ/maxres2.jpg
2026-08-29 20:13:08,817 - INFO - downloader - image #51	https://i.ytimg.com/vi/3j-H_kltKv0/maxres2.jpg
2026-08-29 20:13:08,846 - INFO - downloader - image #52	https://i.ytimg.com/vi/gCkG8jduCJs/maxres2.jpg
2026-08-29 20:13:09,123 - INFO - downloader - image #53	https://i.ytimg.com/vi/pCVwOh-Kb3Q/maxres2.jpg
2026-08-29 20:13:09,311 - INFO - downloader - image #54	https://i.ytimg.com/vi/tYW38gWoQ6k/oardefault.jpg
2026-08-29 20:13:09,392 - ERROR - downloader - Response status code 404, file https://i.ytimg.com/vi/1H4v3XxIQCM/hqdefault.jpg
2026-08-29 20:13:09,427 - INFO - downloader - image #55	https://i.ytimg.com/vi/e_Qxyy2ex10/oardefault.jpg
2026-08-29 20:13:09,428 - INFO - parser - parsing result page https://www.bing.com/images/async?q=mia khalifa podcast screenshot&first=80
2026-08-29 20:13:09,546 - INFO - downloader - image #56	https://i.ytimg.com/vi/S8uSY8nIsbs/hq2.jpg
2026-08-29 20:13:09,902 - INFO - downloader - image #57	https://i.ytimg.com/vi/tCj5rcM074A/maxresdefault.jpg
2026-08-29 20:13:10,218 - INFO - downloader - image #58	https://i.ytimg.com/vi/6cEyeWPwfOg/maxresdefault.jpg
2026-08-29 20:13:11,520 - INFO - downloader - image #59	https://videos.files.wordpress.com/pGhNKEfF/out-of-bounds-with-mia-khalifa-pointless-podcast_hd.original.jpg
2026-08-29 20:13:11,812 - INFO - downloader - image #60	https://i.ytimg.com/vi/T4dPDbIQ-Cs/maxres2.jpg
2026-08-29 20:13:12,091 - INFO - downloader - image #61	https://i.ytimg.com/vi/o3AMUpYWD5s/maxres2.jpg
2026-08-29 20:13:12,424 - INFO - downloader - image #62	https://i.ytimg.com/vi/5rctuBNLDtQ/oar2.jpg
2026-08-29 20:13:12,795 - INFO - downloader - image #63	https://m.media-amazon.com/images/M/MV5BMDgzNmIyZGUtYmUwOS00MTcyLWI1OTEtMzc5Yzk1ODU5ZWY3XkEyXkFqcGc@._V1_FMjpg_UX1000_.jpg
2026-08-29 20:13:12,930 - INFO - downloader - image #64	https://i.ytimg.com/vi/E1ljDQwTezg/hqdefault.jpg
2026-08-29 20:13:13,037 - INFO - downloader - image #65	https://i.ytimg.com/vi/6B1Z_H6JZaE/oar2.jpg
2026-08-29 20:13:13,224 - INFO - downloader - image #66	https://i.ytimg.com/vi/Z6i3PUPnlq4/maxresdefault.jpg
2026-08-29 20:13:13,226 - INFO - downloader - image #67	https://i.ytimg.com/vi/Kc2ZqzuUsJI/maxres2.jpg
2026-08-29 20:13:13,490 - INFO - downloader - image #68	https://i.ytimg.com/vi/o3AMUpYWD5s/oar2.jpg
2026-08-29 20:13:13,761 - INFO - downloader - image #69	https://i.ytimg.com/vi/MyILj4cZSM8/oardefault.jpg
2026-08-29 20:13:13,880 - INFO - downloader - image #70	https://jswtv.tv/wp-content/uploads/2023/05/resize-648x320.jpg
2026-08-29 20:13:14,053 - INFO - downloader - image #71	https://i.ytimg.com/vi/eR3XEb_-94Y/maxresdefault.jpg
2026-08-29 20:13:14,375 - ERROR - downloader - Response status code 404, file https://is1-ssl.mzstatic.com/image/thumb/Podcasts115/v4/20/1e/88/201e88e6-51e6-11b6-15a9-31fd6f35b509/mza_14652509359227671175.jpg
2026-08-29 20:13:14,567 - INFO - downloader - image #72	https://i.ytimg.com/vi/HvNQcJzBuGM/maxresdefault.jpg
2026-08-29 20:13:15,235 - INFO - parser - no more page urls for thread parser-001 to parse
2026-08-29 20:13:15,236 - INFO - parser - thread parser-001 exit
2026-08-29 20:13:19,384 - INFO - downloader - no more download task for thread downloader-001
2026-08-29 20:13:19,384 - INFO - downloader - thread downloader-001 exit
2026-08-29 20:13:19,577 - INFO - downloader - no more download task for thread downloader-002
2026-08-29 20:13:19,578 - INFO - downloader - thread downloader-002 exit
2026-08-29 20:13:20,006 - INFO - icrawler.crawler - Crawling task done!
2026-08-29 20:13:21,038 - INFO - icrawler.crawler - start crawling...
2026-08-29 20:13:21,038 - INFO - icrawler.crawler - starting 1 feeder threads...
2026-08-29 20:13:21,039 - INFO - feeder - thread feeder-001 exit
2026-08-29 20:13:21,039 - INFO - icrawler.crawler - starting 1 parser threads...
2026-08-29 20:13:21,039 - INFO - icrawler.crawler - starting 2 downloader threads...
2026-08-29 20:13:21,735 - INFO - parser - parsing result page https://www.bing.com/images/async?q=mia khalifa professional headshot&first=0
2026-08-29 20:13:22,229 - INFO - downloader - image #1	https://d.newsweek.com/en/full/2292361/mia-khalifa.jpg
2026-08-29 20:13:22,642 - INFO - downloader - image #2	https://wallpapers.com/images/hd/mia-khalifa-wearing-red-jacket-f4ysaz0llz17qi0s.jpg
2026-08-29 20:13:23,153 - INFO - downloader - image #3	https://i.redd.it/9vygfrnztitb1.jpg
2026-08-29 20:13:23,573 - INFO - downloader - image #4	https://assets.newsweek.com/wp-content/uploads/2025/08/2329455-mia-khalifa.jpg
2026-08-29 20:13:23,938 - INFO - downloader - image #5	https://growtype.com/app/uploads/growtype-ai-uploads/models/a46f5fc489504be8676b28748169e49d/66825ed2a6db9.jpg
2026-08-29 20:13:24,161 - INFO - downloader - image #6	https://sunoti.com/wp-content/uploads/82505101778917674-seo.jpg
2026-08-29 20:13:24,280 - INFO - downloader - image #7	https://wallpapers.com/images/hd/mia-khalifa-pictures-cus96rliebyyqrnz.jpg
2026-08-29 20:13:24,556 - ERROR - downloader - Response status code 403, file https://i0.wp.com/celebritate.com/wp-content/uploads/2023/06/Mia-Khalifa.jpg
2026-08-29 20:13:25,004 - INFO - downloader - image #8	https://wallpapercave.com/wp/wp5254996.jpg
2026-08-29 20:13:25,072 - INFO - downloader - image #9	https://biographytribune.com/wp-content/uploads/2018/05/Mia-Khalifa-1.jpg
2026-08-29 20:13:25,542 - INFO - downloader - image #10	https://www.famousbirthdays.com/headshots/mia-khalifa-7.jpg
2026-08-29 20:13:25,977 - ERROR - downloader - Response status code 400, file https://media.gettyimages.com/id/1458037530/es/foto/paris-france-mia-khalifa-attends-the-kenzo-menswear-fall-winter-2023-2024-show-as-part-of.jpg
2026-08-29 20:13:26,006 - INFO - downloader - image #11	https://media.vogue.co.uk/photos/64916f00ad4b7de8bf024aa2/2:3/w_2560%2Cc_limit/Mia_200623_lascape%2520MIA.jpg
2026-08-29 20:13:26,325 - INFO - downloader - image #12	https://m.media-amazon.com/images/M/MV5BZjA0MDgyYmItNzkzMC00OTM2LThlYzktMWMxZWU3ZGNkNDI3XkEyXkFqcGc@._V1_FMjpg_UX1000_.jpg
2026-08-29 20:13:26,464 - INFO - downloader - image #13	https://wallpapers.com/images/hd/mia-khalifa-eyeglass-selfie-d7pfaqrvfcv8fz3s.jpg
2026-08-29 20:13:26,533 - INFO - downloader - image #14	https://wallpapers.com/images/hd/mia-khalifa-pictures-wlbmtdpvqmkdionm.jpg
2026-08-29 20:13:27,874 - INFO - downloader - image #15	http://www.thebulletintime.com/wp-content/uploads/2024/09/Mia-Khalifa-Net-Worth-3.jpg
2026-08-29 20:13:28,798 - INFO - downloader - image #16	https://nollysearch.com.ng/wp-content/uploads/2026/06/mia-khalifa-scaled.jpg
2026-08-29 20:13:28,876 - INFO - downloader - image #17	https://wallpapers.com/images/hd/mia-khalifa-half-smile-qde2b6g452s3kqhr.jpg
2026-08-29 20:13:28,952 - INFO - downloader - image #18	https://wallpapers.com/images/hd/mia-khalifa-digital-art-k99aq2d2f88u3rrc.jpg
2026-08-29 20:13:29,317 - INFO - downloader - image #19	https://mrwallpaper.com/images/hd/mia-khalifa-digital-drawing-xq319bqgkw0o07y1.jpg
2026-08-29 20:13:29,901 - INFO - downloader - image #20	https://imgcdn.stablediffusionweb.com/2024/10/29/c086ef2a-3bec-46fa-b53e-c52a999d6408.jpg
2026-08-29 20:13:31,022 - INFO - downloader - image #21	https://moodmagazin.com/wp-content/uploads/2026/04/389084-872x1024.jpg
2026-08-29 20:13:31,381 - INFO - downloader - image #22	https://images.financialexpressdigital.com/2023/10/mia-khalifa.jpg
2026-08-29 20:13:31,991 - INFO - downloader - image #23	https://fbi.cults3d.com/uploaders/26142570/illustration-file/0c773326-8c22-4aad-878e-4785a0ad18cd/BPR_Composite3c3b2.jpg
2026-08-29 20:13:32,328 - ERROR - downloader - Response status code 403, file https://e1.pxfuel.com/desktop-wallpaper/458/872/desktop-wallpaper-mia-khalifa.jpg
2026-08-29 20:13:32,539 - INFO - parser - parsing result page https://www.bing.com/images/async?q=mia khalifa professional headshot&first=20
2026-08-29 20:13:32,835 - INFO - downloader - image #24	https://www.gluwee.com/wp-content/uploads/2022/10/Mia-Khalifa.jpg
2026-08-29 20:13:33,531 - INFO - downloader - image #25	https://www.thebulletintime.com/wp-content/uploads/2024/09/Mia-Khalifa-Net-Worth-4.jpg
2026-08-29 20:13:33,770 - INFO - downloader - image #26	https://biographytribune.com/wp-content/uploads/2018/05/Mia-Khalifa-1-768x384.jpg
2026-08-29 20:13:33,985 - INFO - downloader - image #27	https://upload.wikimedia.org/wikipedia/commons/7/7e/Mia_Khalifa_in_2016_(cropped).jpg
2026-08-29 20:13:34,267 - ERROR - downloader - Response status code 403, file https://celebmafia.com/wp-content/uploads/2023/06/mia-khalifa-the-egonlab-menswear-spring-summer-2024-show-in-paris-06-21-2023-0.jpg
2026-08-29 20:13:34,833 - ERROR - downloader - Response status code 403, file https://celebmafia.com/wp-content/uploads/2023/06/mia-khalifa-the-egonlab-menswear-spring-summer-2024-show-in-paris-06-21-2023-3.jpg
2026-08-29 20:13:35,262 - INFO - downloader - image #28	https://wallpapers.com/images/hd/mia-khalifa-pictures-4phzdxvmtpkx8n2l.jpg
2026-08-29 20:13:35,364 - INFO - downloader - image #29	https://wallpapers.com/images/hd/mia-khalifa-sad-nzllxvbvs0qba9q8.jpg
2026-08-29 20:13:35,451 - INFO - downloader - image #30	https://wallpapers.com/images/file/mia-khalifa-pictures-k2szhi7a11helqk4.jpg
2026-08-29 20:13:35,807 - INFO - downloader - image #31	https://vz.cnwimg.com/wp-content/uploads/2021/07/mia-khalifa-1.jpg
2026-08-29 20:13:36,052 - INFO - downloader - image #32	http://www.whoa.in/20150417-Whoa/Mia-Khalifa-Smiley-Face-with-Pink-Top-HD-Wallpaper.jpg
2026-08-29 20:13:36,306 - INFO - downloader - image #33	https://www.hawtcelebs.com/wp-content/uploads/2023/06/mia-khalifa-at-louis-vuitton-menswear-spring-summer-2024-show-in-paris-06-20-2023-2.jpg
2026-08-29 20:13:36,376 - INFO - downloader - image #34	https://c8.alamy.com/comp/2WNPDDF/paris-frankreich-03rd-mar-2024-mia-khalifa-attends-mugler-fallwinter-2024-runway-during-paris-fashion-week-on-february-2024-paris-france-03032024-credit-dpaalamy-live-news-2WNPDDF.jpg
2026-08-29 20:13:36,676 - INFO - parser - parsing result page https://www.bing.com/images/async?q=mia khalifa professional headshot&first=40
2026-08-29 20:13:37,373 - INFO - downloader - image #35	https://abcgazetesi.com.tr/d/tag/mia-khalifa-56746.jpg
2026-08-29 20:13:37,821 - INFO - downloader - image #36	https://www.famousbirthdays.com/headshots/mia-khalifa-1.jpg
2026-08-29 20:13:37,937 - INFO - downloader - image #37	https://www.thebulletintime.com/wp-content/uploads/2024/09/Mia-Khalifa-Net-Worth-3-1024x538.jpg
2026-08-29 20:13:38,218 - INFO - downloader - image #38	https://static.jewishnews.co.uk/jewishnews/uploads/2023/07/Twitter.jpg
2026-08-29 20:13:38,426 - INFO - downloader - image #39	https://d.newsweek.com/en/full/2296063/mia-khalifa.jpg
2026-08-29 20:13:38,785 - INFO - downloader - image #40	https://assets.telegraphindia.com/abp/2022/Nov/1667982291_mia-2.jpg
2026-08-29 20:13:39,580 - INFO - downloader - image #41	https://i2-prod.dailystar.co.uk/incoming/article24108005.ece/ALTERNATES/s1200c/1_Mia-Khalifa-unveils-new-tattoo-that-blasts-ISIS-thugs-who-threatened-her-over-sex-scenes.jpg
2026-08-29 20:13:40,622 - INFO - downloader - image #42	https://www.highratedgabru.com/wp-content/uploads/2024/07/Mia-Khalifa-Professional-Photoshoot.jpg
2026-08-29 20:13:41,311 - INFO - downloader - image #43	https://wallpapercave.com/wp/wp4565160.jpg
2026-08-29 20:13:41,716 - INFO - downloader - image #44	https://www.gymbuddynow.com/storage/uploads/Mia-Khalifa_1670938163_1671104022.jpg
2026-08-29 20:13:42,216 - INFO - parser - parsing result page https://www.bing.com/images/async?q=mia khalifa professional headshot&first=60
2026-08-29 20:13:42,435 - ERROR - downloader - Response status code 403, file https://wallpapercrafter.com/desktop3/884255-women-Mia-Khalifa-young-adult-one-person-young.jpg
2026-08-29 20:13:42,869 - INFO - downloader - image #45	http://www.thebulletintime.com/wp-content/uploads/2024/09/Mia-Khalifa-Net-Worth-1-1.jpg
2026-08-29 20:13:42,896 - INFO - downloader - image #46	https://wallpapers.com/images/hd/mia-khalifa-courtside-seat-npxp6z2i3cv65pn2.jpg
2026-08-29 20:13:43,249 - INFO - downloader - image #47	https://imgcdn.stablediffusionweb.com/2024/12/12/b365897f-b2bc-404a-82f0-0d740a4dff77.jpg
2026-08-29 20:13:43,897 - INFO - downloader - image #48	https://pbs.twimg.com/media/HHsNlVMbUAAfnFm.jpg
2026-08-29 20:13:44,813 - INFO - downloader - image #49	https://i.mdel.net/i/db/2024/1/2127693/2127693-800w.jpg
2026-08-29 20:13:45,207 - INFO - downloader - image #50	https://www.famousbirthdays.com/headshots/mia-khalifa-2.jpg
2026-08-29 20:13:45,649 - INFO - downloader - image #51	https://cdn.dnaindia.com/sites/default/files/styles/full/public/2015/09/15/376073-mia-khalifa.jpg
2026-08-29 20:13:45,897 - INFO - downloader - image #52	https://images.squarespace-cdn.com/content/v1/638e544697854a20835cc60e/1692100547194-6S3R7H0Z05KZ8N7X1P6W/Mia+Khalifa+-+Lose+your+mind+to+her+endless+and+mind-blowing+selfies.jpg
2026-08-29 20:13:46,273 - INFO - downloader - image #53	https://viapais.com.ar/resizer/EEmT95XTmgd08rpyymt6gcSsAsI=/1023x1278/smart/cloudfront-us-east-1.images.arcpublishing.com/grupoclarin/5GCOUYYS3JBBNIM7JXTPWU6PAI.jpg
2026-08-29 20:13:47,786 - INFO - downloader - image #54	https://liferampup.com/wp-content/uploads/2021/08/mia-khalifas-old-tweet-stating-never-stepping-in-india-or-bigg-boss-is-going-viral-001-1.jpg
2026-08-29 20:13:48,112 - INFO - downloader - image #55	https://i1.sndcdn.com/artworks-000108385646-kfmxvw-t500x500.jpg
2026-08-29 20:13:48,832 - INFO - parser - parsing result page https://www.bing.com/images/async?q=mia khalifa professional headshot&first=80
2026-08-29 20:13:48,948 - INFO - downloader - image #56	https://wallpapercave.com/wp/wp2158286.jpg
2026-08-29 20:13:49,422 - INFO - downloader - image #57	https://wallpapers.com/images/hd/summer-with-mia-khalifa-c7fb0bjzu70sic09.jpg
2026-08-29 20:13:50,070 - INFO - downloader - image #58	https://viapais.com.ar/resizer/D9W6KSn-JYmxgY2X6_a9DKcFDGc=/980x640/smart/filters:quality(75):format(webp)/cloudfront-us-east-1.images.arcpublishing.com/grupoclarin/77ASASKFWBAIBKPGJRKB45ZDE4.jpg
2026-08-29 20:13:51,738 - INFO - downloader - image #59	https://globalwikibio.com/wp-content/uploads/2023/03/Mia-Khalifa-Wiki-Biography.jpg
2026-08-29 20:13:52,132 - INFO - downloader - image #60	https://images.filmibeat.com/ph-big/2025/03/mia-khalifa-glamour-mirror-selfies-photos-fans-likes-very-much1742208285_3.jpg
2026-08-29 20:13:52,225 - INFO - downloader - image #61	https://wallpapers.com/images/featured/mia-khalifa-pictures-6h6wtirjs72pjwub.jpg
2026-08-29 20:13:52,495 - INFO - downloader - image #62	https://celebritate.com/wp-content/uploads/2023/06/Mia-Khalifa.jpg
2026-08-29 20:13:53,601 - INFO - downloader - image #63	https://tvovermind.com/wp-content/uploads/2023/07/Mia-Khalifa-image-e1691550915972-750x560.jpg
2026-08-29 20:13:54,036 - INFO - downloader - image #64	https://www.thebulletintime.com/wp-content/uploads/2024/09/Mia-Khalifa-Net-Worth-1-1-1024x576.jpg
2026-08-29 20:13:54,625 - INFO - downloader - image #65	https://photos.smugmug.com/Clients/Current-Portrait-Clients/Individual-headshots/Mia-Headshot-Post-Processed/i-tKCgLRt/0/831b0e89/L/EJG09223-3-L.jpg
2026-08-29 20:13:54,702 - INFO - downloader - image #66	https://wallpapers.com/images/file/mia-khalifa-pictures-b2s64gdild6q68yl.jpg
2026-08-29 20:13:55,340 - INFO - downloader - image #67	https://www.thecelebpost.com/assets/uploads/updates/2023-05-20/l_38233_113057_updates.jpg
2026-08-29 20:13:56,062 - INFO - downloader - image #68	https://img.tv100.com/rcman/Cw800h800q95gc/storage/files/images/2022/09/22/300557110-115443671158216-155492208-iI2X.jpg
2026-08-29 20:13:56,524 - INFO - parser - no more page urls for thread parser-001 to parse
2026-08-29 20:13:56,524 - INFO - parser - thread parser-001 exit
2026-08-29 20:13:58,785 - INFO - downloader - image #69	https://www.hawtcelebs.com/wp-content/uploads/2023/06/mia-khalifa-at-the-egonlab.-menswear-spring-summer-2024-show-in-paris-06-21-2023-1.jpg
2026-08-29 20:14:01,066 - INFO - downloader - no more download task for thread downloader-002
2026-08-29 20:14:01,066 - INFO - downloader - thread downloader-002 exit
2026-08-29 20:14:03,794 - INFO - downloader - no more download task for thread downloader-001
2026-08-29 20:14:03,794 - INFO - downloader - thread downloader-001 exit
2026-08-29 20:14:04,324 - INFO - icrawler.crawler - Crawling task done!
2026-08-29 20:14:05,361 - INFO - icrawler.crawler - start crawling...
2026-08-29 20:14:05,361 - INFO - icrawler.crawler - starting 1 feeder threads...
2026-08-29 20:14:05,362 - INFO - feeder - thread feeder-001 exit
2026-08-29 20:14:05,362 - INFO - icrawler.crawler - starting 1 parser threads...
2026-08-29 20:14:05,362 - INFO - icrawler.crawler - starting 2 downloader threads...
2026-08-29 20:14:05,906 - INFO - parser - parsing result page https://www.bing.com/images/async?q=site:pinterest.com mia khalifa&first=0
2026-08-29 20:14:06,313 - ERROR - downloader - Response status code 400, file https://media.gettyimages.com/id/2049217312/photo/fashion-france-women-mugler-front-row.jpg
2026-08-29 20:14:06,600 - ERROR - downloader - Response status code 403, file https://celebmafia.com/wp-content/uploads/2023/06/mia-khalifa-louis-vuitton-menswear-spring-summer-2024-show-in-paris-06-20-2023-6.jpg
2026-08-29 20:14:06,771 - ERROR - downloader - Response status code 403, file https://celebmafia.com/wp-content/uploads/2023/06/mia-khalifa-the-egonlab-menswear-spring-summer-2024-show-in-paris-06-21-2023-3.jpg
2026-08-29 20:14:06,886 - ERROR - downloader - Response status code 403, file https://celebmafia.com/wp-content/uploads/2023/06/mia-khalifa-the-egonlab-menswear-spring-summer-2024-show-in-paris-06-21-2023-0.jpg
2026-08-29 20:14:07,503 - INFO - downloader - image #1	https://www.gluwee.com/wp-content/uploads/2022/10/Mia-Khalifa.jpg
2026-08-29 20:14:07,528 - INFO - downloader - image #2	https://assets.newsweek.com/wp-content/uploads/2025/08/2329455-mia-khalifa.jpg
2026-08-29 20:14:07,829 - ERROR - downloader - Response status code 400, file https://media.gettyimages.com/id/2049184329/photo/fashion-france-women-mugler-front-row.jpg
2026-08-29 20:14:08,333 - INFO - downloader - image #3	https://d.newsweek.com/en/full/2292361/mia-khalifa.jpg
2026-08-29 20:14:09,655 - INFO - downloader - image #4	https://www.bladna.nl/img/jpg/mia-khalifa-marokko.jpg
2026-08-29 20:14:10,916 - INFO - downloader - image #5	https://abcgazetesi.com.tr/d/tag/mia-khalifa-56746.jpg
2026-08-29 20:14:11,299 - INFO - downloader - image #6	https://wallpapercave.com/wp/wp5543470.jpg
2026-08-29 20:14:11,635 - INFO - downloader - image #7	https://viapais.com.ar/resizer/EEmT95XTmgd08rpyymt6gcSsAsI=/1023x1278/smart/cloudfront-us-east-1.images.arcpublishing.com/grupoclarin/5GCOUYYS3JBBNIM7JXTPWU6PAI.jpg
2026-08-29 20:14:11,696 - INFO - downloader - image #8	https://variety.com/wp-content/uploads/2023/10/Mia-Khalifa-Playboy.jpg
2026-08-29 20:14:12,013 - INFO - downloader - image #9	https://m.media-amazon.com/images/M/MV5BZjA0MDgyYmItNzkzMC00OTM2LThlYzktMWMxZWU3ZGNkNDI3XkEyXkFqcGc@._V1_FMjpg_UX1000_.jpg
2026-08-29 20:14:12,159 - INFO - downloader - image #10	https://www.wikicelebs.com/wp-content/uploads/2023/06/Mia-Khalifa.jpg
2026-08-29 20:14:12,176 - INFO - parser - parsing result page https://www.bing.com/images/async?q=site:pinterest.com mia khalifa&first=20
2026-08-29 20:14:12,454 - INFO - parser - parsing result page https://www.bing.com/images/async?q=site:pinterest.com mia khalifa&first=40
2026-08-29 20:14:12,732 - INFO - parser - parsing result page https://www.bing.com/images/async?q=site:pinterest.com mia khalifa&first=60
2026-08-29 20:14:13,037 - INFO - parser - parsing result page https://www.bing.com/images/async?q=site:pinterest.com mia khalifa&first=80
2026-08-29 20:14:15,066 - INFO - parser - no more page urls for thread parser-001 to parse
2026-08-29 20:14:15,067 - INFO - parser - thread parser-001 exit
2026-08-29 20:14:16,319 - INFO - downloader - image #11	https://www.nws-online.org/wp-content/uploads/Mia-Khalifa-702x336.jpg
2026-08-29 20:14:16,790 - ERROR - downloader - Response status code 403, file https://short-biography.com/wp-content/uploads/mia-khalifa/Mia-Callista.jpg
2026-08-29 20:14:17,086 - INFO - downloader - image #12	https://www.gymbuddynow.com/storage/uploads/Mia-Khalifa_1670938163_1671104022.jpg
2026-08-29 20:14:17,254 - ERROR - downloader - Exception caught when downloading file https://en.dailypakistan.com.pk/wp-content/uploads/2021/05/mia-khalifa-finds-alternate-way-to-reach-out-pakistani-fans-amid-tiktok-ban-1621755057-3786.jpg, error: HTTPSConnectionPool(host='en.dailypakistan.com.pk', port=443): Max retries exceeded with url: /wp-content/uploads/2021/05/mia-khalifa-finds-alternate-way-to-reach-out-pakistani-fans-amid-tiktok-ban-1621755057-3786.jpg (Caused by ConnectTimeoutError(<HTTPSConnection(host='en.dailypakistan.com.pk', port=443) at 0x16b884250>, 'Connection to en.dailypakistan.com.pk timed out. (connect timeout=5)')), remaining retry times: 2
2026-08-29 20:14:17,961 - INFO - downloader - image #13	https://images.catchnews.com/upload/2017/06/29/miakhalifa290617_87747_730x419.jpg
2026-08-29 20:14:22,261 - ERROR - downloader - Exception caught when downloading file https://en.dailypakistan.com.pk/wp-content/uploads/2021/05/mia-khalifa-finds-alternate-way-to-reach-out-pakistani-fans-amid-tiktok-ban-1621755057-3786.jpg, error: HTTPSConnectionPool(host='en.dailypakistan.com.pk', port=443): Max retries exceeded with url: /wp-content/uploads/2021/05/mia-khalifa-finds-alternate-way-to-reach-out-pakistani-fans-amid-tiktok-ban-1621755057-3786.jpg (Caused by ConnectTimeoutError(<HTTPSConnection(host='en.dailypakistan.com.pk', port=443) at 0x16ae090a0>, 'Connection to en.dailypakistan.com.pk timed out. (connect timeout=5)')), remaining retry times: 1
2026-08-29 20:14:22,969 - INFO - downloader - no more download task for thread downloader-001
2026-08-29 20:14:22,970 - INFO - downloader - thread downloader-001 exit
2026-08-29 20:14:27,271 - ERROR - downloader - Exception caught when downloading file https://en.dailypakistan.com.pk/wp-content/uploads/2021/05/mia-khalifa-finds-alternate-way-to-reach-out-pakistani-fans-amid-tiktok-ban-1621755057-3786.jpg, error: HTTPSConnectionPool(host='en.dailypakistan.com.pk', port=443): Max retries exceeded with url: /wp-content/uploads/2021/05/mia-khalifa-finds-alternate-way-to-reach-out-pakistani-fans-amid-tiktok-ban-1621755057-3786.jpg (Caused by ConnectTimeoutError(<HTTPSConnection(host='en.dailypakistan.com.pk', port=443) at 0x16b6f8310>, 'Connection to en.dailypakistan.com.pk timed out. (connect timeout=5)')), remaining retry times: 0
2026-08-29 20:14:32,282 - INFO - downloader - no more download task for thread downloader-002
2026-08-29 20:14:32,282 - INFO - downloader - thread downloader-002 exit
2026-08-29 20:14:32,527 - INFO - icrawler.crawler - Crawling task done!
2026-08-29 20:14:33,544 - INFO - icrawler.crawler - start crawling...
2026-08-29 20:14:33,544 - INFO - icrawler.crawler - starting 1 feeder threads...
2026-08-29 20:14:33,545 - INFO - feeder - thread feeder-001 exit
2026-08-29 20:14:33,545 - INFO - icrawler.crawler - starting 1 parser threads...
2026-08-29 20:14:33,545 - INFO - icrawler.crawler - starting 2 downloader threads...
2026-08-29 20:14:34,042 - INFO - parser - parsing result page https://www.bing.com/images/async?q=site:pinterest.com mia khalifa portrait&first=0
2026-08-29 20:14:34,575 - INFO - downloader - image #1	https://d.newsweek.com/en/full/2292361/mia-khalifa.jpg
2026-08-29 20:14:34,717 - INFO - downloader - image #2	https://d.newsweek.com/en/full/2329455/mia-khalifa.jpg
2026-08-29 20:14:34,718 - INFO - downloader - image #3	https://d.newsweek.com/en/full/2296063/mia-khalifa.jpg
2026-08-29 20:14:36,948 - INFO - downloader - image #4	https://miami-airport-mia.com/wp-content/uploads/2022/09/North-Terminal-map-mia.jpg
2026-08-29 20:14:37,157 - INFO - downloader - image #5	https://miami-airport-mia.com/wp-content/uploads/2022/10/terminal-map-mia-airport-scaled.jpg
2026-08-29 20:14:37,396 - INFO - downloader - image #6	https://www.viapais.com.ar/resizer/v2/2KU3TWUVGFGTZFIVYM2XTYPLFU.jpg
2026-08-29 20:14:37,692 - INFO - downloader - image #7	https://static.jewishnews.co.uk/jewishnews/uploads/2023/07/Twitter.jpg
2026-08-29 20:14:38,052 - INFO - downloader - image #8	https://images.squarespace-cdn.com/content/v1/6144d106ee0f834ae92b4f60/1687438541883-PMZ30KPXTNZHPEUJ6OZR/Mia+Khalifa+-+The+jaw-dropping+beauty+can+never+take+enough+selfies.jpg
2026-08-29 20:14:38,523 - INFO - downloader - image #9	https://wallpapercave.com/wp/wp2158286.jpg
2026-08-29 20:14:40,299 - INFO - downloader - image #10	https://wallpapercave.com/wp/wp5254996.jpg
2026-08-29 20:14:40,689 - INFO - downloader - image #11	https://facts.net/wp-content/uploads/2023/10/21-surprising-facts-about-mia-khalifa-1696581438.jpg
2026-08-29 20:14:43,919 - INFO - downloader - image #12	https://pisco.meaww.com/0385b334-e6b2-4509-9892-05ebdc0ae6de.jpg
2026-08-29 20:14:44,468 - INFO - downloader - image #13	https://m.media-amazon.com/images/I/91HFQJi73FL._RI_.jpg
2026-08-29 20:14:44,974 - INFO - downloader - image #14	https://abcgazetesi.com/d/tag/mia-khalifa-56746.jpg
2026-08-29 20:14:45,678 - INFO - downloader - image #15	https://d3nxoulyw7bc8u.cloudfront.net/images/artists/None/fe429c74-946c-4858-ac87-c344f52654e0.jpg
2026-08-29 20:14:46,129 - ERROR - downloader - Response status code 400, file https://media.gettyimages.com/id/939612912/photo/rapper-m-i-a-attends-new-directors-new-films-opening-night-at-museum-of-modern-art-on-march-28.jpg
2026-08-29 20:14:46,465 - INFO - downloader - image #16	https://wallpapercat.com/w/full/9/e/0/651870-3640x2048-desktop-hd-mia-and-me-the-hero-of-centopia-wallpaper-image.jpg
2026-08-29 20:14:46,729 - INFO - downloader - image #17	https://i.pinimg.com/originals/ae/8e/09/ae8e0959b75e66f2ed2c58e0953738cc.jpg
2026-08-29 20:14:47,081 - INFO - downloader - image #18	https://c8.alamy.com/comp/E85694/mia-performing-live-at-the-ultra-music-festival-featuring-miamathangi-E85694.jpg
2026-08-29 20:14:47,774 - ERROR - downloader - Response status code 403, file https://celebmafia.com/wp-content/uploads/2022/09/mia-goth-pearl-red-carpet-at-venice-film-festival-09-03-2022-7.jpg
2026-08-29 20:14:48,197 - INFO - parser - parsing result page https://www.bing.com/images/async?q=site:pinterest.com mia khalifa portrait&first=20
2026-08-29 20:14:48,271 - INFO - downloader - image #19	https://www.pixelstalk.net/wp-content/uploads/2025/09/Mia-Rapper-performing-with-orange-outfit.jpg
2026-08-29 20:14:48,491 - INFO - parser - parsing result page https://www.bing.com/images/async?q=site:pinterest.com mia khalifa portrait&first=40
2026-08-29 20:14:48,753 - INFO - parser - parsing result page https://www.bing.com/images/async?q=site:pinterest.com mia khalifa portrait&first=60
2026-08-29 20:14:49,023 - INFO - parser - parsing result page https://www.bing.com/images/async?q=site:pinterest.com mia khalifa portrait&first=80
2026-08-29 20:14:49,230 - INFO - downloader - image #20	https://www.indiewire.com/wp-content/uploads/2023/01/Mia-Goth-1.jpg
2026-08-29 20:14:49,481 - ERROR - downloader - Response status code 400, file https://media.gettyimages.com/id/939424986/photo/rapper-m-i-a-attends-new-directors-new-films-opening-night-at-museum-of-modern-art-on-march-28.jpg
2026-08-29 20:14:49,574 - INFO - downloader - image #21	https://c8.alamy.com/comp/E8569E/mia-performing-live-at-the-ultra-music-festival-featuring-miamathangi-E8569E.jpg
2026-08-29 20:14:50,014 - INFO - downloader - image #22	https://i.pinimg.com/originals/f4/56/4b/f4564bea4571aa31d3c97209b4e6e7c4.jpg
2026-08-29 20:14:50,308 - ERROR - downloader - Response status code 400, file https://media.gettyimages.com/id/138326664/photo/m-i-a-performs-during-the-bridgestone-super-bowl-xlvi-halftime-show-at-lucas-oil-stadium-on.jpg
2026-08-29 20:14:50,331 - INFO - downloader - image #23	https://quinlan.it/upload/images/2023/04/mia-2023-ivano-de-matteo-poster.jpg
2026-08-29 20:14:51,050 - INFO - parser - no more page urls for thread parser-001 to parse
2026-08-29 20:14:51,050 - INFO - parser - thread parser-001 exit
2026-08-29 20:14:55,318 - INFO - downloader - no more download task for thread downloader-002
2026-08-29 20:14:55,319 - INFO - downloader - thread downloader-002 exit
2026-08-29 20:14:55,335 - INFO - downloader - no more download task for thread downloader-001
2026-08-29 20:14:55,335 - INFO - downloader - thread downloader-001 exit
2026-08-29 20:14:55,683 - INFO - icrawler.crawler - Crawling task done!
2026-08-29 20:14:56,705 - INFO - icrawler.crawler - start crawling...
2026-08-29 20:14:56,705 - INFO - icrawler.crawler - starting 1 feeder threads...
2026-08-29 20:14:56,705 - INFO - feeder - thread feeder-001 exit
2026-08-29 20:14:56,705 - INFO - icrawler.crawler - starting 1 parser threads...
2026-08-29 20:14:56,706 - INFO - icrawler.crawler - starting 2 downloader threads...
2026-08-29 20:14:57,106 - INFO - parser - parsing result page https://www.bing.com/images/async?q=site:pinterest.com miakhalifa&first=0
2026-08-29 20:14:57,364 - INFO - parser - parsing result page https://www.bing.com/images/async?q=site:pinterest.com miakhalifa&first=20
2026-08-29 20:14:58,106 - ERROR - downloader - Response status code 401, file https://images-wixmp-ed30a86b8c4ca887773594c2.wixmp.com/f/004cb93c-f7e1-4e5e-9d60-0923013f6641/dcyxiuk-54407fc1-9744-435b-82be-b7ca144c42a7.jpg
2026-08-29 20:14:58,579 - INFO - downloader - image #1	https://i.pinimg.com/736x/dd/fb/e3/ddfbe3f16dfa444ead3d2b688b496d70.jpg
2026-08-29 20:14:59,074 - INFO - downloader - image #2	https://as2.ftcdn.net/jpg/13/72/10/41/1000_F_1372104130_9zcBKgcGCU1EsAvqapvLLB5Oij4g1pKC.jpg
2026-08-29 20:14:59,682 - INFO - downloader - image #3	https://thumbs.dreamstime.com/z/banaue-rice-terraces-sunrise-philippines-bright-green-cascade-down-hillside-nestled-valley-shrouded-morning-mist-as-385305249.jpg
2026-08-29 20:14:59,937 - INFO - downloader - image #4	https://www.vietnamworks.com/hrinsider/wp-content/uploads/2023/12/hinh-nen-may-tinh-dep-a-46-1.jpg
2026-08-29 20:15:00,260 - INFO - downloader - image #5	https://thumbs.dreamstime.com/b/golden-sunrise-over-banaue-s-vibrant-rice-terraces-reflecting-light-across-green-tiers-above-golden-sunrise-over-banaue-359131146.jpg
2026-08-29 20:15:00,405 - INFO - downloader - image #6	https://i.pinimg.com/736x/0d/26/e8/0d26e81a5d3d6d10a0f2e457c8654c25.jpg
2026-08-29 20:15:02,805 - INFO - downloader - image #7	https://www.philippinesdiscovery.ph/images/philippines-tours/batad-rice-terraces-700-2.jpg
2026-08-29 20:15:02,970 - INFO - downloader - image #8	https://i.etsystatic.com/20858813/r/il/d3f84c/5956117400/il_fullxfull.5956117400_7ii8.jpg
2026-08-29 20:15:03,187 - INFO - parser - parsing result page https://www.bing.com/images/async?q=site:pinterest.com miakhalifa&first=40
2026-08-29 20:15:03,413 - INFO - parser - parsing result page https://www.bing.com/images/async?q=site:pinterest.com miakhalifa&first=60
2026-08-29 20:15:04,312 - INFO - downloader - image #9	https://wallpapers.com/images/featured-full/banaue-rice-terraces-niahz1c9tlgagcbo.jpg
2026-08-29 20:15:04,601 - INFO - parser - parsing result page https://www.bing.com/images/async?q=site:pinterest.com miakhalifa&first=80
2026-08-29 20:15:04,785 - INFO - downloader - image #10	https://thumbs.dreamstime.com/z/majestic-rice-terraces-sunrise-ai-generated-breathtaking-view-high-mountain-photographed-normal-angle-scene-361306413.jpg
2026-08-29 20:15:05,720 - INFO - downloader - image #11	https://thumbs.dreamstime.com/z/stunning-sunset-over-rice-terraces-banaue-philippines-breathtaking-landscape-photography-breathtaking-panoramic-view-357401082.jpg
2026-08-29 20:15:07,130 - INFO - downloader - image #12	https://i.etsystatic.com/43249052/r/il/9815b4/5533102519/il_fullxfull.5533102519_8665.jpg
2026-08-29 20:15:07,465 - INFO - downloader - image #13	https://thumbs.dreamstime.com/b/banaue-sunrise-3006421.jpg
2026-08-29 20:15:07,885 - INFO - downloader - image #14	https://www.bookaway.com/blog/wp-content/uploads/2019/11/banaue_rice_terrace_view-600x338.jpg
2026-08-29 20:15:08,474 - INFO - downloader - image #15	https://i.etsystatic.com/43249052/r/il/e03dd9/5533114103/il_1140xN.5533114103_3u1y.jpg
2026-08-29 20:15:09,434 - INFO - downloader - image #16	https://d28hgpri8am2if.cloudfront.net/book_images/onix/cvr9781837716425/little-owl-9781837716425_xlg.jpg
2026-08-29 20:15:09,926 - INFO - downloader - image #17	https://i.ytimg.com/vi/awMpx8Bhir0/maxresdefault.jpg
2026-08-29 20:15:09,930 - INFO - downloader - image #18	https://websitesetup.org/wp-content/uploads/2020/12/cached-vs-nocache-diagram-december-2020.jpg
2026-08-29 20:15:10,470 - INFO - downloader - image #19	https://i.ytimg.com/vi/qDHUwd7pFTE/maxresdefault.jpg
2026-08-29 20:15:10,795 - ERROR - downloader - Response status code 403, file https://www.concretepage.com/webservices/resteasy-3/images/jax-rs-resteasy-3-cache-and-nocache-annotations-example-for-cache-control-1.jpg
2026-08-29 20:15:11,105 - ERROR - downloader - Exception caught when downloading file https://dockerpros.com/wp-content/uploads/2024/07/docker-compose-build-no-cache_1289.jpg, error: HTTPSConnectionPool(host='dockerpros.com', port=443): Max retries exceeded with url: /wp-content/uploads/2024/07/docker-compose-build-no-cache_1289.jpg (Caused by SSLError(SSLError(1, '[SSL: TLSV1_ALERT_PROTOCOL_VERSION] tlsv1 alert protocol version (_ssl.c:1129)'))), remaining retry times: 2
2026-08-29 20:15:11,260 - ERROR - downloader - Exception caught when downloading file https://dockerpros.com/wp-content/uploads/2024/07/docker-compose-build-no-cache_1289.jpg, error: HTTPSConnectionPool(host='dockerpros.com', port=443): Max retries exceeded with url: /wp-content/uploads/2024/07/docker-compose-build-no-cache_1289.jpg (Caused by SSLError(SSLError(1, '[SSL: TLSV1_ALERT_PROTOCOL_VERSION] tlsv1 alert protocol version (_ssl.c:1129)'))), remaining retry times: 1
2026-08-29 20:15:11,649 - ERROR - downloader - Exception caught when downloading file https://dockerpros.com/wp-content/uploads/2024/07/docker-compose-build-no-cache_1289.jpg, error: HTTPSConnectionPool(host='dockerpros.com', port=443): Max retries exceeded with url: /wp-content/uploads/2024/07/docker-compose-build-no-cache_1289.jpg (Caused by SSLError(SSLError(1, '[SSL: TLSV1_ALERT_PROTOCOL_VERSION] tlsv1 alert protocol version (_ssl.c:1129)'))), remaining retry times: 0
2026-08-29 20:15:14,538 - INFO - downloader - image #20	https://maychuso1.com/datafiles/24-08-2021/16836916232373_card-raid-hpe-gen10.jpg
2026-08-29 20:15:14,545 - INFO - downloader - image #21	https://user-images.githubusercontent.com/360736/234892341-065bfbd0-9e0e-4e1f-91db-fa1594927dbf.jpg
2026-08-29 20:15:14,809 - ERROR - downloader - Response status code 403, file https://www.researchgate.net/publication/303095276/figure/fig2/AS:361645395202058@1463234389688/Network-power-consumption-with-no-caching-and-under-variable-caching-considering-low_Q320.jpg
2026-08-29 20:15:15,077 - ERROR - downloader - Response status code 403, file https://www.fiat.co.uk/content/dam/fiat2023/cross/model-range/wl/topolino/june24/mobile.jpg
2026-08-29 20:15:15,176 - ERROR - downloader - Response status code 403, file https://www.concretepage.com/webservices/resteasy-3/images/jax-rs-resteasy-3-cache-and-nocache-annotations-example-for-cache-control-2.jpg
2026-08-29 20:15:15,624 - INFO - downloader - image #22	https://cdn11.bigcommerce.com/s-uv3gptffbq/images/stencil/1280x1280/products/2747/17386/a8723500-0940-474f-a3db-276630cd477a__59738.1774973278.jpg
2026-08-29 20:15:16,102 - INFO - downloader - image #23	https://i.ytimg.com/vi/dztb3-pPAn4/maxresdefault.jpg
2026-08-29 20:15:16,506 - ERROR - downloader - Response status code 403, file https://www.fiat.co.uk/content/dam/fiat2023/cross/model-range/wl/fiat-pro/mobile.jpg
2026-08-29 20:15:16,565 - ERROR - downloader - Response status code 403, file https://www.researchgate.net/profile/Vassilis-Tsaoussidis/publication/368189475/figure/fig14/AS:11431281117497079@1675452462703/ISR-improvement-achieved-by-NDN-DTN-compared-to-a-baseline-no-caching-scenario.jpg
2026-08-29 20:15:17,505 - INFO - downloader - image #24	https://joyfullytreasured.com/wp-content/webpc-passthru.php?src=https://joyfullytreasured.com/wp-content/uploads/2026/01/3837-1024x576.jpg
2026-08-29 20:15:19,225 - INFO - downloader - image #25	https://www.apeaksoft.com/wp-content/uploads/2024/12/clear-cache-now.jpg
2026-08-29 20:15:19,794 - INFO - downloader - image #26	https://i.ytimg.com/vi/LmJ_Qrzl9ZY/maxresdefault.jpg
2026-08-29 20:15:20,007 - ERROR - downloader - Response status code 403, file https://www.fiat.co.uk/content/dam/fiat2023/cross/model-range/wl/600-sport-mico/mobile.jpg
2026-08-29 20:15:20,229 - ERROR - downloader - Response status code 403, file https://www.fiat.co.uk/content/dam/fiat2023/cross/model-range/wl/500e-armani/mobile.jpg
2026-08-29 20:15:20,687 - INFO - downloader - image #27	https://farm9.staticflickr.com/8216/8293989580_ec78ce5c8e_b.jpg
2026-08-29 20:15:20,740 - ERROR - downloader - Response status code 403, file https://www.researchgate.net/publication/339923942/figure/fig2/AS:868796214542336@1584148567230/Illustration-of-spatiotemporal-traffic-variation-No-caching-vs-inter-cell_Q320.jpg
2026-08-29 20:15:20,942 - ERROR - downloader - Response status code 403, file https://www.fiat.co.uk/content/dam/fiat2023/cross/model-range/wl/grande-panda/mobile.jpg
2026-08-29 20:15:21,153 - ERROR - downloader - Response status code 403, file https://www.fiat.co.uk/content/dam/fiat2023/cross/model-range/wl/abarth/competizione/mobile.jpg
2026-08-29 20:15:21,383 - ERROR - downloader - Response status code 403, file https://www.fiat.co.uk/content/dam/fiat2023/professional/it/whitelabel/pop-in-header/area-riservata/mobile.jpg
2026-08-29 20:15:21,460 - ERROR - downloader - Response status code 403, file https://www.researchgate.net/profile/Rajendra-Hegadi/publication/331486258/figure/fig5/AS:732608203874304@1551678815188/ICN-no-caching-impact-on-delay_Q320.jpg
2026-08-29 20:15:22,236 - INFO - parser - no more page urls for thread parser-001 to parse
2026-08-29 20:15:22,237 - INFO - parser - thread parser-001 exit
2026-08-29 20:15:26,465 - INFO - downloader - no more download task for thread downloader-002
2026-08-29 20:15:26,465 - INFO - downloader - thread downloader-002 exit
2026-08-29 20:15:29,619 - ERROR - downloader - Exception caught when downloading file https://jhzyedu.cn/virtual_attach_file.vsb?afc=fLmvkYnR-bLzLDLRNlYLmLaLm9sM8Q7koRVRUzWfM8nRL8-0gihFp2hmCIa0L1yDUYyaoShkMzNZMN-8UmUZozAVM7V7oR9ZLmvsL7-ZnRrFLlLDLRMRoRQFL8LDnl7Jqjfjo4OeoDXZq2xE_IX4_dN0qIbtpYyPLRC8g47Yoz-PgtA8pUVcc&oid=2140121785&tid=1064&nid=12921&e=.jpg, error: HTTPSConnectionPool(host='jhzyedu.cn', port=443): Read timed out., remaining retry times: 2
2026-08-29 20:15:39,972 - ERROR - downloader - Exception caught when downloading file https://jhzyedu.cn/virtual_attach_file.vsb?afc=fLmvkYnR-bLzLDLRNlYLmLaLm9sM8Q7koRVRUzWfM8nRL8-0gihFp2hmCIa0L1yDUYyaoShkMzNZMN-8UmUZozAVM7V7oR9ZLmvsL7-ZnRrFLlLDLRMRoRQFL8LDnl7Jqjfjo4OeoDXZq2xE_IX4_dN0qIbtpYyPLRC8g47Yoz-PgtA8pUVcc&oid=2140121785&tid=1064&nid=12921&e=.jpg, error: HTTPSConnectionPool(host='jhzyedu.cn', port=443): Read timed out. (read timeout=5), remaining retry times: 1
2026-08-29 20:15:54,915 - ERROR - downloader - Exception caught when downloading file https://jhzyedu.cn/virtual_attach_file.vsb?afc=fLmvkYnR-bLzLDLRNlYLmLaLm9sM8Q7koRVRUzWfM8nRL8-0gihFp2hmCIa0L1yDUYyaoShkMzNZMN-8UmUZozAVM7V7oR9ZLmvsL7-ZnRrFLlLDLRMRoRQFL8LDnl7Jqjfjo4OeoDXZq2xE_IX4_dN0qIbtpYyPLRC8g47Yoz-PgtA8pUVcc&oid=2140121785&tid=1064&nid=12921&e=.jpg, error: HTTPSConnectionPool(host='jhzyedu.cn', port=443): Read timed out. (read timeout=5), remaining retry times: 0
2026-08-29 20:15:59,924 - INFO - downloader - no more download task for thread downloader-001
2026-08-29 20:15:59,925 - INFO - downloader - thread downloader-001 exit
2026-08-29 20:16:00,094 - INFO - icrawler.crawler - Crawling task done!
2026-08-29 20:16:01,113 - INFO - icrawler.crawler - start crawling...
2026-08-29 20:16:01,113 - INFO - icrawler.crawler - starting 1 feeder threads...
2026-08-29 20:16:01,114 - INFO - feeder - thread feeder-001 exit
2026-08-29 20:16:01,114 - INFO - icrawler.crawler - starting 1 parser threads...
2026-08-29 20:16:01,114 - INFO - icrawler.crawler - starting 2 downloader threads...
2026-08-29 20:16:01,770 - INFO - parser - parsing result page https://www.bing.com/images/async?q=miakhalifa instagram&first=0
2026-08-29 20:16:02,164 - INFO - downloader - image #1	https://viapais.com.ar/resizer/EEmT95XTmgd08rpyymt6gcSsAsI=/1023x1278/smart/cloudfront-us-east-1.images.arcpublishing.com/grupoclarin/5GCOUYYS3JBBNIM7JXTPWU6PAI.jpg
2026-08-29 20:16:02,223 - INFO - downloader - image #2	https://www.viapais.com.ar/resizer/v2/2KU3TWUVGFGTZFIVYM2XTYPLFU.jpg
2026-08-29 20:16:02,299 - INFO - downloader - image #3	https://viapais.com.ar/resizer/-sXLWlOSo-oPOWisqh99uV9Yc84=/980x640/smart/filters:quality(75):format(webp)/cloudfront-us-east-1.images.arcpublishing.com/grupoclarin/O4SQS7X42JEXHBJ25ZK6XAGFBQ.jpg
2026-08-29 20:16:02,807 - INFO - downloader - image #4	https://www.stylethatmatters.com/img/14168966327816.jpg
2026-08-29 20:16:04,377 - INFO - downloader - image #5	https://www.hawtcelebs.com/wp-content/uploads/2026/03/mia-khalifa-instagram-photos-02-28-2026-28.jpg
2026-08-29 20:16:05,390 - INFO - downloader - image #6	https://i.pinimg.com/originals/f0/11/e9/f011e9a9c150a60966918e352a6c710e.jpg
2026-08-29 20:16:05,517 - INFO - downloader - image #7	https://www.viapais.com.ar/resizer/v2/FMHRE7PFTBGOLCW7JTDMO6XH2I.jpg
2026-08-29 20:16:07,094 - INFO - downloader - image #8	https://www.hawtcelebs.com/wp-content/uploads/2026/03/mia-khalifa-instagram-photos-02-28-2026-8.jpg
2026-08-29 20:16:07,931 - INFO - downloader - image #9	https://story.storiesdb.ch/2708048228/profile_pic.jpg
2026-08-29 20:16:08,417 - ERROR - downloader - Response status code 403, file https://www.revistaclase.mx/resizer/v2/3BSUT2DKMJBBFGJ3E6DH4ZSK3Y.jpg
2026-08-29 20:16:08,624 - INFO - downloader - image #10	https://www.hawtcelebs.com/wp-content/uploads/2026/04/mia-khalifa-instagram-photos-04-03-2026-1.jpg
2026-08-29 20:16:08,738 - INFO - downloader - image #11	https://www.hawtcelebs.com/wp-content/uploads/2026/04/mia-khalifa-instagram-photos-03-31-2026-9.jpg
2026-08-29 20:16:08,753 - INFO - downloader - image #12	https://www.hawtcelebs.com/wp-content/uploads/2026/03/mia-khalifa-instagram-photos-02-28-2026-36.jpg
2026-08-29 20:16:09,211 - INFO - downloader - image #13	https://wallpapers.com/images/hd/mia-khalifa-pictures-cus96rliebyyqrnz.jpg
2026-08-29 20:16:09,364 - INFO - downloader - image #14	https://www.viapais.com.ar/resizer/v2/QPB6CZK5UFBP5BUDW44GWSSW5Q.jpg
2026-08-29 20:16:09,408 - INFO - downloader - image #15	https://www.realitytea.com/wp-content/uploads/sites/6/2026/03/Mia-Khalifa-1.jpg
2026-08-29 20:16:09,540 - INFO - downloader - image #16	https://viapais.com.ar/resizer/PkyeYzmCm1PcippTBxUkR8PoWjw=/1023x1278/smart/cloudfront-us-east-1.images.arcpublishing.com/grupoclarin/S2KMWQCKAVA7FD5BZ7T6U2G5WQ.jpg
2026-08-29 20:16:09,967 - INFO - downloader - image #17	https://static1.purepeople.com/articles/8/39/44/78/@/5670545-mia-khalifa-sur-instagram-la-jeune-infl-1200x0-1.jpg
2026-08-29 20:16:10,531 - INFO - parser - parsing result page https://www.bing.com/images/async?q=miakhalifa instagram&first=20
2026-08-29 20:16:11,731 - INFO - downloader - image #18	https://www.hawtcelebs.com/wp-content/uploads/2026/04/mia-khalifa-instagram-photos-04-24-2026-5.jpg
2026-08-29 20:16:12,285 - INFO - downloader - image #19	https://www.hawtcelebs.com/wp-content/uploads/2026/03/mia-khalifa-instagram-photos-03-04-2026-0.jpg
2026-08-29 20:16:13,165 - INFO - downloader - image #20	https://1.bp.blogspot.com/-KLT-veKz5_c/Xy5bBoKEgKI/AAAAAAAA7Xw/mbcQ9gbikqoE54pudi3Uare-vvwa_eYUACNcBGAsYHQ/s1600/Celebrity%2BPhotos%2BDaily%2BMia%2BKhalifa%2BInstagram%2BClicks%2B-Aug%2B-2020d%2B%25286%2529.jpg
2026-08-29 20:16:13,288 - INFO - downloader - image #21	https://www.viapais.com.ar/resizer/v2/GCCBKTC74RFKFPHSJIMB25F2PA.jpg
2026-08-29 20:16:14,584 - INFO - downloader - image #22	https://i0.wp.com/geekybar.com/wp-content/uploads/2021/12/Mia-Khalifa-4.jpg
2026-08-29 20:16:14,718 - INFO - downloader - image #23	https://www.hawtcelebs.com/wp-content/uploads/2026/05/mia-khalifa-instagram-photos-05-25-2026-5.jpg
2026-08-29 20:16:15,399 - INFO - downloader - image #24	https://static.spotboye.com/uploads/7_2021-11-4-9-12-59_thumbnail_2021-11-30-13-57-15_thumbnail.jpg
2026-08-29 20:16:15,421 - INFO - downloader - image #25	https://www.hawtcelebs.com/wp-content/uploads/2026/06/mia-khalifa-instagram-photos-05-31-2026-10.jpg
2026-08-29 20:16:16,132 - INFO - downloader - image #26	https://viapais.com.ar/resizer/8ImOB-19okhkD0RTDI_UbFAP370=/1023x1023/smart/cloudfront-us-east-1.images.arcpublishing.com/grupoclarin/UJLDFKRV25DP3OIWZURFCMIO5Y.jpg
2026-08-29 20:16:16,866 - INFO - downloader - image #27	https://viapais.com.ar/resizer/vFEPpLwBJD83w8gqPNTZUhY06UA=/0x0:0x0/1200x630/filters:quality(80):format(webp)/cloudfront-us-east-1.images.arcpublishing.com/grupoclarin/3KTVJQX32NAIBLF435WF37OIFA.jpg
2026-08-29 20:16:18,487 - INFO - downloader - image #28	https://www.hawtcelebs.com/wp-content/uploads/2026/03/mia-khalifa-instagram-photos-03-11-2026-4.jpg
2026-08-29 20:16:18,682 - INFO - downloader - image #29	https://www.hawtcelebs.com/wp-content/uploads/2026/04/mia-khalifa-instagram-photos-03-31-2026-4.jpg
2026-08-29 20:16:18,806 - INFO - downloader - image #30	https://www.hawtcelebs.com/wp-content/uploads/2026/04/mia-khalifa-instagram-photos-04-13-2026-0.jpg
2026-08-29 20:16:20,940 - INFO - downloader - image #31	https://media.gq.com.mx/photos/5be99a785c1fcb07c34becaa/16:9/w_2580,c_limit/las_fotos_mas_sexys_y_divertidas_de_mia_khalifa_en_instagram_794802499.jpg
2026-08-29 20:16:21,056 - INFO - downloader - image #32	https://www.hawtcelebs.com/wp-content/uploads/2026/06/mia-khalifa-instagram-photos-05-31-2026-7.jpg
2026-08-29 20:16:21,186 - INFO - downloader - image #33	https://www.hawtcelebs.com/wp-content/uploads/2026/04/mia-khalifa-instagram-photos-04-13-2026-4.jpg
2026-08-29 20:16:21,427 - INFO - parser - parsing result page https://www.bing.com/images/async?q=miakhalifa instagram&first=40
2026-08-29 20:16:22,908 - INFO - downloader - image #34	https://www.hawtcelebs.com/wp-content/uploads/2026/03/mia-khalifa-instagram-photos-03-03-2026-3.jpg
2026-08-29 20:16:23,600 - INFO - downloader - image #35	https://viapais.com.ar/resizer/fjnljnYaQ0C_OjJG7gu2Ia8iy3A=/1023x575/smart/cloudfront-us-east-1.images.arcpublishing.com/grupoclarin/I6GAMPRKWNFGJHXS2YTWXIYTE4.jpg
2026-08-29 20:16:23,685 - INFO - downloader - image #36	https://media.gq.com.mx/photos/5be99a7aeb867fa8e545bc62/master/w_1280%2cc_limit/las_fotos_mas_sexys_y_divertidas_de_mia_khalifa_en_instagram_471372182.jpg
2026-08-29 20:16:23,796 - INFO - downloader - image #37	https://www.hawtcelebs.com/wp-content/uploads/2026/03/mia-khalifa-instagram-photos-03-03-2026-2.jpg
2026-08-29 20:16:24,042 - INFO - downloader - image #38	https://www.hawtcelebs.com/wp-content/uploads/2026/04/mia-khalifa-instagram-photos-04-01-2026-1.jpg
2026-08-29 20:16:24,667 - INFO - downloader - image #39	https://viapais.com.ar/resizer/_ushZamU_6YIBPqedUY_cu7cq7s=/1023x1818/smart/cloudfront-us-east-1.images.arcpublishing.com/grupoclarin/VTGSCT5Y3VAHBDSF6QPGVWD2UM.jpg
2026-08-29 20:16:24,738 - INFO - downloader - image #40	https://i.ytimg.com/vi/CcgxITDHugI/maxresdefault.jpg
2026-08-29 20:16:26,312 - INFO - downloader - image #41	https://img.styl.fm/resize/w1280/newsy/wp-content/uploads/2021/03/mia-khalifa.jpg
2026-08-29 20:16:27,131 - INFO - downloader - image #42	https://www.hawtcelebs.com/wp-content/uploads/2026/04/mia-khalifa-instagram-photos-04-13-2026-3.jpg
2026-08-29 20:16:27,263 - INFO - downloader - image #43	https://viapais.com.ar/resizer/fybeNizJRGQHjcqodpC87pClswY=/1023x1277/smart/cloudfront-us-east-1.images.arcpublishing.com/grupoclarin/M6LU7PN56JDGFETFZ4XMJCIW2Q.jpg
2026-08-29 20:16:27,688 - INFO - downloader - image #44	https://tvovermind.com/wp-content/uploads/2023/07/Mia-Khalifa-drinking-wine-921x1024.jpg
2026-08-29 20:16:27,987 - INFO - downloader - image #45	https://www.kentonline.co.uk/_media/img/1626I086DJBNFTW4YZO5.jpg
2026-08-29 20:16:28,351 - INFO - parser - parsing result page https://www.bing.com/images/async?q=miakhalifa instagram&first=60
2026-08-29 20:16:28,648 - INFO - downloader - image #46	https://1.bp.blogspot.com/-UUBofjg8tN0/Xzf9lNWe-AI/AAAAAAAA97I/vz8PWztCoIw1XaljQVkhQ7ppZH6ZrP3PwCNcBGAsYHQ/w800/Celebrity%2BPhotos%2BDaily%2BMia%2BKhalifa%2BInstagram%2BClicks%2BAUg%2B-2020%2B%25281%2529.jpg
2026-08-29 20:16:28,893 - INFO - downloader - image #47	https://www.realitytea.com/wp-content/uploads/sites/6/2025/11/Mia-Khalifas-Selfie-in-Daring-Top-Demands-Attention.jpg
2026-08-29 20:16:30,946 - INFO - downloader - image #48	https://www.hawtcelebs.com/wp-content/uploads/2026/03/mia-khalifa-instagram-photos-03-11-2026-1.jpg
2026-08-29 20:16:33,609 - INFO - downloader - image #49	https://www.hawtcelebs.com/wp-content/uploads/2026/03/mia-khalifa-instagram-photos-03-04-2026-6_thumbnail.jpg
2026-08-29 20:16:34,277 - INFO - downloader - image #50	https://1.bp.blogspot.com/-ahmf24kOOQA/Xzf9mi8VvEI/AAAAAAAA97Q/mWUnqJhth3MXZD4JHzVBZXBBuyjxtC2rwCNcBGAsYHQ/s1600/Celebrity%2BPhotos%2BDaily%2BMia%2BKhalifa%2BInstagram%2BClicks%2BAUg%2B-2020%2B%25283%2529.jpg
2026-08-29 20:16:36,684 - INFO - downloader - image #51	https://www.hawtcelebs.com/wp-content/uploads/2026/03/mia-khalifa-instagram-photos-02-28-2026-20.jpg
2026-08-29 20:16:37,795 - INFO - downloader - image #52	https://tvovermind.com/wp-content/uploads/2023/08/Top-20-Hottest-Mia-Khalifa-Instagram-Pics.jpg
2026-08-29 20:16:39,145 - INFO - downloader - image #53	https://i0.wp.com/www.laurag.tv/wp-content/uploads/2022/02/mia-khalifa-2.jpg
2026-08-29 20:16:42,235 - INFO - downloader - image #54	https://instafamosos.com.br/wp-content/uploads/2024/05/instagram-mia-khalifa.jpg
2026-08-29 20:16:42,537 - INFO - downloader - image #55	https://www.hawtcelebs.com/wp-content/uploads/2026/04/mia-khalifa-instagram-photos-04-24-2026-10.jpg
2026-08-29 20:16:43,094 - INFO - downloader - image #56	https://viapais.com.ar/resizer/Dpe3idR4OhgEMlahYIpAYZAMcJs=/980x640/smart/filters:quality(75):format(webp)/cloudfront-us-east-1.images.arcpublishing.com/grupoclarin/OPPRFJYY5FDJFDBILSLVKG5ZTA.jpg
2026-08-29 20:16:43,524 - INFO - parser - parsing result page https://www.bing.com/images/async?q=miakhalifa instagram&first=80
2026-08-29 20:16:44,300 - INFO - downloader - image #57	https://i2-prod.dailystar.co.uk/incoming/article23478397.ece/ALTERNATES/s615b/0_Mia-Khalifa-posts-sizzling-new-snap-and-remembers-smashing-up-Audi-to-celebrate-her-birthday.jpg
2026-08-29 20:16:45,851 - INFO - downloader - image #58	https://www.hawtcelebs.com/wp-content/uploads/2026/04/mia-khalifa-instagram-photos-03-31-2026-12_thumbnail.jpg
2026-08-29 20:16:45,916 - INFO - downloader - image #59	https://phantom-marca-us.unidadeditorial.es/bae1da1a91db0bb6a89be15bbfd807ee/crop/0x0/612x408/resize/1320/f/jpg/assets/multimedia/imagenes/2023/04/17/16817614781401.jpg
2026-08-29 20:16:47,733 - INFO - downloader - image #60	https://www.hawtcelebs.com/wp-content/uploads/2026/04/mia-khalifa-instagram-photos-03-31-2026-11.jpg
2026-08-29 20:16:48,252 - INFO - downloader - image #61	https://viapais.com.ar/images/2026/05/11/H4zmNs5d7C_1200x675.jpg
2026-08-29 20:16:48,344 - INFO - downloader - image #62	https://www.hawtcelebs.com/wp-content/uploads/2026/04/mia-khalifa-instagram-photos-04-07-2026-2_thumbnail.jpg
2026-08-29 20:16:49,006 - INFO - downloader - image #63	https://viapais.com.ar/resizer/A6DQVancPJSW9I3uL4JTokIhAQY=/1023x1277/smart/cloudfront-us-east-1.images.arcpublishing.com/grupoclarin/Z7PZZPMHPVGLJLISWZKS4BJGU4.jpg
2026-08-29 20:16:49,099 - INFO - downloader - image #64	https://www.hawtcelebs.com/wp-content/uploads/2026/03/mia-khalifa-instagram-photos-02-28-2026-23.jpg
2026-08-29 20:16:49,835 - INFO - downloader - image #65	https://viapais.com.ar/resizer/fTftaZRLl6D7OAHWGAofXsyE_So=/1023x1277/smart/cloudfront-us-east-1.images.arcpublishing.com/grupoclarin/IUOMM4CNVZBDNCA3JACUA7BRYY.jpg
2026-08-29 20:16:49,874 - INFO - downloader - image #66	https://viapais.com.ar/resizer/x9BOW69OIMbH4-7nbWoX1d6Sy1Q=/1023x1023/smart/cloudfront-us-east-1.images.arcpublishing.com/grupoclarin/TH5R3NLKAZD7PDADH65FFFDCX4.jpg
2026-08-29 20:16:50,489 - INFO - downloader - image #67	https://viapais.com.ar/resizer/gMmQz6LooENj7MkRLlCm6-6qGJo=/1023x1088/smart/cloudfront-us-east-1.images.arcpublishing.com/grupoclarin/LLFEZKI7GBFQLCIDI6BITI7D3E.jpg
2026-08-29 20:16:51,831 - INFO - downloader - image #68	https://www.hawtcelebs.com/wp-content/uploads/2026/06/mia-khalifa-instagram-photos-06-05-2026-3_thumbnail.jpg
2026-08-29 20:16:52,392 - INFO - downloader - image #69	https://viapais.com.ar/resizer/6NTuOKSKDo-82VuhS4jAt4SCSYs=/980x640/smart/filters:quality(75):format(webp)/cloudfront-us-east-1.images.arcpublishing.com/grupoclarin/HHYR65E5OFGUNCI4OPCRW4AOOM.jpg
2026-08-29 20:16:53,047 - INFO - downloader - image #70	https://viapais.com.ar/resizer/OonUGwlJi3XEybrImi5RFVNlsBw=/1023x1278/smart/cloudfront-us-east-1.images.arcpublishing.com/grupoclarin/5HZZN6HKCBAKLCOXMZP7A3DHPI.jpg
2026-08-29 20:16:54,237 - INFO - downloader - image #71	https://www.hawtcelebs.com/wp-content/uploads/2026/03/mia-khalifa-instagram-photos-03-03-2026-4.jpg
2026-08-29 20:16:55,041 - INFO - downloader - image #72	https://celebsla.com/wp-content/uploads/2023/06/mia-khalifa-attends-the-louis-vuitton-menswear-spring-summer-show-in-paris-06-20-2023-1-620x1024.jpg
2026-08-29 20:16:55,056 - INFO - parser - no more page urls for thread parser-001 to parse
2026-08-29 20:16:55,056 - INFO - parser - thread parser-001 exit
2026-08-29 20:16:55,135 - INFO - downloader - image #73	https://viapais.com.ar/resizer/NtoJiN2U-1oM6QlPaannuCRe4x8=/1023x1278/smart/cloudfront-us-east-1.images.arcpublishing.com/grupoclarin/HRQUGXMD7BAHJFZIUNQVCSCBIY.jpg
2026-08-29 20:16:56,705 - INFO - downloader - image #74	https://animatedtimes.com/wp-content/uploads/2022/10/Mia-Khalifa-Blasts-Instagram-Double-Standards.jpg
2026-08-29 20:16:57,060 - INFO - downloader - image #75	https://blogger.googleusercontent.com/img/b/R29vZ2xl/AVvXsEhg2IPjT5EjZzs5jG6dCm_A3Sa-u3VICceSEJ_3LPmhOzRl11qm_p_JPRP9iHqenBKllQZShB97BqKgliaV9cfvVs2pdhrsUq3Avn4JwZXGhhRpbUndUqygNm1TB_k-sf0m4ohIMVgBEl5KUKFl7jWtCcDUDt2mW8LH4SbOrenVh0SXEIUHoG_yb-1Y/s1350/Snapinsta.app_312562817_117731337627128_1988382427094607541_n_1080.jpg
2026-08-29 20:16:58,032 - INFO - downloader - image #76	https://viapais.com.ar/resizer/f-wwkq4PYTekNii29qoO7K729Os=/1023x1278/smart/cloudfront-us-east-1.images.arcpublishing.com/grupoclarin/HIRE6L6PTFARJNHGC36VFUZC7U.jpg
2026-08-29 20:16:58,373 - INFO - downloader - image #77	https://instafamosos.com.br/wp-content/uploads/2024/08/0-2.jpg
2026-08-29 20:17:03,036 - INFO - downloader - no more download task for thread downloader-002
2026-08-29 20:17:03,037 - INFO - downloader - thread downloader-002 exit
2026-08-29 20:17:03,381 - INFO - downloader - no more download task for thread downloader-001
2026-08-29 20:17:03,381 - INFO - downloader - thread downloader-001 exit
2026-08-29 20:17:03,545 - INFO - icrawler.crawler - Crawling task done!
2026-08-29 20:17:04,583 - INFO - icrawler.crawler - start crawling...
2026-08-29 20:17:04,583 - INFO - icrawler.crawler - starting 1 feeder threads...
2026-08-29 20:17:04,584 - INFO - feeder - thread feeder-001 exit
2026-08-29 20:17:04,584 - INFO - icrawler.crawler - starting 1 parser threads...
2026-08-29 20:17:04,584 - INFO - icrawler.crawler - starting 2 downloader threads...
2026-08-29 20:17:05,251 - INFO - parser - parsing result page https://www.bing.com/images/async?q=mia khalifa youtube thumbnail face&first=0
2026-08-29 20:17:05,728 - INFO - downloader - image #1	https://i.ytimg.com/vi/Dg_jPcPvvM4/maxresdefault.jpg
2026-08-29 20:17:05,937 - INFO - downloader - image #2	https://i.ytimg.com/vi/giCRUyDiMlk/oar2.jpg
2026-08-29 20:17:06,156 - INFO - downloader - image #3	https://i.ytimg.com/vi/Yxw70k25TmY/oar2.jpg
2026-08-29 20:17:06,222 - INFO - downloader - image #4	https://i.ytimg.com/vi/KfOS7xiSuoc/hq2.jpg
2026-08-29 20:17:06,567 - INFO - downloader - image #5	https://i.ytimg.com/vi/u6lYzXTpQtU/maxresdefault.jpg
2026-08-29 20:17:06,683 - INFO - downloader - image #6	https://i.ytimg.com/vi/MQYtb0l0fX4/hq720_2.jpg
2026-08-29 20:17:06,857 - INFO - downloader - image #7	https://i.ytimg.com/vi/6hT4i5tsK5o/maxresdefault.jpg
2026-08-29 20:17:06,978 - INFO - downloader - image #8	https://i.ytimg.com/vi/dOy5XE5jmPA/maxres2.jpg
2026-08-29 20:17:07,379 - INFO - downloader - image #9	https://i.ytimg.com/vi/0x0-S0_z8P4/maxresdefault.jpg
2026-08-29 20:17:07,470 - ERROR - downloader - Response status code 404, file https://i.ytimg.com/vi/7j2DlXZG7L0/maxresdefault.jpg
2026-08-29 20:17:07,492 - INFO - downloader - image #10	https://i.ytimg.com/vi/vkdsg31bAkg/maxresdefault.jpg
2026-08-29 20:17:07,904 - INFO - downloader - image #11	https://i.ytimg.com/vi/MQYtb0l0fX4/hq2.jpg
2026-08-29 20:17:07,973 - INFO - downloader - image #12	https://i.ytimg.com/vi/OEQRcYgVHag/hq720_2.jpg
2026-08-29 20:17:08,248 - INFO - downloader - image #13	https://i.ytimg.com/vi/3puN6T8Ys7k/maxres2.jpg
2026-08-29 20:17:08,494 - INFO - downloader - image #14	https://i.ytimg.com/vi/et_rTBdvoKA/oardefault.jpg
2026-08-29 20:17:08,734 - INFO - downloader - image #15	https://i.ytimg.com/vi/-4hnVC_DnWI/hq720_2.jpg
2026-08-29 20:17:08,955 - INFO - downloader - image #16	https://i.ytimg.com/vi/ehAozCETX_Q/maxres2.jpg
2026-08-29 20:17:09,024 - INFO - downloader - image #17	https://i.ytimg.com/vi/TwqpuLQ_4-U/maxres2.jpg
2026-08-29 20:17:09,479 - INFO - downloader - image #18	https://i.ytimg.com/vi/q4yedoP5WiE/oar2.jpg
2026-08-29 20:17:09,481 - INFO - downloader - image #19	https://i.ytimg.com/vi/mGl5_oDveNw/maxres2.jpg
2026-08-29 20:17:09,889 - INFO - parser - parsing result page https://www.bing.com/images/async?q=mia khalifa youtube thumbnail face&first=20
2026-08-29 20:17:09,947 - INFO - downloader - image #20	https://i.ytimg.com/vi/V-7KQhYtOF4/maxres2.jpg
2026-08-29 20:17:09,970 - INFO - downloader - image #21	https://i.ytimg.com/vi/b9tuMoNDK1Q/hq720_2.jpg
2026-08-29 20:17:10,073 - INFO - downloader - image #22	https://i.ytimg.com/vi/ciUdNFZJpDo/maxresdefault.jpg
2026-08-29 20:17:10,164 - INFO - downloader - image #23	https://i.ytimg.com/vi/HVRPKXTVHFE/maxresdefault.jpg
2026-08-29 20:17:10,594 - INFO - downloader - image #24	https://i.ytimg.com/vi/kjuIDfetkM8/maxres2.jpg
2026-08-29 20:17:10,649 - INFO - downloader - image #25	https://i.ytimg.com/vi/750-dzjjx34/oar2.jpg
2026-08-29 20:17:11,125 - INFO - downloader - image #26	https://i.ytimg.com/vi/Wka9c2v3AwM/maxresdefault.jpg
2026-08-29 20:17:11,227 - INFO - downloader - image #27	https://i.ytimg.com/vi/v5KAsUA8tWM/hq2.jpg
2026-08-29 20:17:11,665 - INFO - downloader - image #28	https://i.ytimg.com/vi/8gw-SGCr8lY/hqdefault.jpg
2026-08-29 20:17:11,681 - INFO - downloader - image #29	https://i.ytimg.com/vi/VRjgOyslOdk/maxresdefault.jpg
2026-08-29 20:17:11,956 - ERROR - downloader - Response status code 404, file https://i.ytimg.com/vi/HXo8mdczw8c/maxresdefault.jpg
2026-08-29 20:17:11,968 - INFO - downloader - image #30	https://i.ytimg.com/vi/viR6XNNP3rs/oar2.jpg
2026-08-29 20:17:11,999 - INFO - parser - parsing result page https://www.bing.com/images/async?q=mia khalifa youtube thumbnail face&first=40
2026-08-29 20:17:12,276 - INFO - downloader - image #31	https://i.ytimg.com/vi/tNzGds6woyU/maxresdefault.jpg
2026-08-29 20:17:12,399 - INFO - downloader - image #32	https://i.ytimg.com/vi/FtJXR_sUNN4/hq2.jpg
2026-08-29 20:17:12,793 - INFO - downloader - image #33	https://i.ytimg.com/vi/4E9YJ5Bdk80/oar2.jpg
2026-08-29 20:17:12,872 - INFO - downloader - image #34	https://i.ytimg.com/vi/Y7L2wLSoxoI/oar2.jpg
2026-08-29 20:17:13,194 - INFO - downloader - image #35	https://i.ytimg.com/vi/wC70y0tA3E0/maxresdefault.jpg
2026-08-29 20:17:13,302 - INFO - downloader - image #36	https://i.ytimg.com/vi/YtyAMU5ymjk/maxresdefault.jpg
2026-08-29 20:17:13,669 - INFO - downloader - image #37	https://i.ytimg.com/vi/ph2QxHApdAA/maxresdefault.jpg
2026-08-29 20:17:13,780 - INFO - downloader - image #38	https://i.ytimg.com/vi/BRS7SK1SiBs/hq720_2.jpg
2026-08-29 20:17:14,053 - INFO - downloader - image #39	https://i.ytimg.com/vi/vcqD9ex3KtA/hq720_2.jpg
2026-08-29 20:17:14,232 - INFO - downloader - image #40	https://i.ytimg.com/vi/3TsabnFODCU/hq720_2.jpg
2026-08-29 20:17:14,534 - INFO - downloader - image #41	https://i.ytimg.com/vi/gMoEwKetxT8/oar2.jpg
2026-08-29 20:17:14,707 - INFO - downloader - image #42	https://i.ytimg.com/vi/4I_mTinMON0/maxresdefault.jpg
2026-08-29 20:17:14,861 - INFO - parser - parsing result page https://www.bing.com/images/async?q=mia khalifa youtube thumbnail face&first=60
2026-08-29 20:17:15,006 - INFO - downloader - image #43	https://i.ytimg.com/vi/UBNc0HaTLrU/maxres2.jpg
2026-08-29 20:17:15,343 - INFO - downloader - image #44	https://i.ytimg.com/vi/tWABDXApQeI/maxres2.jpg
2026-08-29 20:17:15,487 - INFO - downloader - image #45	https://i.ytimg.com/vi/DYx9-4ShPrg/hq720_2.jpg
2026-08-29 20:17:15,623 - INFO - downloader - image #46	https://i.ytimg.com/vi/rAMEdnfsTSk/maxresdefault.jpg
2026-08-29 20:17:15,786 - ERROR - downloader - Response status code 404, file https://i.ytimg.com/vi/LtcOPap6NvI/maxres2.jpg
2026-08-29 20:17:15,898 - INFO - downloader - image #47	https://i.ytimg.com/vi/zP04Nb_lesI/maxresdefault.jpg
2026-08-29 20:17:16,054 - INFO - downloader - image #48	https://i.ytimg.com/vi/7e7lDyuiSos/maxresdefault.jpg
2026-08-29 20:17:16,193 - INFO - downloader - image #49	https://i.ytimg.com/vi/zz2cX9O5wpk/maxresdefault.jpg
2026-08-29 20:17:16,453 - INFO - downloader - image #50	https://i.ytimg.com/vi/os2TdwvWGOo/maxres2.jpg
2026-08-29 20:17:16,503 - INFO - downloader - image #51	https://i.ytimg.com/vi/g1rmMYYekbA/maxresdefault.jpg
2026-08-29 20:17:16,967 - INFO - downloader - image #52	https://i.ytimg.com/vi/h1Uep-w38TU/hq720_2.jpg
2026-08-29 20:17:17,097 - INFO - downloader - image #53	https://i.ytimg.com/vi/EH-bSYnqG8w/hq720_2.jpg
2026-08-29 20:17:17,417 - INFO - parser - parsing result page https://www.bing.com/images/async?q=mia khalifa youtube thumbnail face&first=80
2026-08-29 20:17:17,528 - ERROR - downloader - Response status code 404, file https://i.ytimg.com/vi/YVmsSYjykLE/maxres2.jpg
2026-08-29 20:17:17,677 - INFO - downloader - image #54	https://i.ytimg.com/vi/M7qhx3fjVkQ/oar2.jpg
2026-08-29 20:17:17,818 - INFO - downloader - image #55	https://i.ytimg.com/vi/xH0edP23vMs/maxres2.jpg
2026-08-29 20:17:18,202 - INFO - downloader - image #56	https://i.ytimg.com/vi/o8urqbzb08o/maxresdefault.jpg
2026-08-29 20:17:18,256 - INFO - downloader - image #57	https://i.ytimg.com/vi/t8OK5DQKR7k/maxres2.jpg
2026-08-29 20:17:18,702 - INFO - downloader - image #58	https://i.ytimg.com/vi/1H3sw1TkqVw/maxresdefault.jpg
2026-08-29 20:17:18,728 - INFO - downloader - image #59	https://i.ytimg.com/vi/lEQJ8pSEfww/oar2.jpg
2026-08-29 20:17:19,020 - INFO - downloader - image #60	https://i.ytimg.com/vi/mo_mCNw52Q4/maxresdefault.jpg
2026-08-29 20:17:19,175 - INFO - downloader - image #61	https://i.ytimg.com/vi/r-OVitageGA/maxres2.jpg
2026-08-29 20:17:19,275 - INFO - downloader - image #62	https://i.ytimg.com/vi/bKB6j4fEuWA/maxresdefault.jpg
2026-08-29 20:17:19,680 - INFO - downloader - image #63	https://i.ytimg.com/vi/EwoNGuUT8kI/maxresdefault.jpg
2026-08-29 20:17:19,814 - INFO - downloader - image #64	https://i.ytimg.com/vi/HwwDt-WCQqA/hq720_2.jpg
2026-08-29 20:17:20,222 - INFO - downloader - image #65	https://images.ladbible.com/resize?type=webp&quality=70&width=2048&fit=contain&gravity=auto&url=https://images.ladbiblegroup.com/v3/assets/bltcd74acc1d0a99f3a/bltd9af0149b8976db8/68389480c1809c0d4b3abba2/mia-khalifa-advice.jpg
2026-08-29 20:17:20,298 - INFO - downloader - image #66	https://i.ytimg.com/vi/WgZVwtoPy8Q/maxresdefault.jpg
2026-08-29 20:17:20,614 - ERROR - downloader - Response status code 403, file https://www.celebrity-cutouts.com/wp-content/uploads/2024/02/mia-khalifa-make-up.jpg
2026-08-29 20:17:21,005 - INFO - downloader - image #67	https://api.memes.co.in/media/memesvideo/thumbnail/fce1f907.jpg
2026-08-29 20:17:21,403 - INFO - downloader - image #68	https://wallpapers.com/images/hd/mia-khalifa-blank-stare-fzucw1n4ug3af0s3.jpg
2026-08-29 20:17:21,686 - INFO - parser - no more page urls for thread parser-001 to parse
2026-08-29 20:17:21,687 - INFO - parser - thread parser-001 exit
2026-08-29 20:17:22,194 - INFO - downloader - image #69	https://paginanaranja.com/wp-content/uploads/2025/01/mia-khalifa-pagina-naranja-830x773.jpg
2026-08-29 20:17:26,410 - INFO - downloader - no more download task for thread downloader-002
2026-08-29 20:17:26,410 - INFO - downloader - thread downloader-002 exit
2026-08-29 20:17:27,196 - INFO - downloader - no more download task for thread downloader-001
2026-08-29 20:17:27,197 - INFO - downloader - thread downloader-001 exit
2026-08-29 20:17:27,669 - INFO - icrawler.crawler - Crawling task done!
2026-08-29 20:17:28,693 - INFO - icrawler.crawler - start crawling...
2026-08-29 20:17:28,693 - INFO - icrawler.crawler - starting 1 feeder threads...
2026-08-29 20:17:28,694 - INFO - feeder - thread feeder-001 exit
2026-08-29 20:17:28,694 - INFO - icrawler.crawler - starting 1 parser threads...
2026-08-29 20:17:28,694 - INFO - icrawler.crawler - starting 2 downloader threads...
2026-08-29 20:17:29,361 - INFO - parser - parsing result page https://www.bing.com/images/async?q=mia khalifa tv appearance&first=0
2026-08-29 20:17:29,955 - INFO - downloader - image #1	https://i.ytimg.com/vi/Ie23bJzLVds/maxresdefault.jpg
2026-08-29 20:17:30,296 - ERROR - downloader - Response status code 400, file https://media.gettyimages.com/id/1458037530/es/foto/paris-france-mia-khalifa-attends-the-kenzo-menswear-fall-winter-2023-2024-show-as-part-of.jpg
2026-08-29 20:17:30,441 - ERROR - downloader - Response status code 400, file https://media.gettyimages.com/id/1469002486/es/foto/milan-italy-mia-khalifa-in-the-gcdss-backstage-after-the-show-in-milan-during-the-milan.jpg
2026-08-29 20:17:30,595 - ERROR - downloader - Response status code 403, file https://celebmafia.com/wp-content/uploads/2023/06/mia-khalifa-louis-vuitton-menswear-spring-summer-2024-show-in-paris-06-20-2023-6.jpg
2026-08-29 20:17:30,962 - INFO - downloader - image #2	https://www.hawtcelebs.com/wp-content/uploads/2024/03/mia-khalifa-at-schiaparelli-show-at-paris-fashion-week-02-29-2024-4.jpg
2026-08-29 20:17:31,181 - INFO - downloader - image #3	https://i.ytimg.com/vi/RXTIxoDEvgY/maxresdefault.jpg
2026-08-29 20:17:31,594 - INFO - downloader - image #4	https://m.media-amazon.com/images/M/MV5BZjA0MDgyYmItNzkzMC00OTM2LThlYzktMWMxZWU3ZGNkNDI3XkEyXkFqcGc@._V1_FMjpg_UX1000_.jpg
2026-08-29 20:17:31,903 - ERROR - downloader - Response status code 400, file https://media.gettyimages.com/id/2157818551/photo/milan-italy-mia-khalifa-attends-the-martine-rose-fashion-show-during-the-milan-menswear.jpg
2026-08-29 20:17:32,330 - ERROR - downloader - Response status code 403, file https://celebmafia.com/wp-content/uploads/2023/06/mia-khalifa-louis-vuitton-menswear-spring-summer-2024-show-in-paris-06-20-2023-0.jpg
2026-08-29 20:17:34,572 - INFO - downloader - image #5	https://imgmedia.larepublica.pe/1200x660/larepublica/migration/images/B57TNGLZSVFB5H3DNX5XZF4V7M.jpg
2026-08-29 20:17:35,362 - ERROR - downloader - Response status code 403, file https://celebmafia.com/wp-content/uploads/2025/06/mia-khalifa-unveils-grecian-goddess-glamour-at-dsquared2-show-4.jpg
2026-08-29 20:17:35,655 - INFO - downloader - image #6	https://i2-prod.dailystar.co.uk/incoming/article30386279.ece/ALTERNATES/s810/0_EGONLAB-Photocall-Paris-Fashion-Week-Menswear-SpringSummer-2024.jpg
2026-08-29 20:17:35,738 - INFO - downloader - image #7	https://m.media-amazon.com/images/M/MV5BZDMxOTZkNTItMmRmZC00YWM3LTkxMTYtZWMyMTY3ZGM4YjM5XkEyXkFqcGc@._V1_FMjpg_UX1000_.jpg
2026-08-29 20:17:35,968 - INFO - downloader - image #8	https://i.ytimg.com/vi/DKX8JDBVS-c/maxresdefault.jpg
2026-08-29 20:17:36,211 - INFO - downloader - image #9	https://i.ytimg.com/vi/s_PR8kBn73o/maxresdefault.jpg
2026-08-29 20:17:36,875 - ERROR - downloader - Response status code 400, file https://media.gettyimages.com/id/1468921437/photo/milan-italy-mia-khalifa-is-seen-on-the-front-row-of-the-moschino-fashion-show-during-the.jpg
2026-08-29 20:17:36,956 - ERROR - downloader - Response status code 202, file https://www.show.news/img/2019/11/06/kalifawk_crop1573075911481.jpg
2026-08-29 20:17:37,261 - ERROR - downloader - Response status code 400, file https://media.gettyimages.com/id/1457187394/photo/mia-khalifa-attends-the-egonlab-menswear-fall-winter-2023-2024-show-as-part-of-paris-fashion.jpg
2026-08-29 20:17:37,456 - INFO - downloader - image #10	https://i.ytimg.com/vi/DqEGCEojrEg/maxresdefault.jpg
2026-08-29 20:17:37,800 - INFO - downloader - image #11	https://assets.newsweek.com/wp-content/uploads/2025/08/2329455-mia-khalifa.jpg
2026-08-29 20:17:37,842 - INFO - downloader - image #12	https://i.ytimg.com/vi/TTeiRzFjT7E/maxresdefault.jpg
2026-08-29 20:17:38,302 - ERROR - downloader - Response status code 400, file https://media.gettyimages.com/id/1469001598/photo/mia-khalifa-in-the-gcdss-backstage-after-the-show-in-milan-during-the-milan-fashion-week.jpg
2026-08-29 20:17:38,484 - INFO - downloader - image #13	https://d.newsweek.com/en/full/2292361/mia-khalifa.jpg
2026-08-29 20:17:38,742 - ERROR - downloader - Response status code 400, file https://media.gettyimages.com/id/1457187398/photo/mia-khalifa-attends-the-egonlab-menswear-fall-winter-2023-2024-show-as-part-of-paris-fashion.jpg
2026-08-29 20:17:39,156 - INFO - parser - parsing result page https://www.bing.com/images/async?q=mia khalifa tv appearance&first=20
2026-08-29 20:17:41,574 - INFO - downloader - image #14	https://images.hindustantimes.com/rf/image_size_630x354/HT/p2/2020/05/30/Pictures/_d6c8b736-a243-11ea-b043-295af9ca78f2.jpg
2026-08-29 20:17:41,622 - INFO - downloader - image #15	https://www.hawtcelebs.com/wp-content/uploads/2024/03/mia-khalifa-at-schiaparelli-show-at-paris-fashion-week-02-29-2024-5.jpg
2026-08-29 20:17:42,342 - ERROR - downloader - Response status code 400, file https://media.gettyimages.com/id/1685293714/es/foto/london-england-mia-khalifa-attends-the-mains-runway-show-during-london-fashion-week-at-the.jpg
2026-08-29 20:17:42,375 - ERROR - downloader - Response status code 400, file https://media.gettyimages.com/id/1458037556/photo/mia-khalifa-attends-the-kenzo-menswear-fall-winter-2023-2024-show-as-part-of-paris-fashion.jpg
2026-08-29 20:17:42,613 - ERROR - downloader - Response status code 400, file https://media.gettyimages.com/id/1468933121/photo/milan-italy-mia-khalifa-is-seen-on-the-front-row-of-the-moschino-fashion-show-during-the.jpg
2026-08-29 20:17:42,641 - ERROR - downloader - Response status code 400, file https://media.gettyimages.com/id/2047881068/photo/paris-france-mia-khalifa-attends-the-off-white-womenswear-fall-winter-2024-2025-show-as-part.jpg
2026-08-29 20:17:42,954 - ERROR - downloader - Response status code 400, file https://media.gettyimages.com/id/1468933116/photo/milan-italy-mia-khalifa-is-seen-on-the-front-row-of-the-moschino-fashion-show-during-the.jpg
2026-08-29 20:17:44,117 - INFO - downloader - image #16	https://www.hawtcelebs.com/wp-content/uploads/2025/06/mia-khalifa-at-dsquared2-f-w-25-26-runway-show-at-milan-fashion-week-02-25-2025-4.jpg
2026-08-29 20:17:44,205 - INFO - downloader - image #17	https://artworks.thetvdb.com/banners/v4/actor/8134374/photo/610cc7ed1f8e8.jpg
2026-08-29 20:17:44,384 - ERROR - downloader - Response status code 400, file https://media.gettyimages.com/id/1469001598/photo/milan-italy-mia-khalifa-in-the-gcdss-backstage-after-the-show-in-milan-during-the-milan.jpg
2026-08-29 20:17:44,457 - ERROR - downloader - Response status code 400, file https://media.gettyimages.com/id/1457729627/photo/mia-khalifa-attends-the-louis-vuitton-menswear-fall-winter-2023-2024-show-as-part-of-paris.jpg
2026-08-29 20:17:44,691 - ERROR - downloader - Response status code 400, file https://media.gettyimages.com/id/1470603770/photo/paris-france-mia-khalifa-attends-the-acne-studios-womenswear-fall-winter-2023-2024-show-as.jpg
2026-08-29 20:17:45,330 - INFO - downloader - image #18	https://ichef.bbci.co.uk/images/ic/1200x675/p07lxgyv.jpg
2026-08-29 20:17:46,360 - INFO - downloader - image #19	https://www.hawtcelebs.com/wp-content/uploads/2023/09/mia-khalifa-at-saint-laurent-womenswear-spring-summer-2024-show-in-paris-09-26-2023-5.jpg
2026-08-29 20:17:47,232 - INFO - downloader - image #20	https://www.hawtcelebs.com/wp-content/uploads/2025/06/mia-khalifa-at-dsquared2-f-w-25-26-runway-show-at-milan-fashion-week-02-25-2025-1.jpg
2026-08-29 20:17:47,398 - INFO - downloader - image #21	https://nollysearch.com.ng/wp-content/uploads/2026/06/mia-khalifa-scaled.jpg
2026-08-29 20:17:47,542 - ERROR - downloader - Response status code 400, file https://media.gettyimages.com/id/1470603771/es/foto/paris-france-mia-khalifa-attends-the-acne-studios-womenswear-fall-winter-2023-2024-show-as.jpg
2026-08-29 20:17:47,720 - INFO - parser - parsing result page https://www.bing.com/images/async?q=mia khalifa tv appearance&first=40
2026-08-29 20:17:47,730 - ERROR - downloader - Response status code 403, file https://celebmafia.com/wp-content/uploads/2024/03/mia-khalifa-at-schiaparelli-show-during-paris-fashion-week-02-29-2024-1.jpg
2026-08-29 20:17:48,127 - INFO - downloader - image #22	https://i.ytimg.com/vi/s_PR8kBn73o/hqdefault.jpg
2026-08-29 20:17:48,383 - ERROR - downloader - Response status code 400, file https://media.gettyimages.com/id/2222485753/photo/paris-france-mia-khalifa-attends-the-kenzo-menswear-spring-summer-2026-show-as-part-of-paris.jpg
2026-08-29 20:17:48,441 - INFO - downloader - image #23	https://i2-prod.dailystar.co.uk/article30386279.ece/ALTERNATES/s615/0_EGONLAB-Photocall-Paris-Fashion-Week-Menswear-SpringSummer-2024.jpg
2026-08-29 20:17:49,661 - INFO - downloader - image #24	https://www.hawtcelebs.com/wp-content/uploads/2023/09/mia-khalifa-at-saint-laurent-womenswear-spring-summer-2024-show-in-paris-09-26-2023-3.jpg
2026-08-29 20:17:49,924 - ERROR - downloader - Response status code 400, file https://media.gettyimages.com/id/2157817902/photo/milan-italy-mia-khalifa-attends-the-martine-rose-fashion-show-during-the-milan-menswear.jpg
2026-08-29 20:17:50,180 - INFO - downloader - image #25	https://articleset.com/wp-content/uploads/2022/05/Mia-Khalifa-Measurements-Body-Wiki-Body-Size-Appearance-Net-worth-2-676x430.jpg
2026-08-29 20:17:50,231 - ERROR - downloader - Response status code 400, file https://media.gettyimages.com/id/1468933127/photo/milan-italy-mia-khalifa-is-seen-on-the-front-row-of-the-moschino-fashion-show-during-the.jpg
2026-08-29 20:17:50,473 - ERROR - downloader - Response status code 400, file https://media.gettyimages.com/id/1469001675/photo/milan-italy-mia-khalifa-in-the-gcdss-backstage-after-the-show-in-milan-during-the-milan.jpg
2026-08-29 20:17:50,493 - ERROR - downloader - Response status code 400, file https://media.gettyimages.com/id/2222465672/photo/paris-france-mia-khalifa-attends-the-willy-chavarria-menswear-spring-summer-2026-show-as-part.jpg
2026-08-29 20:17:50,761 - ERROR - downloader - Response status code 400, file https://media.gettyimages.com/id/2157817764/photo/milan-italy-mia-khalifa-attends-the-martine-rose-fashion-show-during-the-milan-menswear.jpg
2026-08-29 20:17:50,943 - INFO - downloader - image #26	https://wallpapers.com/images/hd/mia-khalifa-half-smile-qde2b6g452s3kqhr.jpg
2026-08-29 20:17:51,015 - ERROR - downloader - Response status code 400, file https://media.gettyimages.com/id/2201346399/photo/london-england-mia-khalifa-attends-the-annies-ibiza-collection-4-runway-show-during-london.jpg
2026-08-29 20:17:51,109 - INFO - parser - parsing result page https://www.bing.com/images/async?q=mia khalifa tv appearance&first=60
2026-08-29 20:17:51,246 - ERROR - downloader - Response status code 400, file https://media.gettyimages.com/id/2201372736/es/foto/london-england-mia-khalifa-attends-the-annies-ibiza-collection-london-fashion-week-runway-show.jpg
2026-08-29 20:17:51,442 - INFO - downloader - image #27	https://i2-prod.dailystar.co.uk/incoming/article30132211.ece/ALTERNATES/s615/0_Mia-Khalifa-sends-fans-wild-as-she-teases-bombshell-appearance-on-world-famous-comedy-show.jpg
2026-08-29 20:17:51,745 - ERROR - downloader - Response status code 400, file https://media.gettyimages.com/id/1468933115/photo/milan-italy-mia-khalifa-is-seen-on-the-front-row-of-the-moschino-fashion-show-during-the.jpg
2026-08-29 20:17:51,757 - INFO - downloader - image #28	https://resize.indiatvnews.com/en/resize/newbucket/1200_-/2025/03/untitled-39-1741672918.jpg
2026-08-29 20:17:52,669 - INFO - downloader - image #29	http://les-stars-nues.biz/allphotos/cms/photos-news/2023/11723/Mia_Khalifa_at_Acne_Studios_Fashion_Show_in_Paris_03_01_2023__3_.jpg
2026-08-29 20:17:52,820 - ERROR - downloader - Response status code 403, file https://celebmafia.com/wp-content/uploads/2024/03/mia-khalifa-at-schiaparelli-show-during-paris-fashion-week-02-29-2024-3.jpg
2026-08-29 20:17:53,214 - INFO - downloader - image #30	https://www.viapais.com.ar/resizer/v2/2KU3TWUVGFGTZFIVYM2XTYPLFU.jpg
2026-08-29 20:17:53,986 - INFO - downloader - image #31	https://i.ytimg.com/vi/e5wNxtJU4q4/maxresdefault.jpg
2026-08-29 20:17:54,171 - INFO - downloader - image #32	https://www.hawtcelebs.com/wp-content/uploads/2024/03/mia-khalifa-at-off-white-fashion-show-in-paris-02-29-2024-0.jpg
2026-08-29 20:17:54,541 - ERROR - downloader - Response status code 403, file https://blacksportsonline.com/wp-content/uploads/2025/10/mia-khalifa-pictures-b2s64gdild6q68yl-768x576.jpg
2026-08-29 20:17:55,050 - INFO - downloader - image #33	https://upload.wikimedia.org/wikipedia/commons/7/7e/Mia_Khalifa_in_2016_(cropped).jpg
2026-08-29 20:17:55,410 - ERROR - downloader - Response status code 403, file https://celebmafia.com/wp-content/uploads/2023/06/mia-khalifa-louis-vuitton-menswear-spring-summer-2024-show-in-paris-06-20-2023-1.jpg
2026-08-29 20:17:55,705 - ERROR - downloader - Response status code 403, file https://celebmafia.com/wp-content/uploads/2024/03/mia-khalifa-at-schiaparelli-show-during-paris-fashion-week-02-29-2024-4.jpg
2026-08-29 20:17:55,771 - INFO - downloader - image #34	https://www.galatta.com/assets/news/1588274674rhrv.jpg
2026-08-29 20:17:56,376 - INFO - parser - parsing result page https://www.bing.com/images/async?q=mia khalifa tv appearance&first=80
2026-08-29 20:17:57,065 - INFO - downloader - image #35	https://www.hawtcelebs.com/wp-content/uploads/2023/06/mia-khalifa-at-louis-vuitton-menswear-spring-summer-2024-show-in-paris-06-20-2023-3.jpg
2026-08-29 20:17:57,982 - INFO - downloader - image #36	https://c8.alamy.com/comp/2WNNXFD/paris-france-03rd-mar-2024-mia-khalifa-attending-the-mugler-show-during-pfw-in-paris-france-on-march-3-2024-photo-by-julien-reynaudaps-mediasabacapresscom-credit-abaca-pressalamy-live-news-2WNNXFD.jpg
2026-08-29 20:17:58,765 - INFO - downloader - image #37	https://phantom-marca-mx.unidadeditorial.es/49c3039a8f4f37f75f84b9d444b345f5/resize/1200/f/jpg/mx/assets/multimedia/imagenes/2023/04/12/16813061189732.jpg
2026-08-29 20:17:59,279 - INFO - downloader - image #38	https://www.bellezze.tv/wp-content/uploads/2023/07/mia-khalifa-696x443.jpg
2026-08-29 20:18:00,224 - INFO - downloader - image #39	https://www.hawtcelebs.com/wp-content/uploads/2024/03/mia-khalifa-at-off-white-fashion-show-in-paris-02-29-2024-1.jpg
2026-08-29 20:18:00,698 - ERROR - downloader - Response status code 400, file https://media.gettyimages.com/id/1457187397/photo/mia-khalifa-attends-the-egonlab-menswear-fall-winter-2023-2024-show-as-part-of-paris-fashion.jpg
2026-08-29 20:18:00,999 - ERROR - downloader - Response status code 403, file https://celebmafia.com/wp-content/uploads/2025/06/mia-khalifa-unveils-grecian-goddess-glamour-at-dsquared2-show-3.jpg
2026-08-29 20:18:01,113 - INFO - downloader - image #40	https://articleset.com/wp-content/uploads/2022/05/Mia-Khalifa-Measurements-Body-Wiki-Body-Size-Appearance-Net-worth-2.jpg
2026-08-29 20:18:02,272 - INFO - downloader - image #41	https://www.hawtcelebs.com/wp-content/uploads/2023/06/mia-khalifa-at-louis-vuitton-menswear-spring-summer-2024-show-in-paris-06-20-2023-6.jpg
2026-08-29 20:18:03,280 - INFO - downloader - image #42	https://www.hawtcelebs.com/wp-content/uploads/2023/03/mia-khalifa-at-acne-studios-fashion-show-in-paris-03-01-2023-6_thumbnail.jpg
2026-08-29 20:18:04,962 - INFO - downloader - image #43	https://d.newsweek.com/en/full/2296063/mia-khalifa.jpg
2026-08-29 20:18:08,189 - INFO - downloader - image #44	https://townsquare.media/site/62/files/2022/05/attachment-GettyImages-1392876893.jpg
2026-08-29 20:18:09,550 - INFO - downloader - image #45	https://www.hawtcelebs.com/wp-content/uploads/2025/06/mia-khalifa-at-willy-chavarria-spring-summer-2026-runway-show-at-paris-fashion-week-06-27-2025-0.jpg
2026-08-29 20:18:09,856 - ERROR - downloader - Response status code 400, file https://media.gettyimages.com/id/2157817781/photo/milan-italy-mia-khalifa-attends-the-martine-rose-fashion-show-during-the-milan-menswear.jpg
2026-08-29 20:18:10,103 - ERROR - downloader - Response status code 400, file https://media.gettyimages.com/id/1468965155/photo/milan-italy-mia-khalifa-is-seen-on-the-front-row-of-the-gcds-fashion-show-during-the-milan.jpg
2026-08-29 20:18:10,142 - INFO - downloader - image #46	http://les-stars-nues.biz/allphotos/cms/photos-news/2023/11723/Mia_Khalifa_at_Acne_Studios_Fashion_Show_in_Paris_03_01_2023__2_.jpg
2026-08-29 20:18:10,559 - ERROR - downloader - Response status code 400, file https://media.gettyimages.com/id/1468921436/photo/milan-italy-mia-khalifa-is-seen-on-the-front-row-of-the-moschino-fashion-show-during-the.jpg
2026-08-29 20:18:10,722 - ERROR - downloader - Response status code 400, file https://media.gettyimages.com/id/1468965145/photo/milan-italy-mia-khalifa-is-seen-on-the-front-row-of-the-gcds-fashion-show-during-the-milan.jpg
2026-08-29 20:18:11,063 - INFO - downloader - image #47	https://mmnews.tv/wp-content/uploads/2024/11/Mia-Khalifa-750x412.jpg
2026-08-29 20:18:11,536 - INFO - downloader - image #48	https://static0.thethingsimages.com/wordpress/wp-content/uploads/2023/05/mia-khalifa-at-milan-fashion-week-2023.jpg
2026-08-29 20:18:11,657 - INFO - downloader - image #49	https://images.zoomnews.com/thumb/msid-105240509,width-1280,height-720,resizemode-75/105240509.jpg
2026-08-29 20:18:11,838 - ERROR - downloader - Response status code 400, file https://media.gettyimages.com/id/1458037572/photo/mia-khalifa-attends-the-kenzo-menswear-fall-winter-2023-2024-show-as-part-of-paris-fashion.jpg
2026-08-29 20:18:12,201 - INFO - parser - no more page urls for thread parser-001 to parse
2026-08-29 20:18:12,202 - INFO - parser - thread parser-001 exit
2026-08-29 20:18:16,664 - INFO - downloader - no more download task for thread downloader-002
2026-08-29 20:18:16,664 - INFO - downloader - thread downloader-002 exit
2026-08-29 20:18:16,844 - INFO - downloader - no more download task for thread downloader-001
2026-08-29 20:18:16,844 - INFO - downloader - thread downloader-001 exit
2026-08-29 20:18:16,876 - INFO - icrawler.crawler - Crawling task done!
2026-08-29 20:18:17,907 - INFO - icrawler.crawler - start crawling...
2026-08-29 20:18:17,907 - INFO - icrawler.crawler - starting 1 feeder threads...
2026-08-29 20:18:17,907 - INFO - feeder - thread feeder-001 exit
2026-08-29 20:18:17,908 - INFO - icrawler.crawler - starting 1 parser threads...
2026-08-29 20:18:17,908 - INFO - icrawler.crawler - starting 2 downloader threads...
2026-08-29 20:18:18,553 - INFO - parser - parsing result page https://www.bing.com/images/async?q=mia khalifa magazine cover&first=0
2026-08-29 20:18:19,857 - INFO - downloader - image #1	https://www.masala.com/cloud/2023/09/14/375212060_1445694656157875_5940564512228010320_n-822x1024.jpg
2026-08-29 20:18:22,962 - INFO - downloader - image #2	https://www.hawtcelebs.com/wp-content/uploads/2023/05/mia-khalifa-in-huck-magazine-spring-summer-2023-8.jpg
2026-08-29 20:18:23,325 - ERROR - downloader - Response status code 403, file https://celebmafia.com/wp-content/uploads/2023/05/mia-khalifa-huck-magazine-spring-summer-2023-issue-1.jpg
2026-08-29 20:18:25,008 - INFO - downloader - image #3	https://www.masala.com/cloud/2023/09/14/377449809_854844609331704_411379704547008945_n.jpg
2026-08-29 20:18:25,362 - INFO - downloader - image #4	https://www.hawtcelebs.com/wp-content/uploads/2024/11/mia-khalifa-in-highxtar.-magazine-2024-21.jpg
2026-08-29 20:18:27,075 - INFO - downloader - image #5	http://les-stars-nues.biz/allphotos/cms/photos-news/2024/13747/MESQBSU_o.jpg
2026-08-29 20:18:27,425 - ERROR - downloader - Response status code 403, file https://celebmafia.com/wp-content/uploads/2024/11/mia-khalifa-highxtar.-magazine-2024-issue-1.jpg
2026-08-29 20:18:27,844 - ERROR - downloader - Response status code 403, file https://img2.bdbphotos.com/images/orig/e/o/eoa9ufctrjorjrrf.jpg
2026-08-29 20:18:28,586 - INFO - downloader - image #6	https://www.hawtcelebs.com/wp-content/uploads/2023/05/mia-khalifa-in-huck-magazine-spring-summer-2023-2.jpg
2026-08-29 20:18:28,923 - ERROR - downloader - Response status code 403, file https://celebmafia.com/wp-content/uploads/2024/11/mia-khalifa-highxtar.-magazine-2024-issue-4.jpg
2026-08-29 20:18:28,954 - ERROR - downloader - Response status code 403, file https://celebmafia.com/wp-content/uploads/2024/11/mia-khalifa-highxtar.-magazine-2024-issue-8_thumbnail.jpg
2026-08-29 20:18:29,298 - ERROR - downloader - Response status code 403, file https://celebmafia.com/wp-content/uploads/2023/05/mia-khalifa-huck-magazine-spring-summer-2023-issue-9.jpg
2026-08-29 20:18:30,167 - INFO - downloader - image #7	https://www.les-stars-nues.biz/allphotos/cms/photos-news/2024/13747/MESQBSG_o.jpg
2026-08-29 20:18:30,520 - INFO - downloader - image #8	https://www.les-stars-nues.biz/allphotos/cms/photos-news/2024/13747/MESQBSZ_o.jpg
2026-08-29 20:18:34,142 - INFO - downloader - image #9	https://www.hawtcelebs.com/wp-content/uploads/2023/05/mia-khalifa-in-huck-magazine-spring-summer-2023-4.jpg
2026-08-29 20:18:35,026 - INFO - parser - parsing result page https://www.bing.com/images/async?q=mia khalifa magazine cover&first=20
2026-08-29 20:18:35,081 - INFO - downloader - image #10	https://www.hawtcelebs.com/wp-content/uploads/2023/05/mia-khalifa-in-huck-magazine-spring-summer-2023-5.jpg
2026-08-29 20:18:36,159 - INFO - downloader - image #11	https://www.masala.com/wp-content/uploads/cloud/2023/09/14/377887471_873878864082343_3106071047226586230_n-822x1024.jpg
2026-08-29 20:18:36,437 - INFO - downloader - image #12	http://les-stars-nues.biz/allphotos/cms/photos-news/2024/13747/MESQBSK_o.jpg
2026-08-29 20:18:36,498 - INFO - downloader - image #13	https://bootymotiontv.co/wp-content/uploads/2023/10/Mia-Khalifa-9.jpg
2026-08-29 20:18:38,142 - ERROR - downloader - Response status code 403, file https://celebmafia.com/wp-content/uploads/2023/05/mia-khalifa-huck-magazine-spring-summer-2023-issue-3.jpg
2026-08-29 20:18:38,595 - ERROR - downloader - Response status code 403, file https://celebmafia.com/wp-content/uploads/2024/11/mia-khalifa-highxtar.-magazine-2024-issue-17.jpg
2026-08-29 20:18:38,960 - INFO - parser - parsing result page https://www.bing.com/images/async?q=mia khalifa magazine cover&first=40
2026-08-29 20:18:40,650 - ERROR - downloader - Response status code 403, file https://celebmafia.com/wp-content/uploads/2023/05/mia-khalifa-huck-magazine-spring-summer-2023-issue-9_thumbnail.jpg
2026-08-29 20:18:40,749 - INFO - downloader - image #14	https://www.hawtcelebs.com/wp-content/uploads/2023/05/mia-khalifa-in-huck-magazine-spring-summer-2023-0.jpg
2026-08-29 20:18:41,712 - INFO - downloader - image #15	https://www.masala.com/cloud/2023/09/14/375212060_1445694656157875_5940564512228010320_n-602x750.jpg
2026-08-29 20:18:41,740 - INFO - downloader - image #16	https://www.masala.com/cloud/2023/09/14/377887471_873878864082343_3106071047226586230_n-602x750.jpg
2026-08-29 20:18:42,504 - ERROR - downloader - Response status code 403, file https://celebmafia.com/wp-content/uploads/2024/11/mia-khalifa-highxtar.-magazine-2024-issue-18.jpg
2026-08-29 20:18:42,942 - INFO - downloader - image #17	https://viapais.com.ar/resizer/wp1VddO4kywNX3UF_6lQYcRZmRI=/980x640/smart/filters:quality(75):format(webp)/cloudfront-us-east-1.images.arcpublishing.com/grupoclarin/XTJK6WCA5VHWPE5YCWJHCCZ3OQ.jpg
2026-08-29 20:18:43,260 - INFO - downloader - image #18	https://i.ebayimg.com/images/g/ceIAAOSw6opnsiHX/s-l400.jpg
2026-08-29 20:18:43,743 - ERROR - downloader - Response status code 400, file https://media.gettyimages.com/id/1468921034/photo/moschino-front-row-milan-fashion-week-womenswear-fall-winter-2023-2024.jpg
2026-08-29 20:18:44,428 - ERROR - downloader - Response status code 403, file https://celebmafia.com/wp-content/uploads/2023/05/mia-khalifa-huck-magazine-spring-summer-2023-issue-8_thumbnail.jpg
2026-08-29 20:18:48,788 - INFO - parser - parsing result page https://www.bing.com/images/async?q=mia khalifa magazine cover&first=60
2026-08-29 20:18:50,927 - INFO - downloader - image #19	https://springbreakartfair.com/cdn/shop/files/md-mia-khalifa-cover_1024x1024@2x.jpg
2026-08-29 20:18:51,263 - ERROR - downloader - Response status code 403, file https://celebmafia.com/wp-content/uploads/2024/11/mia-khalifa-highxtar.-magazine-2024-issue-24_thumbnail.jpg
2026-08-29 20:18:51,620 - ERROR - downloader - Response status code 403, file https://celebmafia.com/wp-content/uploads/2024/11/mia-khalifa-highxtar.-magazine-2024-issue-6_thumbnail.jpg
2026-08-29 20:18:51,787 - INFO - downloader - image #20	https://bootymotiontv.co/wp-content/uploads/2023/10/Mia-Khalifa-8.jpg
2026-08-29 20:18:52,833 - INFO - downloader - image #21	https://d.newsweek.com/en/full/2661095/cover-june-20-27-2025.jpg
2026-08-29 20:18:53,526 - INFO - downloader - image #22	https://www.hawtcelebs.com/wp-content/uploads/2024/11/mia-khalifa-in-highxtar.-magazine-2024-0.jpg
2026-08-29 20:18:54,221 - INFO - downloader - image #23	https://static.standard.co.uk/2023/09/26/14/Please credit Juno Calypso and ES Magazine Web 3.jpg
2026-08-29 20:18:54,569 - INFO - downloader - image #24	https://c8.alamy.com/comp/2XC6K4X/milan-italien-15th-june-2024-mia-khalifa-attends-dsquared2-springsummer-2025-runway-during-milan-fashion-week-menswear-on-june-2024-milan-italy-14062024-credit-dpaalamy-live-news-2XC6K4X.jpg
2026-08-29 20:18:54,643 - INFO - downloader - image #25	https://data2.nssmag.com/images/galleries/34524/cover-2-3.jpg
2026-08-29 20:18:54,881 - INFO - parser - parsing result page https://www.bing.com/images/async?q=mia khalifa magazine cover&first=80
2026-08-29 20:18:54,920 - INFO - downloader - image #26	https://assets.telegraphindia.com/abp/2022/Nov/1667982291_mia-2.jpg
2026-08-29 20:18:55,048 - INFO - downloader - image #27	https://media.vogue.co.uk/photos/64916f00ad4b7de8bf024aa2/2:3/w_2560%2Cc_limit/Mia_200623_lascape%2520MIA.jpg
2026-08-29 20:18:55,601 - ERROR - downloader - Response status code 403, file https://celebmafia.com/wp-content/uploads/2024/11/mia-khalifa-highxtar.-magazine-2024-issue-5_thumbnail.jpg
2026-08-29 20:18:55,925 - ERROR - downloader - Response status code 403, file https://celebmafia.com/wp-content/uploads/2024/11/mia-khalifa-highxtar.-magazine-2024-issue-10.jpg
2026-08-29 20:18:56,801 - INFO - downloader - image #28	https://www.les-stars-nues.biz/allphotos/cms/photos-news/2023/12153/354429357_huck-i79-2023-8.jpg
2026-08-29 20:18:57,827 - INFO - downloader - image #29	https://www.culturapop.co/wp-content/uploads/2024/10/1729204760_maxresdefault-1024x576.jpg
2026-08-29 20:18:58,519 - INFO - downloader - image #30	https://www.hawtcelebs.com/wp-content/uploads/2024/11/mia-khalifa-in-highxtar.-magazine-2024-10.jpg
2026-08-29 20:18:58,937 - INFO - downloader - image #31	https://www.les-stars-nues.biz/allphotos/cms/photos-news/2023/12153/354429420_cats.jpg
2026-08-29 20:18:59,232 - ERROR - downloader - Response status code 403, file https://celebmafia.com/wp-content/uploads/2023/05/mia-khalifa-huck-magazine-spring-summer-2023-issue-6_thumbnail.jpg
2026-08-29 20:18:59,533 - ERROR - downloader - Response status code 403, file https://celebmafia.com/wp-content/uploads/2023/05/mia-khalifa-huck-magazine-spring-summer-2023-issue-7.jpg
2026-08-29 20:19:00,817 - INFO - parser - no more page urls for thread parser-001 to parse
2026-08-29 20:19:00,818 - INFO - parser - thread parser-001 exit
2026-08-29 20:19:00,972 - INFO - downloader - image #32	https://www.thehypemagazine.com/wp-content/uploads/2021/01/With-Mia-Khalifa-1191x1536.jpg
2026-08-29 20:19:01,412 - INFO - downloader - image #33	https://bootymotiontv.co/wp-content/uploads/2023/10/Mia-Khalifa-13-683x1024-640x480.jpg
2026-08-29 20:19:01,621 - INFO - downloader - image #34	https://image-cdn.hypb.st/https://hypebeast.com/image/2023/01/mia-khalifa-aries-arise-photo-book-zine-paris-fashion-week-clare-shilland-tw.jpg
2026-08-29 20:19:03,308 - INFO - downloader - image #35	https://www.vanityteen.com/wp-content/uploads/2023/07/Mia-Khalifa-Dives-into-the-Fashion-World-with-Personal-Accessory-Brand-Sheytan-3-682x1024.jpg
2026-08-29 20:19:06,627 - INFO - downloader - no more download task for thread downloader-001
2026-08-29 20:19:06,627 - INFO - downloader - thread downloader-001 exit
2026-08-29 20:19:08,314 - INFO - downloader - no more download task for thread downloader-002
2026-08-29 20:19:08,315 - INFO - downloader - thread downloader-002 exit
2026-08-29 20:19:09,095 - INFO - icrawler.crawler - Crawling task done!
2026-08-29 20:19:10,121 - INFO - icrawler.crawler - start crawling...
2026-08-29 20:19:10,121 - INFO - icrawler.crawler - starting 1 feeder threads...
2026-08-29 20:19:10,122 - INFO - feeder - thread feeder-001 exit
2026-08-29 20:19:10,122 - INFO - icrawler.crawler - starting 1 parser threads...
2026-08-29 20:19:10,122 - INFO - icrawler.crawler - starting 2 downloader threads...
2026-08-29 20:19:10,800 - INFO - parser - parsing result page https://www.bing.com/images/async?q=mia khalifa candid photo&first=0
2026-08-29 20:19:11,099 - ERROR - downloader - Response status code 403, file https://celebmafia.com/wp-content/uploads/2023/06/mia-khalifa-louis-vuitton-menswear-spring-summer-2024-show-in-paris-06-20-2023-1.jpg
2026-08-29 20:19:11,214 - INFO - downloader - image #1	https://c8.alamy.com/comp/2WN4T2T/mia-khalifa-attends-the-off-white-fallwinter-2024-2025-ready-to-wear-collection-presented-thursday-feb-29-2024-in-paris-photo-by-vianney-le-caerinvisionap-2WN4T2T.jpg
2026-08-29 20:19:11,566 - ERROR - downloader - Response status code 400, file https://media.gettyimages.com/id/1685293715/photo/london-england-mia-khalifa-attends-the-mains-runway-show-during-london-fashion-week-at-the.jpg
2026-08-29 20:19:11,833 - INFO - downloader - image #2	https://assets.newsweek.com/wp-content/uploads/2025/08/2329455-mia-khalifa.jpg
2026-08-29 20:19:12,009 - INFO - downloader - image #3	https://d.newsweek.com/en/full/2292361/mia-khalifa.jpg
2026-08-29 20:19:12,207 - ERROR - downloader - Response status code 403, file https://e1.pxfuel.com/desktop-wallpaper/458/872/desktop-wallpaper-mia-khalifa.jpg
2026-08-29 20:19:12,415 - INFO - downloader - image #4	https://wallpapers.com/images/file/mia-khalifa-pictures-k2szhi7a11helqk4.jpg
2026-08-29 20:19:12,822 - INFO - downloader - image #5	https://viapais.com.ar/resizer/PkyeYzmCm1PcippTBxUkR8PoWjw=/1023x1278/smart/cloudfront-us-east-1.images.arcpublishing.com/grupoclarin/S2KMWQCKAVA7FD5BZ7T6U2G5WQ.jpg
2026-08-29 20:19:12,976 - ERROR - downloader - Response status code 400, file https://media.gettyimages.com/id/2201987809/photo/dsquared2-f-w-2025-2026-front-row.jpg
2026-08-29 20:19:16,438 - INFO - downloader - image #6	https://miakalifa.live/assets/images/mia-2019-enhanced.jpg
2026-08-29 20:19:17,025 - INFO - downloader - image #7	https://wp.scoopwhoop.com/wp-content/uploads/2021/07/60e83b3c8a373a7f8659359a_c1361e64-bac6-44c9-b311-29a1eb5baa01.jpg
2026-08-29 20:19:17,167 - INFO - downloader - image #8	https://wallpapers.com/images/hd/mia-khalifa-half-smile-qde2b6g452s3kqhr.jpg
2026-08-29 20:19:17,351 - INFO - downloader - image #9	https://wp.scoopwhoop.com/wp-content/uploads/2019/08/5d53c2b4e2a04c57823e3d36_df91a285-79a7-430c-8ccd-58f35a2806b2.jpg
2026-08-29 20:19:17,765 - INFO - downloader - image #10	https://c8.alamy.com/compit/2nyrtxd/mia-khalifa-poses-before-the-off-white-fall-winter-2023-2024-ready-to-wear-collection-presented-thursday-march-2-2023-in-paris-vianney-le-caer-invision-ap-2nyrtxd.jpg
2026-08-29 20:19:19,531 - INFO - downloader - image #11	https://wallpapercave.com/wp/wp4565160.jpg
2026-08-29 20:19:20,226 - INFO - downloader - image #12	https://geekybar.com/wp-content/uploads/2021/12/Mia-Khalifa-4-1920x1440.jpg
2026-08-29 20:19:20,288 - ERROR - downloader - Response status code 403, file https://celebmafia.com/wp-content/uploads/2023/06/mia-khalifa-louis-vuitton-menswear-spring-summer-2024-show-in-paris-06-20-2023-6.jpg
2026-08-29 20:19:20,320 - INFO - downloader - image #13	https://wallpapers.com/images/hd/mia-khalifa-blank-stare-fzucw1n4ug3af0s3.jpg
2026-08-29 20:19:20,698 - ERROR - downloader - Response status code 403, file https://celebmafia.com/wp-content/uploads/2023/06/mia-khalifa-louis-vuitton-menswear-spring-summer-2024-show-in-paris-06-20-2023-0.jpg
2026-08-29 20:19:20,741 - INFO - downloader - image #14	https://wallpapers.com/images/hd/mia-khalifa-instagram-story-4wp1ii4zt58g30jz.jpg
2026-08-29 20:19:20,802 - INFO - downloader - image #15	https://c8.alamy.com/compde/2wn65hw/mia-khalifa-arrives-for-the-schiaparelli-fallwinter-2024-2025-ready-to-wear-collection-presented-thursday-feb-29-2024-in-paris-photo-by-scott-a-garfittinvisionap-2wn65hw.jpg
2026-08-29 20:19:20,803 - INFO - downloader - image #16	https://wallpapers.com/images/hd/mia-khalifa-pictures-wlbmtdpvqmkdionm.jpg
2026-08-29 20:19:21,947 - INFO - downloader - image #17	https://i2-prod.dailystar.co.uk/incoming/article27851435.ece/ALTERNATES/s615b/0_Mia-Khalifa.jpg
2026-08-29 20:19:23,251 - INFO - downloader - image #18	https://miakalifa.live/assets/images/mia-2019-b.jpg
2026-08-29 20:19:23,718 - INFO - downloader - image #19	https://www.viapais.com.ar/resizer/v2/2KU3TWUVGFGTZFIVYM2XTYPLFU.jpg
2026-08-29 20:19:23,856 - INFO - parser - parsing result page https://www.bing.com/images/async?q=mia khalifa candid photo&first=20
2026-08-29 20:19:23,881 - INFO - downloader - image #20	https://www.viapais.com.ar/resizer/v2/QUW2RHKDWRDOTAW2VAVHAZLIL4.jpg
2026-08-29 20:19:24,371 - INFO - downloader - image #21	https://media.ibc24.in/wp-content/uploads/2024/04/mia-1.jpg
2026-08-29 20:19:24,443 - INFO - downloader - image #22	https://wallpapers.com/images/hd/mia-khalifa-wearing-red-jacket-f4ysaz0llz17qi0s.jpg
2026-08-29 20:19:25,510 - INFO - downloader - image #23	https://www.hawtcelebs.com/wp-content/uploads/2023/06/mia-khalifa-at-louis-vuitton-menswear-spring-summer-2024-show-in-paris-06-20-2023-6.jpg
2026-08-29 20:19:25,722 - INFO - downloader - image #24	https://wallpapers.com/images/hd/mia-khalifa-in-black-skirt-b8nm9a6gewpr589a.jpg
2026-08-29 20:19:26,156 - INFO - downloader - image #25	https://images.squarespace-cdn.com/content/v1/638e544697854a20835cc60e/1692100547194-6S3R7H0Z05KZ8N7X1P6W/Mia+Khalifa+-+Lose+your+mind+to+her+endless+and+mind-blowing+selfies.jpg
2026-08-29 20:19:26,357 - INFO - downloader - image #26	https://wallpapers.com/images/hd/mia-khalifa-pictures-8nzki1bztbdt6dyh.jpg
2026-08-29 20:19:27,129 - INFO - downloader - image #27	https://news-nest.com/wp-content/uploads/2025/11/Capture-2.jpg
2026-08-29 20:19:27,268 - INFO - downloader - image #28	https://wallpapers.com/images/hd/mia-khalifa-grinning-zakg54fkgw8hatlm.jpg
2026-08-29 20:19:27,366 - INFO - downloader - image #29	https://miakalifa.live/assets/images/mia-2016-a.jpg
2026-08-29 20:19:27,614 - INFO - downloader - image #30	https://c8.alamy.com/comp/2WNPDDF/paris-frankreich-03rd-mar-2024-mia-khalifa-attends-mugler-fallwinter-2024-runway-during-paris-fashion-week-on-february-2024-paris-france-03032024-credit-dpaalamy-live-news-2WNPDDF.jpg
2026-08-29 20:19:27,690 - INFO - downloader - image #31	https://wallpapers.com/images/hd/mia-khalifa-sad-nzllxvbvs0qba9q8.jpg
2026-08-29 20:19:27,745 - INFO - downloader - image #32	https://static.jewishnews.co.uk/jewishnews/uploads/2023/07/Twitter.jpg
2026-08-29 20:19:27,987 - INFO - parser - parsing result page https://www.bing.com/images/async?q=mia khalifa candid photo&first=40
2026-08-29 20:19:28,599 - INFO - downloader - image #33	https://wallpapers.com/images/hd/mia-khalifa-pictures-mnth57bwff26hf92.jpg
2026-08-29 20:19:29,108 - ERROR - downloader - Response status code 403, file https://celebmafia.com/wp-content/uploads/2024/03/mia-khalifa-at-schiaparelli-show-during-paris-fashion-week-02-29-2024-5.jpg
2026-08-29 20:19:29,115 - INFO - downloader - image #34	https://i0.wp.com/premblogger.in/wp-content/uploads/2023/05/Untitled-design-2.jpg
2026-08-29 20:19:29,188 - INFO - downloader - image #35	https://wallpapers.com/images/hd/summer-with-mia-khalifa-c7fb0bjzu70sic09.jpg
2026-08-29 20:19:29,752 - ERROR - downloader - Response status code 403, file https://e1.pxfuel.com/desktop-wallpaper/15/237/desktop-wallpaper-mia-khalifa-graphy.jpg
2026-08-29 20:19:29,823 - INFO - downloader - image #36	https://wallpapers.com/images/hd/pretty-woman-mia-khalifa-0kzqko22lhnlu8al.jpg
2026-08-29 20:19:29,888 - INFO - downloader - image #37	https://wallpapers.com/images/hd/mia-khalifa-pouty-lips-gwd9h0t6529peuip.jpg
2026-08-29 20:19:30,273 - INFO - downloader - image #38	https://www.oneindia.com/ph-big/2022/03/photos_1648211010100.jpg
2026-08-29 20:19:30,290 - INFO - downloader - image #39	https://wallpapercave.com/wp/wp5543610.jpg
2026-08-29 20:19:31,823 - INFO - downloader - image #40	https://www.les-stars-nues.biz/allphotos/cms/photos-news/2023/12390/Mia_Khalifa_at_The_Egonlab._Menswear_Spring_Summer_2024_Show_in_Paris_06212023__2_.jpg
2026-08-29 20:19:31,958 - INFO - downloader - image #41	https://www.bladna.nl/img/jpg/mia-khalifa-marokko.jpg
2026-08-29 20:19:32,266 - INFO - downloader - image #42	https://media.vogue.co.uk/photos/64916f00ad4b7de8bf024aa2/2:3/w_2560%2Cc_limit/Mia_200623_lascape%2520MIA.jpg
2026-08-29 20:19:32,337 - INFO - downloader - image #43	https://wallpapers.com/images/hd/mia-khalifa-fierce-in-red-b32lrzr0rtbvx9dt.jpg
2026-08-29 20:19:32,599 - INFO - downloader - image #44	https://wallpaperbat.com/img/637956-mia-khalifa-enjoying-corona.jpg
2026-08-29 20:19:32,662 - ERROR - downloader - Response status code 403, file https://celebmafia.com/wp-content/uploads/2025/06/mia-khalifa-debuts-edgy-front-row-look-in-paris-3_thumbnail.jpg
2026-08-29 20:19:32,854 - INFO - parser - parsing result page https://www.bing.com/images/async?q=mia khalifa candid photo&first=60
2026-08-29 20:19:33,341 - INFO - downloader - image #45	https://wallpapercave.com/wp/wp5004133.jpg
2026-08-29 20:19:33,885 - INFO - downloader - image #46	https://wallpapercave.com/wp/wp4936971.jpg
2026-08-29 20:19:34,240 - INFO - downloader - image #47	https://www.desiblitz.com/wp-content/uploads/2022/10/Mia-Khalifa-dances-to-Body-Paint-with-alluring-Sexy-Moves-2.jpg
2026-08-29 20:19:34,527 - INFO - downloader - image #48	https://images.filmibeat.com/ph-big/2025/03/mia-khalifa-glamour-mirror-selfies-photos-fans-likes-very-much1742208285_3.jpg
2026-08-29 20:19:34,731 - INFO - downloader - image #49	https://wallpapercave.com/wp/wp5168692.jpg
2026-08-29 20:19:36,391 - INFO - downloader - image #50	https://img.tv100.com/rcman/Cw800h800q95gc/storage/files/images/2022/09/22/300557110-115443671158216-155492208-iI2X.jpg
2026-08-29 20:19:36,707 - INFO - downloader - image #51	https://images.squarespace-cdn.com/content/v1/6144d106ee0f834ae92b4f60/1687438541883-PMZ30KPXTNZHPEUJ6OZR/Mia+Khalifa+-+The+jaw-dropping+beauty+can+never+take+enough+selfies.jpg
2026-08-29 20:19:37,219 - INFO - downloader - image #52	https://64.media.tumblr.com/65023d2b6c6a20b0ad16aa9c94638a8b/bc677e4f49b47e5a-cc/s1280x1920/4410c62c3efd1722471121aeff8fc48e6dc1e0dc.jpg
2026-08-29 20:19:37,566 - INFO - downloader - image #53	https://wallpaper.dog/large/20485908.jpg
2026-08-29 20:19:38,215 - INFO - downloader - image #54	https://d.newsweek.com/en/full/2329455/mia-khalifa.jpg
2026-08-29 20:19:38,864 - INFO - downloader - image #55	https://image-cdn.hypb.st/https://hypebeast.com/wp-content/blogs.dir/6/files/2023/05/mia12.jpg
2026-08-29 20:19:39,241 - INFO - downloader - image #56	https://wallpapers.com/images/hd/mia-khalifa-pictures-b2s64gdild6q68yl.jpg
2026-08-29 20:19:39,811 - INFO - parser - parsing result page https://www.bing.com/images/async?q=mia khalifa candid photo&first=80
2026-08-29 20:19:40,274 - INFO - downloader - image #57	https://s2-monet.glbimg.com/7U_hWwSYOSkKYdWdFNRv2J3G3FY=/0x0:1080x1350/1000x0/smart/filters:strip_icc()/i.s3.glbimg.com/v1/AUTH_e7c91519bbbb4fadb4e509085746275d/internal_photos/bs/2023/J/M/9lwq82Tvm1HEpxc67BLQ/snapinsta.app-1080-328512579-209191508265998-5593091956484492691-n.jpg
2026-08-29 20:19:40,556 - INFO - downloader - image #58	https://wallpaperaccess.com/full/1097360.jpg
2026-08-29 20:19:40,926 - INFO - downloader - image #59	https://tvovermind.com/wp-content/uploads/2023/07/Mia-Khalifa-image-e1691550915972-750x560.jpg
2026-08-29 20:19:41,335 - INFO - downloader - image #60	https://wallpaper.dog/large/20485893.jpg
2026-08-29 20:19:41,347 - INFO - downloader - image #61	https://wallpapercave.com/wp/wp2158286.jpg
2026-08-29 20:19:41,794 - INFO - downloader - image #62	https://static.spotboye.com/uploads/Mia_(8)_2022-9-29-4-58-43_thumbnail.jpg
2026-08-29 20:19:43,049 - INFO - downloader - image #63	https://static.spotboye.com/uploads/Mia_(10)_2022-11-5-5-20-0_thumbnail.jpg
2026-08-29 20:19:43,244 - INFO - downloader - image #64	https://i2-prod.dailystar.co.uk/article30435474.ece/ALTERNATES/s1200e/0_Mia-Khalifa-claims-shes-cooler-than-her-fans-boyfriends-in-a-New-York-minute.jpg
2026-08-29 20:19:43,374 - INFO - downloader - image #65	https://wallpapers.com/images/hd/younger-mia-khalifa-xitlvpfsncbcunvv.jpg
2026-08-29 20:19:43,890 - INFO - downloader - image #66	https://www.gymbuddynow.com/storage/uploads/Mia-Khalifa_1670938163_1671104022.jpg
2026-08-29 20:19:44,094 - INFO - downloader - image #67	https://wallpapers.com/images/file/mia-khalifa-pictures-id7uheuosdnkgo4v.jpg
2026-08-29 20:19:44,202 - INFO - downloader - image #68	https://wallpapercave.com/wp/wp5254996.jpg
2026-08-29 20:19:44,492 - INFO - downloader - image #69	https://www.oneindia.com/ph-big/2022/08/photos_166177601200.jpg
2026-08-29 20:19:44,838 - INFO - downloader - image #70	https://wp.scoopwhoop.com/wp-content/uploads/2019/08/5d53c2b4e2a04c57823e3d36_5cea1a60-2751-4c47-b089-f0e0641311f3.jpg
2026-08-29 20:19:45,895 - INFO - parser - no more page urls for thread parser-001 to parse
2026-08-29 20:19:45,895 - INFO - parser - thread parser-001 exit
2026-08-29 20:19:50,104 - ERROR - downloader - Exception caught when downloading file https://townsquare.media/site/62/files/2020/08/Mia-Khalifa-via-Instagram.jpg, error: HTTPSConnectionPool(host='townsquare.media', port=443): Read timed out. (read timeout=5), remaining retry times: 2
2026-08-29 20:19:53,887 - INFO - downloader - image #71	https://townsquare.media/site/62/files/2020/08/Mia-Khalifa-via-Instagram.jpg
2026-08-29 20:19:54,195 - INFO - downloader - image #72	https://viapais.com.ar/resizer/-sXLWlOSo-oPOWisqh99uV9Yc84=/980x640/smart/filters:quality(75):format(webp)/cloudfront-us-east-1.images.arcpublishing.com/grupoclarin/O4SQS7X42JEXHBJ25ZK6XAGFBQ.jpg
2026-08-29 20:19:57,564 - INFO - downloader - image #73	https://www.desiblitz.com/wp-content/uploads/2022/10/Mia-Khalifa-dances-to-Body-Paint-with-alluring-Sexy-Moves-3.jpg
2026-08-29 20:19:59,196 - INFO - downloader - no more download task for thread downloader-001
2026-08-29 20:19:59,197 - INFO - downloader - thread downloader-001 exit
2026-08-29 20:20:02,567 - INFO - downloader - no more download task for thread downloader-002
2026-08-29 20:20:02,568 - INFO - downloader - thread downloader-002 exit
2026-08-29 20:20:03,343 - INFO - icrawler.crawler - Crawling task done!
2026-08-29 20:20:04,390 - INFO - icrawler.crawler - start crawling...
2026-08-29 20:20:04,391 - INFO - icrawler.crawler - starting 1 feeder threads...
2026-08-29 20:20:04,391 - INFO - feeder - thread feeder-001 exit
2026-08-29 20:20:04,391 - INFO - icrawler.crawler - starting 1 parser threads...
2026-08-29 20:20:04,392 - INFO - icrawler.crawler - starting 2 downloader threads...
2026-08-29 20:20:05,110 - INFO - parser - parsing result page https://www.bing.com/images/async?q=mia khalifa studio lighting portrait&first=0
2026-08-29 20:20:05,404 - INFO - downloader - image #1	https://imgcdn.stablediffusionweb.com/2024/4/3/b508ebcc-8019-4155-b710-59f0005a2f6b.jpg
2026-08-29 20:20:05,490 - INFO - downloader - image #2	https://imgcdn.stablediffusionweb.com/2024/9/22/4e368e44-9186-44d6-b7c4-74dea5a4ea3b.jpg
2026-08-29 20:20:05,576 - INFO - downloader - image #3	https://wallpapers.com/images/hd/mia-khalifa-wearing-red-jacket-f4ysaz0llz17qi0s.jpg
2026-08-29 20:20:05,697 - INFO - downloader - image #4	https://wallpapers.com/images/hd/mia-khalifa-blank-stare-fzucw1n4ug3af0s3.jpg
2026-08-29 20:20:06,260 - ERROR - downloader - Response status code 400, file https://media.gettyimages.com/id/1458037530/es/foto/paris-france-mia-khalifa-attends-the-kenzo-menswear-fall-winter-2023-2024-show-as-part-of.jpg
2026-08-29 20:20:06,709 - INFO - downloader - image #5	https://assets.newsweek.com/wp-content/uploads/2025/08/2329455-mia-khalifa.jpg
2026-08-29 20:20:06,794 - INFO - downloader - image #6	https://imgcdn.stablediffusionweb.com/2024/10/29/c086ef2a-3bec-46fa-b53e-c52a999d6408.jpg
2026-08-29 20:20:07,168 - INFO - downloader - image #7	https://miakalifa.live/assets/images/mia-2019-enhanced.jpg
2026-08-29 20:20:07,246 - INFO - downloader - image #8	https://wallpapers.com/images/hd/mia-khalifa-half-smile-qde2b6g452s3kqhr.jpg
2026-08-29 20:20:07,547 - ERROR - downloader - Response status code 400, file https://media.gettyimages.com/id/1500496518/es/foto/paris-france-mia-khalifa-wears-orange-squared-sunglasses-gold-necklaces-a-multicolored-print.jpg
2026-08-29 20:20:07,618 - INFO - downloader - image #9	https://wallpapers.com/images/file/mia-khalifa-pictures-k2szhi7a11helqk4.jpg
2026-08-29 20:20:07,669 - INFO - downloader - image #10	https://mrwallpaper.com/images/hd/mia-khalifa-digital-drawing-xq319bqgkw0o07y1.jpg
2026-08-29 20:20:07,848 - INFO - downloader - image #11	https://imgcdn.stablediffusionweb.com/2024/3/18/a5b719f4-91d2-4099-94ce-c28a4c8a07b1.jpg
2026-08-29 20:20:08,356 - INFO - downloader - image #12	https://static1.purepeople.com/articles/4/52/03/04/@/7644005-mia-khalifa-au-photocall-du-defile-acne-1200x0-2.jpg
2026-08-29 20:20:08,359 - INFO - downloader - image #13	https://vulplex.com/images/featured/Sleek-Digital-Art-Wallpaper-of-Mia-Khalifa-in-Black-Glasses-and-Blue-Shirt-69e89c913c6ee.jpg
2026-08-29 20:20:08,655 - INFO - downloader - image #14	https://imgcdn.stablediffusionweb.com/2024/9/10/02dc64c2-ea0e-44a6-b776-2da0dc51cda8.jpg
2026-08-29 20:20:08,767 - INFO - downloader - image #15	https://cdns.klimg.com/resized/646x323/p/headline/ngaku-sudah-tobat-dari-dunia-film-panas-a315c6.jpg
2026-08-29 20:20:09,633 - INFO - downloader - image #16	https://miakalifa.live/assets/images/mia-2016-a.jpg
2026-08-29 20:20:10,070 - INFO - parser - parsing result page https://www.bing.com/images/async?q=mia khalifa studio lighting portrait&first=20
2026-08-29 20:20:10,075 - INFO - downloader - image #17	https://miakalifa.live/assets/images/mia-2019-b.jpg
2026-08-29 20:20:10,628 - INFO - downloader - image #18	https://wallpapercave.com/wp/wp5168692.jpg
2026-08-29 20:20:10,646 - INFO - downloader - image #19	https://miakalifa.live/assets/images/mia-2016-b.jpg
2026-08-29 20:20:10,714 - INFO - downloader - image #20	https://wallpapers.com/images/file/mia-khalifa-pictures-id7uheuosdnkgo4v.jpg
2026-08-29 20:20:11,062 - INFO - downloader - image #21	https://www.masala.com/cloud/2024/05/02/ojhS4F3M-MK-2-1200x900.jpg
2026-08-29 20:20:11,426 - ERROR - downloader - Response status code 400, file https://media.gettyimages.com/id/1500496519/es/foto/paris-france-mia-khalifa-wears-orange-squared-sunglasses-gold-necklaces-a-multicolored-print.jpg
2026-08-29 20:20:11,772 - ERROR - downloader - Response status code 403, file https://celebmafia.com/wp-content/uploads/2023/06/mia-khalifa-the-egonlab-menswear-spring-summer-2024-show-in-paris-06-21-2023-0.jpg
2026-08-29 20:20:12,138 - INFO - downloader - image #22	https://imgcdn.stablediffusionweb.com/2024/11/2/0870fc37-a73f-48e2-bbe2-a97a1a621f62.jpg
2026-08-29 20:20:12,512 - INFO - downloader - image #23	https://i.mdel.net/i/db/2024/1/2127689/2127689-800w.jpg
2026-08-29 20:20:13,147 - INFO - downloader - image #24	https://sportsport.ba/assets/pictures/article/873/1715951350-upisao-debi-iz-snova-ali-ga-je-mia-khalifa-zauvijek-dotukla-piko-jedna-vise-se-valjas-nego-ja.jpg
2026-08-29 20:20:13,252 - ERROR - downloader - Response status code 403, file https://celebmafia.com/wp-content/uploads/2023/06/mia-khalifa-the-egonlab-menswear-spring-summer-2024-show-in-paris-06-21-2023-3.jpg
2026-08-29 20:20:13,521 - INFO - downloader - image #25	https://dwgyu36up6iuz.cloudfront.net/heru80fdn/image/upload/c_fill,d_placeholder_vogueindia.png,fl_progressive,g_face,h_1080,q_80,w_1920/v1741274007/vogueindia_mia-khalifa-gets-ready-for-the-chanel-show-at-milan-fashion-week-last-looks-vogue-india.jpg
2026-08-29 20:20:13,878 - INFO - downloader - image #26	https://d.newsweek.com/en/full/2329455/mia-khalifa.jpg
2026-08-29 20:20:13,939 - INFO - downloader - image #27	https://assets.vogue.in/photos/658aefe768afa25d49ca1c61/16:9/w_1280,c_limit/Mia Khalifa homepage.jpg
2026-08-29 20:20:14,069 - INFO - downloader - image #28	https://imgcdn.stablediffusionweb.com/2024/9/26/706cd0c8-4ad7-4943-a6de-581abdba9ff3.jpg
2026-08-29 20:20:14,333 - INFO - downloader - image #29	https://imgcdn.stablediffusionweb.com/2025/4/21/8f91c87f-8ca9-405d-ba45-5917772e80d7.jpg
2026-08-29 20:20:14,686 - INFO - parser - parsing result page https://www.bing.com/images/async?q=mia khalifa studio lighting portrait&first=40
2026-08-29 20:20:14,746 - INFO - downloader - image #30	https://img.etimg.com/thumb/msid-116559761,width-300,height-225,imgsize-842001,resizemode-75/instagram-artist-goes-viral-for-creating-mia-khalifa-portrait-using-toilet-commode-and-cleaner.jpg
2026-08-29 20:20:15,160 - INFO - downloader - image #31	https://upload.wikimedia.org/wikipedia/commons/7/7e/Mia_Khalifa_in_2016_(cropped).jpg
2026-08-29 20:20:15,462 - INFO - downloader - image #32	https://images.fineartamerica.com/images/artworkimages/mediumlarge/3/mia-khalifa-paint-david-walker.jpg
2026-08-29 20:20:15,505 - INFO - downloader - image #33	https://wallpapers.com/images/hd/mia-khalifa-pictures-4phzdxvmtpkx8n2l.jpg
2026-08-29 20:20:15,815 - ERROR - downloader - Response status code 403, file https://celebmafia.com/wp-content/uploads/2024/03/mia-khalifa-at-schiaparelli-show-during-paris-fashion-week-02-29-2024-5.jpg
2026-08-29 20:20:17,026 - INFO - downloader - image #34	https://www.panthalassanews.com/assets/images/biography/mia-khalifa.jpg
2026-08-29 20:20:17,137 - INFO - downloader - image #35	https://wallpapers.com/images/hd/mia-khalifa-fierce-in-red-b32lrzr0rtbvx9dt.jpg
2026-08-29 20:20:18,807 - INFO - downloader - image #36	https://images.newsfilecorp.com/files/2017/163645_108df10c449d8a68_001full.jpg
2026-08-29 20:20:18,872 - INFO - downloader - image #37	https://wallpapers.com/images/hd/mia-khalifa-wearing-a-suit-7eqmr734xd960yam.jpg
2026-08-29 20:20:21,447 - INFO - parser - parsing result page https://www.bing.com/images/async?q=mia khalifa studio lighting portrait&first=60
2026-08-29 20:20:22,575 - INFO - downloader - image #38	https://www.agenciapi.co/sites/default/files/2023-10/MIA KHALIFA 1.jpg
2026-08-29 20:20:22,840 - INFO - downloader - image #39	https://imgcdn.stablediffusionweb.com/2025/7/3/c000a4f5-de95-4892-b08d-4c1fc63bb0ec.jpg
2026-08-29 20:20:23,457 - ERROR - downloader - Response status code 401, file https://images-wixmp-ed30a86b8c4ca887773594c2.wixmp.com/f/8fea4be8-c952-4e3b-8e62-327127ec706d/dc3p0vy-b2302ccb-07e7-44b1-b158-ef225624ee62.png/v1/fill/w_837,h_946,q_80,strp/mia_khalifa_digital_portrait_by_lim0na_dc3p0vy-fullview.jpg
2026-08-29 20:20:24,039 - INFO - downloader - image #40	https://media.assettype.com/freepressjournal/2024-12-21/rybb1na8/Swarna-2024-12-21T122252.966.jpg
2026-08-29 20:20:24,630 - INFO - downloader - image #41	https://i.pinimg.com/1200x/0c/12/d8/0c12d85a8b02f5ae70fd0d9c13c81e01.jpg
2026-08-29 20:20:24,754 - INFO - downloader - image #42	https://wallpapers.com/images/hd/mia-khalifa-pictures-cus96rliebyyqrnz.jpg
2026-08-29 20:20:24,992 - INFO - downloader - image #43	https://wallpapercave.com/wp/wp2158286.jpg
2026-08-29 20:20:25,454 - INFO - downloader - image #44	https://i.pinimg.com/736x/22/05/43/220543a364d26b376a02895e31756663.jpg
2026-08-29 20:20:25,834 - INFO - downloader - image #45	https://www.viapais.com.ar/resizer/v2/2KU3TWUVGFGTZFIVYM2XTYPLFU.jpg
2026-08-29 20:20:26,176 - INFO - parser - parsing result page https://www.bing.com/images/async?q=mia khalifa studio lighting portrait&first=80
2026-08-29 20:20:26,355 - INFO - downloader - image #46	https://hollywood.dk/wp-content/uploads/2023/07/Mia-Khalifa-G.jpg
2026-08-29 20:20:27,918 - INFO - downloader - image #47	https://www.hawtcelebs.com/wp-content/uploads/2026/02/mia-khalifa-at-inside-adidas-x-entire-studios-launch-party-in-los-angeles-01-30-2026-4.jpg
2026-08-29 20:20:28,614 - INFO - downloader - image #48	https://wallpapercave.com/wp/wp4937017.jpg
2026-08-29 20:20:28,929 - ERROR - downloader - Response status code 404, file https://culted.com/wp-content/uploads/2023/01/HEADER-7-1024x682.jpg
2026-08-29 20:20:29,054 - INFO - downloader - image #49	https://viapais.com.ar/resizer/-sXLWlOSo-oPOWisqh99uV9Yc84=/980x640/smart/filters:quality(75):format(webp)/cloudfront-us-east-1.images.arcpublishing.com/grupoclarin/O4SQS7X42JEXHBJ25ZK6XAGFBQ.jpg
2026-08-29 20:20:29,136 - INFO - downloader - image #50	https://wallpapers.com/images/hd/mia-khalifa-eyeglass-selfie-d7pfaqrvfcv8fz3s.jpg
2026-08-29 20:20:29,232 - ERROR - downloader - Response status code 401, file https://images-wixmp-ed30a86b8c4ca887773594c2.wixmp.com/f/fd359ca0-b7b5-456e-9130-fab73f5c256e/dam6o0g-3c389c47-e948-4af4-b708-8427568734e6.jpg
2026-08-29 20:20:29,634 - INFO - downloader - image #51	https://assets.vogue.in/photos/658aefe768afa25d49ca1c61/2:3/w_2560%2Cc_limit/Mia%2520Khalifa%2520homepage.jpg
2026-08-29 20:20:30,057 - ERROR - downloader - Response status code 404, file https://www.agenciapi.co/sites/default/files/styles/imagen_principal_contenidos_2021/public/2023-10/MIA KHALIFA 1.jpg
2026-08-29 20:20:30,683 - INFO - downloader - image #52	https://dancewearfashion.com/cdn/shop/articles/a70365d042bca0d03e9f3da8898f8d6d.jpg
2026-08-29 20:20:32,316 - INFO - downloader - image #53	https://www.vanityteen.com/wp-content/uploads/2023/07/Mia-Khalifa-Dives-into-the-Fashion-World-with-Personal-Accessory-Brand-Sheytan-3-682x1024.jpg
2026-08-29 20:20:32,353 - INFO - downloader - image #54	https://www.ijyoyo.com/images/blog-post/studio-lighting-setups-for-portrait-photography/studio-ideas-.jpg
2026-08-29 20:20:32,689 - INFO - parser - no more page urls for thread parser-001 to parse
2026-08-29 20:20:32,690 - INFO - parser - thread parser-001 exit
2026-08-29 20:20:32,947 - INFO - downloader - image #55	https://i.pinimg.com/1200x/ce/79/57/ce79575f6ae9c05bef54d91f0fc1f362.jpg
2026-08-29 20:20:33,397 - INFO - downloader - image #56	https://www.shutterstock.com/shutterstock/photos/2224974665/display_1500/stock-photo-mia-khalifa-portrait-illustration-2224974665.jpg
2026-08-29 20:20:33,846 - INFO - downloader - image #57	https://cdna.artstation.com/p/assets/images/images/049/673/176/large/ricky-caneso-jr-miakhalifa.jpg
2026-08-29 20:20:34,249 - INFO - downloader - image #58	https://d.newsweek.com/en/full/2296063/mia-khalifa.jpg
2026-08-29 20:20:34,848 - ERROR - downloader - Response status code 403, file https://celebmafia.com/wp-content/uploads/2025/06/mia-khalifa-debuts-edgy-front-row-look-in-paris-3_thumbnail.jpg
2026-08-29 20:20:39,253 - INFO - downloader - no more download task for thread downloader-002
2026-08-29 20:20:39,254 - INFO - downloader - thread downloader-002 exit
2026-08-29 20:20:39,855 - INFO - downloader - no more download task for thread downloader-001
2026-08-29 20:20:39,855 - INFO - downloader - thread downloader-001 exit
2026-08-29 20:20:40,536 - INFO - icrawler.crawler - Crawling task done!
URL queue 1127  bing files 823
/Users/aoxo/Library/Python/3.9/lib/python/site-packages/insightface/utils/transform.py:68: FutureWarning: `rcond` parameter will change to the default of machine precision times ``max(M, N)`` where M and N are the input matrix dimensions.
To use the future default and silence this warning we advise to pass `rcond=None`, to keep using the old, explicitly pass `rcond=-1`.
  P = np.linalg.lstsq(X_homo, Y)[0].T # Affine matrix. 3 x 4
  KEPT mia_00001.jpg  sim=+0.636  ddg:mia khalifa portrait photoshoot
  KEPT mia_00002.jpg  sim=+0.774  ddg:mia khalifa portrait photoshoot
  KEPT mia_00003.jpg  sim=+0.757  ddg:mia khalifa portrait photoshoot
  KEPT mia_00004.jpg  sim=+0.783  ddg:mia khalifa portrait photoshoot
  KEPT mia_00005.jpg  sim=+0.757  ddg:mia khalifa portrait photoshoot
  KEPT mia_00006.jpg  sim=+0.736  ddg:mia khalifa portrait photoshoot
  KEPT mia_00007.jpg  sim=+0.713  ddg:mia khalifa portrait photoshoot
  KEPT mia_00008.jpg  sim=+0.751  ddg:mia khalifa portrait photoshoot
  KEPT mia_00009.jpg  sim=+0.631  ddg:mia khalifa portrait photoshoot
  KEPT mia_00010.jpg  sim=+0.553  ddg:mia khalifa portrait photoshoot
  KEPT mia_00011.jpg  sim=+0.647  ddg:mia khalifa portrait photoshoot
  KEPT mia_00012.jpg  sim=+0.771  ddg:mia khalifa portrait photoshoot
  KEPT mia_00013.jpg  sim=+0.703  ddg:mia khalifa portrait photoshoot
  KEPT mia_00014.jpg  sim=+0.720  ddg:mia khalifa portrait photoshoot
  KEPT mia_00015.jpg  sim=+0.736  ddg:mia khalifa portrait photoshoot
  KEPT mia_00016.jpg  sim=+0.782  ddg:mia khalifa portrait photoshoot
  KEPT mia_00017.jpg  sim=+0.549  ddg:mia khalifa portrait photoshoot
  KEPT mia_00018.jpg  sim=+0.681  ddg:mia khalifa portrait photoshoot
  KEPT mia_00019.jpg  sim=+0.411  ddg:mia khalifa portrait photoshoot
  KEPT mia_00020.jpg  sim=+0.756  ddg:mia khalifa portrait photoshoot
  KEPT mia_00021.jpg  sim=+0.736  ddg:mia khalifa portrait photoshoot
  KEPT mia_00022.jpg  sim=+0.730  ddg:mia khalifa portrait photoshoot
  KEPT mia_00023.jpg  sim=+0.419  ddg:mia khalifa portrait photoshoot
  KEPT mia_00024.jpg  sim=+0.643  ddg:mia khalifa portrait photoshoot
  KEPT mia_00025.jpg  sim=+0.732  ddg:mia khalifa portrait photoshoot
  KEPT mia_00026.jpg  sim=+0.625  ddg:mia khalifa portrait photoshoot
  KEPT mia_00027.jpg  sim=+0.750  ddg:mia khalifa portrait photoshoot
  KEPT mia_00028.jpg  sim=+0.612  ddg:mia khalifa portrait photoshoot
  KEPT mia_00029.jpg  sim=+0.763  ddg:mia khalifa portrait photoshoot
  KEPT mia_00030.jpg  sim=+0.715  ddg:mia khalifa portrait photoshoot
  KEPT mia_00031.jpg  sim=+0.707  ddg:mia khalifa portrait photoshoot
  KEPT mia_00032.jpg  sim=+0.746  ddg:mia khalifa portrait photoshoot
  KEPT mia_00033.jpg  sim=+0.808  ddg:mia khalifa portrait photoshoot
  KEPT mia_00034.jpg  sim=+0.388  ddg:mia khalifa portrait photoshoot
  KEPT mia_00035.jpg  sim=+0.602  ddg:mia khalifa portrait photoshoot
  KEPT mia_00036.jpg  sim=+0.686  ddg:mia khalifa portrait photoshoot
  KEPT mia_00037.jpg  sim=+0.694  ddg:mia khalifa portrait photoshoot
  KEPT mia_00038.jpg  sim=+0.797  ddg:mia khalifa portrait photoshoot
  KEPT mia_00039.jpg  sim=+0.394  ddg:mia khalifa portrait photoshoot
  KEPT mia_00040.jpg  sim=+0.424  ddg:mia khalifa portrait photoshoot
  KEPT mia_00041.jpg  sim=+0.755  ddg:mia khalifa portrait photoshoot
  KEPT mia_00042.jpg  sim=+0.694  ddg:mia khalifa portrait photoshoot
  KEPT mia_00043.jpg  sim=+0.505  ddg:mia khalifa portrait photoshoot
  KEPT mia_00044.jpg  sim=+0.800  ddg:mia khalifa portrait photoshoot
  KEPT mia_00045.jpg  sim=+0.791  ddg:mia khalifa portrait photoshoot
  KEPT mia_00046.jpg  sim=+0.507  ddg:mia khalifa portrait photoshoot
  KEPT mia_00047.jpg  sim=+0.653  ddg:mia khalifa portrait photoshoot
  KEPT mia_00048.jpg  sim=+0.598  ddg:mia khalifa portrait photoshoot
  KEPT mia_00049.jpg  sim=+0.668  ddg:mia khalifa portrait photoshoot
  KEPT mia_00050.jpg  sim=+0.658  ddg:mia khalifa portrait photoshoot
  KEPT mia_00051.jpg  sim=+0.439  ddg:mia khalifa portrait photoshoot
  KEPT mia_00052.jpg  sim=+0.832  ddg:mia khalifa portrait photoshoot
  KEPT mia_00053.jpg  sim=+0.733  ddg:mia khalifa portrait photoshoot
  KEPT mia_00054.jpg  sim=+0.787  ddg:mia khalifa portrait photoshoot
  KEPT mia_00055.jpg  sim=+0.791  ddg:mia khalifa portrait photoshoot
  KEPT mia_00056.jpg  sim=+0.427  ddg:mia khalifa portrait photoshoot
  KEPT mia_00057.jpg  sim=+0.674  ddg:mia khalifa portrait photoshoot
  KEPT mia_00058.jpg  sim=+0.462  ddg:mia khalifa portrait photoshoot
  KEPT mia_00059.jpg  sim=+0.684  ddg:mia khalifa portrait photoshoot
  KEPT mia_00060.jpg  sim=+0.450  ddg:mia khalifa portrait photoshoot
  KEPT mia_00061.jpg  sim=+0.643  ddg:mia khalifa portrait photoshoot
set det-size: (1024, 1024)
set det-size: (640, 640)
  KEPT mia_00062.jpg  sim=+0.417  ddg:mia khalifa portrait photoshoot
  KEPT mia_00063.jpg  sim=+0.661  ddg:mia khalifa portrait photoshoot
  KEPT mia_00064.jpg  sim=+0.772  ddg:mia khalifa portrait photoshoot
  KEPT mia_00065.jpg  sim=+0.686  ddg:mia khalifa portrait photoshoot
  KEPT mia_00066.jpg  sim=+0.779  ddg:mia khalifa portrait photoshoot
  KEPT mia_00067.jpg  sim=+0.729  ddg:mia khalifa portrait photoshoot
  KEPT mia_00068.jpg  sim=+0.748  ddg:mia khalifa portrait photoshoot
  KEPT mia_00069.jpg  sim=+0.584  ddg:mia khalifa portrait photoshoot
  KEPT mia_00070.jpg  sim=+0.709  ddg:mia khalifa portrait photoshoot
  KEPT mia_00071.jpg  sim=+0.817  ddg:mia khalifa interview face
  KEPT mia_00072.jpg  sim=+0.825  ddg:mia khalifa interview face
  KEPT mia_00073.jpg  sim=+0.781  ddg:mia khalifa interview face
  KEPT mia_00074.jpg  sim=+0.842  ddg:mia khalifa interview face
  KEPT mia_00075.jpg  sim=+0.738  ddg:mia khalifa interview face
  KEPT mia_00076.jpg  sim=+0.760  ddg:mia khalifa interview face
  KEPT mia_00077.jpg  sim=+0.738  ddg:mia khalifa interview face
  KEPT mia_00078.jpg  sim=+0.761  ddg:mia khalifa interview face
  KEPT mia_00079.jpg  sim=+0.768  ddg:mia khalifa interview face
  KEPT mia_00080.jpg  sim=+0.768  ddg:mia khalifa interview face
  KEPT mia_00081.jpg  sim=+0.820  ddg:mia khalifa interview face
  KEPT mia_00082.jpg  sim=+0.800  ddg:mia khalifa interview face
  KEPT mia_00083.jpg  sim=+0.675  ddg:mia khalifa interview face
  KEPT mia_00084.jpg  sim=+0.792  ddg:mia khalifa interview face
  KEPT mia_00085.jpg  sim=+0.652  ddg:mia khalifa interview face
  KEPT mia_00086.jpg  sim=+0.480  ddg:mia khalifa interview face
  KEPT mia_00087.jpg  sim=+0.830  ddg:mia khalifa interview face
  KEPT mia_00088.jpg  sim=+0.801  ddg:mia khalifa interview face
set det-size: (1024, 1024)
set det-size: (640, 640)
  KEPT mia_00089.jpg  sim=+0.677  ddg:mia khalifa interview face
  KEPT mia_00090.jpg  sim=+0.743  ddg:mia khalifa interview face
  KEPT mia_00091.jpg  sim=+0.577  ddg:mia khalifa interview face
  KEPT mia_00092.jpg  sim=+0.705  ddg:mia khalifa interview face
  KEPT mia_00093.jpg  sim=+0.673  ddg:mia khalifa interview face
  KEPT mia_00094.jpg  sim=+0.534  ddg:mia khalifa interview face
  KEPT mia_00095.jpg  sim=+0.709  ddg:mia khalifa interview face
  KEPT mia_00096.jpg  sim=+0.748  ddg:mia khalifa interview face
  KEPT mia_00097.jpg  sim=+0.774  ddg:mia khalifa interview face
  KEPT mia_00098.jpg  sim=+0.739  ddg:mia khalifa interview face
  KEPT mia_00099.jpg  sim=+0.829  ddg:mia khalifa interview face
  KEPT mia_00100.jpg  sim=+0.691  ddg:mia khalifa interview face
  KEPT mia_00101.jpg  sim=+0.769  ddg:mia khalifa interview face
  KEPT mia_00102.jpg  sim=+0.744  ddg:mia khalifa interview face
  KEPT mia_00103.jpg  sim=+0.543  ddg:mia khalifa interview face
  KEPT mia_00104.jpg  sim=+0.742  ddg:mia khalifa interview face
  KEPT mia_00105.jpg  sim=+0.726  ddg:mia khalifa interview face
  KEPT mia_00106.jpg  sim=+0.710  ddg:mia khalifa interview face
  KEPT mia_00107.jpg  sim=+0.466  ddg:mia khalifa interview face
  KEPT mia_00108.jpg  sim=+0.732  ddg:mia khalifa interview face
  KEPT mia_00109.jpg  sim=+0.730  ddg:mia khalifa interview face
  KEPT mia_00110.jpg  sim=+0.576  ddg:mia khalifa interview face
  KEPT mia_00111.jpg  sim=+0.641  ddg:mia khalifa interview face
  KEPT mia_00112.jpg  sim=+0.795  ddg:mia khalifa interview face
  KEPT mia_00113.jpg  sim=+0.493  ddg:mia khalifa interview face
  KEPT mia_00114.jpg  sim=+0.512  ddg:mia khalifa interview face
  KEPT mia_00115.jpg  sim=+0.611  ddg:mia khalifa interview face
  KEPT mia_00116.jpg  sim=+0.752  ddg:mia khalifa interview face
  KEPT mia_00117.jpg  sim=+0.699  ddg:mia khalifa interview face
  KEPT mia_00118.jpg  sim=+0.712  ddg:mia khalifa interview face
  KEPT mia_00119.jpg  sim=+0.810  ddg:mia khalifa interview face
  KEPT mia_00120.jpg  sim=+0.667  ddg:mia khalifa interview face
  KEPT mia_00121.jpg  sim=+0.815  ddg:mia khalifa interview face
  KEPT mia_00122.jpg  sim=+0.826  ddg:mia khalifa interview face
  KEPT mia_00123.jpg  sim=+0.410  ddg:mia khalifa interview face
  KEPT mia_00124.jpg  sim=+0.764  ddg:mia khalifa interview face
  KEPT mia_00125.jpg  sim=+0.837  ddg:mia khalifa interview face
  KEPT mia_00126.jpg  sim=+0.630  ddg:mia khalifa interview face
  KEPT mia_00127.jpg  sim=+0.726  ddg:mia khalifa interview face
  KEPT mia_00128.jpg  sim=+0.819  ddg:mia khalifa interview face
  KEPT mia_00129.jpg  sim=+0.702  ddg:mia khalifa interview face
  KEPT mia_00130.jpg  sim=+0.768  ddg:mia khalifa red carpet
  KEPT mia_00131.jpg  sim=+0.737  ddg:mia khalifa red carpet
  KEPT mia_00132.jpg  sim=+0.719  ddg:mia khalifa red carpet
  KEPT mia_00133.jpg  sim=+0.756  ddg:mia khalifa red carpet
  KEPT mia_00134.jpg  sim=+0.744  ddg:mia khalifa red carpet
  KEPT mia_00135.jpg  sim=+0.789  ddg:mia khalifa red carpet
  KEPT mia_00136.jpg  sim=+0.654  ddg:mia khalifa red carpet
  KEPT mia_00137.jpg  sim=+0.741  ddg:mia khalifa red carpet
  KEPT mia_00138.jpg  sim=+0.767  ddg:mia khalifa red carpet
  KEPT mia_00139.jpg  sim=+0.739  ddg:mia khalifa red carpet
  KEPT mia_00140.jpg  sim=+0.783  ddg:mia khalifa red carpet
  KEPT mia_00141.jpg  sim=+0.573  ddg:mia khalifa red carpet
  KEPT mia_00142.jpg  sim=+0.576  ddg:mia khalifa red carpet
  KEPT mia_00143.jpg  sim=+0.640  ddg:mia khalifa red carpet
  KEPT mia_00144.jpg  sim=+0.717  ddg:mia khalifa red carpet
  KEPT mia_00145.jpg  sim=+0.662  ddg:mia khalifa red carpet
  KEPT mia_00146.jpg  sim=+0.569  ddg:mia khalifa red carpet
  KEPT mia_00147.jpg  sim=+0.732  ddg:mia khalifa red carpet
  KEPT mia_00148.jpg  sim=+0.507  ddg:mia khalifa red carpet
  KEPT mia_00149.jpg  sim=+0.709  ddg:mia khalifa red carpet
  KEPT mia_00150.jpg  sim=+0.664  ddg:mia khalifa red carpet
  KEPT mia_00151.jpg  sim=+0.734  ddg:mia khalifa red carpet
  KEPT mia_00152.jpg  sim=+0.618  ddg:mia khalifa red carpet
  KEPT mia_00153.jpg  sim=+0.435  ddg:mia khalifa red carpet
  KEPT mia_00154.jpg  sim=+0.657  ddg:mia khalifa red carpet
  KEPT mia_00155.jpg  sim=+0.744  ddg:mia khalifa red carpet
  KEPT mia_00156.jpg  sim=+0.687  ddg:mia khalifa red carpet
  KEPT mia_00157.jpg  sim=+0.421  ddg:mia khalifa red carpet
  KEPT mia_00158.jpg  sim=+0.672  ddg:mia khalifa red carpet
set det-size: (1024, 1024)
set det-size: (640, 640)
  KEPT mia_00159.jpg  sim=+0.736  ddg:mia khalifa red carpet
  KEPT mia_00160.jpg  sim=+0.701  ddg:mia khalifa red carpet
  KEPT mia_00161.jpg  sim=+0.743  ddg:mia khalifa red carpet
  KEPT mia_00162.jpg  sim=+0.598  ddg:mia khalifa red carpet
  KEPT mia_00163.jpg  sim=+0.654  ddg:mia khalifa red carpet
  KEPT mia_00164.jpg  sim=+0.796  ddg:mia khalifa red carpet
  KEPT mia_00165.jpg  sim=+0.689  ddg:mia khalifa red carpet
  KEPT mia_00166.jpg  sim=+0.628  ddg:mia khalifa red carpet
  KEPT mia_00167.jpg  sim=+0.513  ddg:mia khalifa red carpet
  KEPT mia_00168.jpg  sim=+0.685  ddg:mia khalifa red carpet
  KEPT mia_00169.jpg  sim=+0.728  ddg:mia khalifa red carpet
  KEPT mia_00170.jpg  sim=+0.750  ddg:mia khalifa red carpet
  KEPT mia_00171.jpg  sim=+0.750  ddg:mia khalifa red carpet
  KEPT mia_00172.jpg  sim=+0.602  ddg:mia khalifa red carpet
  KEPT mia_00173.jpg  sim=+0.688  ddg:mia khalifa red carpet
  KEPT mia_00174.jpg  sim=+0.589  ddg:mia khalifa red carpet
  KEPT mia_00175.jpg  sim=+0.746  ddg:mia khalifa red carpet
  KEPT mia_00176.jpg  sim=+0.736  ddg:mia khalifa red carpet
  KEPT mia_00177.jpg  sim=+0.704  ddg:mia khalifa red carpet
  KEPT mia_00178.jpg  sim=+0.614  ddg:mia khalifa instagram selfie
  KEPT mia_00179.jpg  sim=+0.700  ddg:mia khalifa instagram selfie
  KEPT mia_00180.jpg  sim=+0.715  ddg:mia khalifa instagram selfie
  KEPT mia_00181.jpg  sim=+0.543  ddg:mia khalifa instagram selfie
  KEPT mia_00182.jpg  sim=+0.746  ddg:mia khalifa instagram selfie
  KEPT mia_00183.jpg  sim=+0.732  ddg:mia khalifa instagram selfie
  KEPT mia_00184.jpg  sim=+0.655  ddg:mia khalifa instagram selfie
  KEPT mia_00185.jpg  sim=+0.632  ddg:mia khalifa instagram selfie
  KEPT mia_00186.jpg  sim=+0.742  ddg:mia khalifa instagram selfie
  KEPT mia_00187.jpg  sim=+0.557  ddg:mia khalifa instagram selfie
  KEPT mia_00188.jpg  sim=+0.733  ddg:mia khalifa instagram selfie
  KEPT mia_00189.jpg  sim=+0.661  ddg:mia khalifa instagram selfie
  KEPT mia_00190.jpg  sim=+0.482  ddg:mia khalifa instagram selfie
  KEPT mia_00191.jpg  sim=+0.681  ddg:mia khalifa instagram selfie
  KEPT mia_00192.jpg  sim=+0.605  ddg:mia khalifa instagram selfie
  KEPT mia_00193.jpg  sim=+0.479  ddg:mia khalifa instagram selfie
  KEPT mia_00194.jpg  sim=+0.648  ddg:mia khalifa instagram selfie
  KEPT mia_00195.jpg  sim=+0.735  ddg:mia khalifa instagram selfie
set det-size: (1024, 1024)
set det-size: (640, 640)
  KEPT mia_00196.jpg  sim=+0.463  ddg:mia khalifa instagram selfie
set det-size: (1024, 1024)
set det-size: (640, 640)
  KEPT mia_00197.jpg  sim=+0.627  ddg:mia khalifa instagram selfie
set det-size: (1024, 1024)
set det-size: (640, 640)
  KEPT mia_00198.jpg  sim=+0.717  ddg:mia khalifa instagram selfie
  KEPT mia_00199.jpg  sim=+0.807  ddg:mia khalifa instagram selfie
  KEPT mia_00200.jpg  sim=+0.651  ddg:mia khalifa instagram selfie
  KEPT mia_00201.jpg  sim=+0.669  ddg:mia khalifa instagram selfie
  KEPT mia_00202.jpg  sim=+0.554  ddg:mia khalifa instagram selfie
  KEPT mia_00203.jpg  sim=+0.711  ddg:mia khalifa instagram selfie
  KEPT mia_00204.jpg  sim=+0.504  ddg:mia khalifa instagram selfie
  KEPT mia_00205.jpg  sim=+0.400  ddg:mia khalifa instagram selfie
  KEPT mia_00206.jpg  sim=+0.745  ddg:mia khalifa instagram selfie
  KEPT mia_00207.jpg  sim=+0.752  ddg:mia khalifa instagram selfie
  KEPT mia_00208.jpg  sim=+0.729  ddg:mia khalifa instagram selfie
  KEPT mia_00209.jpg  sim=+0.787  ddg:mia khalifa instagram selfie
  KEPT mia_00210.jpg  sim=+0.694  ddg:mia khalifa instagram selfie
  KEPT mia_00211.jpg  sim=+0.733  ddg:mia khalifa instagram selfie
  KEPT mia_00212.jpg  sim=+0.570  ddg:mia khalifa instagram selfie
  KEPT mia_00213.jpg  sim=+0.578  ddg:mia khalifa instagram selfie
  KEPT mia_00214.jpg  sim=+0.591  ddg:mia khalifa instagram selfie
  KEPT mia_00215.jpg  sim=+0.652  ddg:mia khalifa instagram selfie
  KEPT mia_00216.jpg  sim=+0.612  ddg:mia khalifa instagram selfie
set det-size: (1024, 1024)
set det-size: (640, 640)
  KEPT mia_00217.jpg  sim=+0.664  ddg:mia khalifa instagram selfie
  KEPT mia_00218.jpg  sim=+0.779  ddg:mia khalifa instagram selfie
  KEPT mia_00219.jpg  sim=+0.710  ddg:mia khalifa instagram selfie
  KEPT mia_00220.jpg  sim=+0.693  ddg:mia khalifa instagram selfie
  KEPT mia_00221.jpg  sim=+0.734  ddg:mia khalifa instagram selfie
  KEPT mia_00222.jpg  sim=+0.456  ddg:mia khalifa instagram selfie
  KEPT mia_00223.jpg  sim=+0.668  ddg:mia khalifa instagram selfie
  KEPT mia_00224.jpg  sim=+0.714  ddg:mia khalifa instagram selfie
  KEPT mia_00225.jpg  sim=+0.757  ddg:mia khalifa instagram selfie
  KEPT mia_00226.jpg  sim=+0.741  ddg:mia khalifa instagram selfie
set det-size: (1024, 1024)
set det-size: (640, 640)
  KEPT mia_00227.jpg  sim=+0.752  ddg:mia khalifa instagram selfie
  KEPT mia_00228.jpg  sim=+0.549  ddg:mia khalifa instagram selfie
  KEPT mia_00229.jpg  sim=+0.579  ddg:mia khalifa instagram selfie
  KEPT mia_00230.jpg  sim=+0.602  ddg:mia khalifa instagram selfie
  KEPT mia_00231.jpg  sim=+0.666  ddg:mia khalifa instagram selfie
  KEPT mia_00232.jpg  sim=+0.673  ddg:mia khalifa instagram selfie
  KEPT mia_00233.jpg  sim=+0.622  ddg:mia khalifa instagram selfie
  KEPT mia_00234.jpg  sim=+0.684  ddg:mia khalifa instagram selfie
  KEPT mia_00235.jpg  sim=+0.563  ddg:mia khalifa instagram selfie
  KEPT mia_00236.jpg  sim=+0.694  ddg:mia khalifa instagram selfie
  KEPT mia_00237.jpg  sim=+0.738  ddg:mia khalifa instagram selfie
  KEPT mia_00238.jpg  sim=+0.629  ddg:mia khalifa instagram selfie
  KEPT mia_00239.jpg  sim=+0.712  ddg:mia khalifa instagram selfie
  KEPT mia_00240.jpg  sim=+0.796  ddg:mia khalifa instagram selfie
  KEPT mia_00241.jpg  sim=+0.676  ddg:mia khalifa podcast screenshot
  KEPT mia_00242.jpg  sim=+0.735  ddg:mia khalifa podcast screenshot
  KEPT mia_00243.jpg  sim=+0.756  ddg:mia khalifa podcast screenshot
  KEPT mia_00244.jpg  sim=+0.763  ddg:mia khalifa podcast screenshot
  KEPT mia_00245.jpg  sim=+0.709  ddg:mia khalifa podcast screenshot
  KEPT mia_00246.jpg  sim=+0.710  ddg:mia khalifa podcast screenshot
  KEPT mia_00247.jpg  sim=+0.765  ddg:mia khalifa podcast screenshot
  KEPT mia_00248.jpg  sim=+0.731  ddg:mia khalifa podcast screenshot
  KEPT mia_00249.jpg  sim=+0.688  ddg:mia khalifa podcast screenshot
  KEPT mia_00250.jpg  sim=+0.739  ddg:mia khalifa podcast screenshot

Run done: +250 kept this run  harvest_total=250  manifest -> /Users/aoxo/vscode/e85/target/harvest/mia/manifest.json
Rebuilt /Users/aoxo/vscode/e85/target/mia.zip  451 unique crops (deduped vs existing zip)
